m,mbs,tp,pp,dp,dp method,overlap_comm,node placement,partition,estimated time (s/step),pipeline time,DP all-reduce time,Emb layer all-reduce time,is_oom,gpumem,train_cost,price_per_step,exp_partition,A10,A6000,rank,real_rank
4,1,1,2,16,zero1,False,"['A6000', 'A10', 'A10', 'A10', 'A6000', 'A6000', 'A6000', 'A6000']","[17, 25]",20.79551124572754,19.40879596938125,1.2993342876434326,0.08738133311271667,True,84.72515106201172,9377087.38066713,0.7501669904533703,16-24,3,5,1,0
4,1,1,2,16,zero1,False,"['A10', 'A10', 'A10', 'A6000', 'A6000', 'A6000', 'A6000', 'A6000']","[17, 25]",20.79551124572754,19.40879596938125,1.2993342876434326,0.08738133311271667,True,84.72515106201172,9377087.38066713,0.7501669904533703,16-24,3,5,1,0
4,1,1,2,16,zero0,False,"['A10', 'A10', 'A10', 'A6000', 'A6000', 'A6000', 'A6000', 'A6000']","[17, 25]",20.79551124572754,19.40879596938125,1.2993342876434326,0.08738133311271667,True,132.5860595703125,9377087.38066713,0.7501669904533703,16-24,3,5,1,0
4,1,1,2,16,zero0,False,"['A6000', 'A10', 'A10', 'A10', 'A6000', 'A6000', 'A6000', 'A6000']","[17, 25]",20.79551124572754,19.40879596938125,1.2993342876434326,0.08738133311271667,True,132.5860595703125,9377087.38066713,0.7501669904533703,16-24,3,5,1,0
4,1,1,2,16,zero1,False,"['A6000', 'A6000', 'A6000', 'A6000', 'A6000', 'A10', 'A10', 'A10']","[25, 17]",21.674774169921875,19.658869935781247,1.928521990776062,0.08738133311271667,True,126.42015075683594,9773563.580426108,0.7818850864340887,24-16,3,5,5,0
4,1,1,2,16,zero0,False,"['A6000', 'A6000', 'A6000', 'A6000', 'A6000', 'A10', 'A10', 'A10']","[25, 17]",21.674774169921875,19.658869935781247,1.928521990776062,0.08738133311271667,True,197.35321044921875,9773563.580426108,0.7818850864340887,24-16,3,5,5,0
4,1,1,2,16,zero1,False,"['A6000', 'A6000', 'A6000', 'A6000', 'A10', 'A10', 'A10', 'A6000']","[25, 17]",21.674774169921875,19.658869935781247,1.928521990776062,0.08738133311271667,True,126.42015075683594,9773563.580426108,0.7818850864340887,24-16,3,5,5,0
4,1,1,2,16,zero0,False,"['A6000', 'A6000', 'A6000', 'A6000', 'A10', 'A10', 'A10', 'A6000']","[25, 17]",21.674774169921875,19.658869935781247,1.928521990776062,0.08738133311271667,True,197.35321044921875,9773563.580426108,0.7818850864340887,24-16,3,5,5,0
16,1,1,8,4,zero0,False,"['A10', 'A10', 'A6000', 'A6000', 'A6000', 'A6000', 'A6000', 'A10']","[5, 4, 6, 6, 6, 6, 5, 4]",21.699329376220703,21.389726119272492,0.2222210019826889,0.08738133311271667,True,78.18533325195312,9784635.985061591,0.7827708788049274,4-4-6-6-6-6-5-3,3,5,9,0
16,1,1,8,4,zero1,False,"['A10', 'A10', 'A6000', 'A6000', 'A6000', 'A6000', 'A6000', 'A10']","[5, 4, 6, 6, 6, 6, 5, 4]",21.699329376220703,21.389726119272492,0.2222210019826889,0.08738133311271667,True,67.58318328857422,9784635.985061591,0.7827708788049274,4-4-6-6-6-6-5-3,3,5,9,0
16,1,1,8,4,zero0,False,"['A10', 'A10', 'A10', 'A6000', 'A6000', 'A6000', 'A6000', 'A6000']","[5, 4, 3, 6, 6, 6, 6, 6]",21.849287033081055,21.53968417285406,0.2222210019826889,0.08738133311271667,True,78.18533325195312,9852254.714659717,0.7881803771727773,4-4-3-6-6-6-6-5,3,5,11,0
16,1,1,8,4,zero1,False,"['A10', 'A10', 'A10', 'A6000', 'A6000', 'A6000', 'A6000', 'A6000']","[5, 4, 3, 6, 6, 6, 6, 6]",21.849287033081055,21.53968417285406,0.2222210019826889,0.08738133311271667,True,67.58318328857422,9852254.714659717,0.7881803771727773,4-4-3-6-6-6-6-5,3,5,11,0
16,1,1,8,4,zero0,False,"['A6000', 'A6000', 'A10', 'A10', 'A10', 'A6000', 'A6000', 'A6000']","[7, 6, 4, 3, 4, 6, 6, 6]",21.947383880615234,21.539470348854064,0.3205314576625824,0.08738133311271667,True,115.75212097167969,9896488.42934105,0.7917190743472841,6-6-4-3-4-6-6-5,3,5,13,0
16,1,1,8,4,zero0,False,"['A6000', 'A10', 'A10', 'A10', 'A6000', 'A6000', 'A6000', 'A6000']","[7, 4, 3, 4, 6, 6, 6, 6]",21.947383880615234,21.539470348854064,0.3205314576625824,0.08738133311271667,True,115.75212097167969,9896488.42934105,0.7917190743472841,6-4-3-4-6-6-6-5,3,5,13,0
16,1,1,8,4,zero1,False,"['A6000', 'A10', 'A10', 'A10', 'A6000', 'A6000', 'A6000', 'A6000']","[7, 4, 3, 4, 6, 6, 6, 6]",21.947383880615234,21.539470348854064,0.3205314576625824,0.08738133311271667,True,100.53553771972656,9896488.42934105,0.7917190743472841,6-4-3-4-6-6-6-5,3,5,13,0
16,1,1,8,4,zero1,False,"['A6000', 'A6000', 'A10', 'A10', 'A10', 'A6000', 'A6000', 'A6000']","[7, 6, 4, 3, 4, 6, 6, 6]",21.947383880615234,21.539470348854064,0.3205314576625824,0.08738133311271667,True,100.53553771972656,9896488.42934105,0.7917190743472841,6-6-4-3-4-6-6-5,3,5,13,0
16,1,1,8,4,zero1,False,"['A6000', 'A6000', 'A6000', 'A10', 'A10', 'A10', 'A6000', 'A6000']","[7, 6, 6, 4, 3, 4, 6, 6]",21.959840774536133,21.55192796923624,0.3205314576625824,0.08738133311271667,True,100.53553771972656,9902105.477241807,0.7921684381793446,6-6-6-4-3-4-6-5,3,5,17,0
16,1,1,8,4,zero0,False,"['A6000', 'A6000', 'A6000', 'A10', 'A10', 'A10', 'A6000', 'A6000']","[7, 6, 6, 4, 3, 4, 6, 6]",21.959840774536133,21.55192796923624,0.3205314576625824,0.08738133311271667,True,115.75212097167969,9902105.477241807,0.7921684381793446,6-6-6-4-3-4-6-5,3,5,17,0
16,1,1,8,4,zero1,False,"['A10', 'A6000', 'A6000', 'A6000', 'A6000', 'A6000', 'A10', 'A10']","[5, 6, 6, 6, 6, 5, 4, 4]",22.01675796508789,21.707155583654043,0.2222210019826889,0.08738133311271667,True,67.58318328857422,9927770.5096115,0.79422164076892,4-6-6-6-6-5-4-3,3,5,19,0
16,1,1,8,4,zero0,False,"['A10', 'A6000', 'A6000', 'A6000', 'A6000', 'A6000', 'A10', 'A10']","[5, 6, 6, 6, 6, 5, 4, 4]",22.01675796508789,21.707155583654043,0.2222210019826889,0.08738133311271667,True,78.18533325195312,9927770.5096115,0.79422164076892,4-6-6-6-6-5-4-3,3,5,19,0
16,1,1,8,4,zero0,False,"['A6000', 'A6000', 'A6000', 'A6000', 'A6000', 'A10', 'A10', 'A10']","[7, 6, 6, 6, 5, 4, 4, 4]",22.11485481262207,21.706941759654047,0.3205314576625824,0.08738133311271667,True,115.75212097167969,9972004.224292833,0.7977603379434267,6-6-6-6-5-4-4-3,3,5,21,0
16,1,1,8,4,zero1,False,"['A6000', 'A6000', 'A6000', 'A6000', 'A6000', 'A10', 'A10', 'A10']","[7, 6, 6, 6, 5, 4, 4, 4]",22.11485481262207,21.706941759654047,0.3205314576625824,0.08738133311271667,True,100.53553771972656,9972004.224292833,0.7977603379434267,6-6-6-6-5-4-4-3,3,5,21,0
16,1,1,8,4,zero1,False,"['A6000', 'A6000', 'A6000', 'A6000', 'A10', 'A10', 'A10', 'A6000']","[7, 6, 6, 6, 4, 3, 4, 6]",22.125215530395508,21.717302952054045,0.3205314576625824,0.08738133311271667,True,100.53553771972656,9976676.06691983,0.7981340853535863,6-6-6-6-4-3-4-5,3,5,23,0
16,1,1,8,4,zero0,False,"['A6000', 'A6000', 'A6000', 'A6000', 'A10', 'A10', 'A10', 'A6000']","[7, 6, 6, 6, 4, 3, 4, 6]",22.125215530395508,21.717302952054045,0.3205314576625824,0.08738133311271667,True,115.75212097167969,9976676.06691983,0.7981340853535863,6-6-6-6-4-3-4-5,3,5,23,0
8,1,1,4,8,zero0,False,"['A10', 'A10', 'A10', 'A6000', 'A6000', 'A6000', 'A6000', 'A6000']","[9, 8, 12, 13]",22.141714096069336,21.428862283163113,0.6254706382751465,0.08738133311271667,True,96.31890869140625,9984115.580675999,0.7987292464540798,8-8-12-12,3,5,25,0
8,1,1,4,8,zero1,False,"['A6000', 'A10', 'A10', 'A10', 'A6000', 'A6000', 'A6000', 'A6000']","[9, 8, 12, 13]",22.141714096069336,21.428862283163113,0.6254706382751465,0.08738133311271667,True,73.18273162841797,9984115.580675999,0.7987292464540798,8-8-12-12,3,5,25,0
8,1,1,4,8,zero1,False,"['A10', 'A10', 'A10', 'A6000', 'A6000', 'A6000', 'A6000', 'A6000']","[9, 8, 12, 13]",22.141714096069336,21.428862283163113,0.6254706382751465,0.08738133311271667,True,73.18273162841797,9984115.580675999,0.7987292464540798,8-8-12-12,3,5,25,0
8,1,1,4,8,zero0,False,"['A6000', 'A10', 'A10', 'A10', 'A6000', 'A6000', 'A6000', 'A6000']","[9, 8, 12, 13]",22.141714096069336,21.428862283163113,0.6254706382751465,0.08738133311271667,True,96.31890869140625,9984115.580675999,0.7987292464540798,8-8-12-12,3,5,25,0
32,1,1,16,2,zero0,False,"['A10', 'A10', 'A10', 'A6000', 'A6000', 'A6000', 'A6000', 'A6000']","[3, 2, 2, 1, 2, 2, 3, 3, 3, 3, 3, 3, 3, 3, 3, 3]",22.19190788269043,22.06561025854288,0.08260700106620789,0.04369066655635834,True,69.11854553222656,10006748.903682629,0.8005399122946103,2-2-2-1-2-2-3-3-3-3-3-3-3-3-3-2,3,5,29,0
32,1,1,16,2,zero1,False,"['A10', 'A10', 'A10', 'A6000', 'A6000', 'A6000', 'A6000', 'A6000']","[3, 2, 2, 1, 2, 2, 3, 3, 3, 3, 3, 3, 3, 3, 3, 3]",22.19190788269043,22.06561025854288,0.08260700106620789,0.04369066655635834,True,65.1267318725586,10006748.903682629,0.8005399122946103,2-2-2-1-2-2-3-3-3-3-3-3-3-3-3-2,3,5,29,0
32,1,1,16,2,zero1,False,"['A6000', 'A6000', 'A6000', 'A6000', 'A10', 'A10', 'A10', 'A6000']","[4, 3, 3, 3, 3, 3, 3, 3, 2, 2, 2, 1, 2, 2, 3, 3]",22.224464416503906,22.065396434542876,0.11537717282772064,0.04369066655635834,True,96.62197875976562,10021429.257475004,0.8017143405980003,3-3-3-3-3-3-3-3-2-2-2-1-2-2-3-2,3,5,31,0
32,1,1,16,2,zero0,False,"['A6000', 'A6000', 'A6000', 'A6000', 'A10', 'A10', 'A10', 'A6000']","[4, 3, 3, 3, 3, 3, 3, 3, 2, 2, 2, 1, 2, 2, 3, 3]",22.224464416503906,22.065396434542876,0.11537717282772064,0.04369066655635834,True,102.15193939208984,10021429.257475004,0.8017143405980003,3-3-3-3-3-3-3-3-2-2-2-1-2-2-3-2,3,5,31,0
32,1,1,16,2,zero1,False,"['A6000', 'A6000', 'A6000', 'A10', 'A10', 'A10', 'A6000', 'A6000']","[4, 3, 3, 3, 3, 3, 2, 2, 2, 1, 2, 2, 3, 3, 3, 3]",22.224464416503906,22.065396434542876,0.11537717282772064,0.04369066655635834,True,96.62197875976562,10021429.257475004,0.8017143405980003,3-3-3-3-3-3-2-2-2-1-2-2-3-3-3-2,3,5,31,0
32,1,1,16,2,zero0,False,"['A6000', 'A6000', 'A6000', 'A10', 'A10', 'A10', 'A6000', 'A6000']","[4, 3, 3, 3, 3, 3, 2, 2, 2, 1, 2, 2, 3, 3, 3, 3]",22.224464416503906,22.065396434542876,0.11537717282772064,0.04369066655635834,True,102.15193939208984,10021429.257475004,0.8017143405980003,3-3-3-3-3-3-2-2-2-1-2-2-3-3-3-2,3,5,31,0
32,1,1,16,2,zero1,False,"['A6000', 'A6000', 'A10', 'A10', 'A10', 'A6000', 'A6000', 'A6000']","[4, 3, 3, 3, 2, 2, 2, 1, 2, 2, 3, 3, 3, 3, 3, 3]",22.224464416503906,22.065396434542876,0.11537717282772064,0.04369066655635834,True,96.62197875976562,10021429.257475004,0.8017143405980003,3-3-3-3-2-2-2-1-2-2-3-3-3-3-3-2,3,5,31,0
32,1,1,16,2,zero1,False,"['A6000', 'A10', 'A10', 'A10', 'A6000', 'A6000', 'A6000', 'A6000']","[4, 3, 2, 2, 2, 1, 2, 2, 3, 3, 3, 3, 3, 3, 3, 3]",22.224464416503906,22.065396434542876,0.11537717282772064,0.04369066655635834,True,96.62197875976562,10021429.257475004,0.8017143405980003,3-3-2-2-2-1-2-2-3-3-3-3-3-3-3-2,3,5,31,0
32,1,1,16,2,zero0,False,"['A6000', 'A6000', 'A10', 'A10', 'A10', 'A6000', 'A6000', 'A6000']","[4, 3, 3, 3, 2, 2, 2, 1, 2, 2, 3, 3, 3, 3, 3, 3]",22.224464416503906,22.065396434542876,0.11537717282772064,0.04369066655635834,True,102.15193939208984,10021429.257475004,0.8017143405980003,3-3-3-3-2-2-2-1-2-2-3-3-3-3-3-2,3,5,31,0
32,1,1,16,2,zero0,False,"['A6000', 'A10', 'A10', 'A10', 'A6000', 'A6000', 'A6000', 'A6000']","[4, 3, 2, 2, 2, 1, 2, 2, 3, 3, 3, 3, 3, 3, 3, 3]",22.224464416503906,22.065396434542876,0.11537717282772064,0.04369066655635834,True,102.15193939208984,10021429.257475004,0.8017143405980003,3-3-2-2-2-1-2-2-3-3-3-3-3-3-3-2,3,5,31,0
32,1,1,16,2,zero0,False,"['A10', 'A10', 'A6000', 'A6000', 'A6000', 'A6000', 'A6000', 'A10']","[3, 2, 2, 2, 3, 3, 3, 3, 3, 3, 3, 3, 3, 2, 2, 2]",22.413482666015625,22.287184718142896,0.08260700106620789,0.04369066655635834,True,69.11854553222656,10106661.143398283,0.8085328914718627,2-2-2-2-3-3-3-3-3-3-3-3-3-2-2-1,3,5,39,0
32,1,1,16,2,zero1,False,"['A10', 'A6000', 'A6000', 'A6000', 'A6000', 'A6000', 'A10', 'A10']","[3, 2, 3, 3, 3, 3, 3, 3, 3, 3, 3, 2, 2, 2, 2, 2]",22.413482666015625,22.287184718142896,0.08260700106620789,0.04369066655635834,True,65.1267318725586,10106661.143398283,0.8085328914718627,2-2-3-3-3-3-3-3-3-3-3-2-2-2-2-1,3,5,39,0
32,1,1,16,2,zero0,False,"['A10', 'A6000', 'A6000', 'A6000', 'A6000', 'A6000', 'A10', 'A10']","[3, 2, 3, 3, 3, 3, 3, 3, 3, 3, 3, 2, 2, 2, 2, 2]",22.413482666015625,22.287184718142896,0.08260700106620789,0.04369066655635834,True,69.11854553222656,10106661.143398283,0.8085328914718627,2-2-3-3-3-3-3-3-3-3-3-2-2-2-2-1,3,5,39,0
32,1,1,16,2,zero1,False,"['A10', 'A10', 'A6000', 'A6000', 'A6000', 'A6000', 'A6000', 'A10']","[3, 2, 2, 2, 3, 3, 3, 3, 3, 3, 3, 3, 3, 2, 2, 2]",22.413482666015625,22.287184718142896,0.08260700106620789,0.04369066655635834,True,65.1267318725586,10106661.143398283,0.8085328914718627,2-2-2-2-3-3-3-3-3-3-3-3-3-2-2-1,3,5,39,0
8,1,1,4,8,zero0,False,"['A6000', 'A6000', 'A10', 'A10', 'A10', 'A6000', 'A6000', 'A6000']","[13, 8, 8, 13]",22.435121536254883,21.42864845916311,0.9190912246704102,0.08738133311271667,True,142.95248413085938,10116418.517220682,0.8093134813776545,12-8-8-12,3,5,43,0
8,1,1,4,8,zero1,False,"['A6000', 'A6000', 'A10', 'A10', 'A10', 'A6000', 'A6000', 'A6000']","[13, 8, 8, 13]",22.435121536254883,21.42864845916311,0.9190912246704102,0.08738133311271667,True,109.04930114746094,10116418.517220682,0.8093134813776545,12-8-8-12,3,5,43,0
8,1,1,4,8,zero0,False,"['A6000', 'A6000', 'A6000', 'A10', 'A10', 'A10', 'A6000', 'A6000']","[13, 8, 8, 13]",22.435121536254883,21.42864845916311,0.9190912246704102,0.08738133311271667,True,142.95248413085938,10116418.517220682,0.8093134813776545,12-8-8-12,3,5,43,0
8,1,1,4,8,zero1,False,"['A6000', 'A6000', 'A6000', 'A10', 'A10', 'A10', 'A6000', 'A6000']","[13, 8, 8, 13]",22.435121536254883,21.42864845916311,0.9190912246704102,0.08738133311271667,True,109.04930114746094,10116418.517220682,0.8093134813776545,12-8-8-12,3,5,43,0
32,1,1,16,2,zero0,False,"['A6000', 'A6000', 'A6000', 'A6000', 'A6000', 'A10', 'A10', 'A10']","[4, 3, 3, 3, 3, 3, 3, 3, 3, 2, 2, 2, 2, 2, 2, 2]",22.44603729248047,22.286970894142893,0.11537717282772064,0.04369066655635834,True,102.15193939208984,10121340.637131266,0.8097072509705013,3-3-3-3-3-3-3-3-3-2-2-2-2-2-2-1,3,5,47,0
32,1,1,16,2,zero1,False,"['A6000', 'A6000', 'A6000', 'A6000', 'A6000', 'A10', 'A10', 'A10']","[4, 3, 3, 3, 3, 3, 3, 3, 3, 2, 2, 2, 2, 2, 2, 2]",22.44603729248047,22.286970894142893,0.11537717282772064,0.04369066655635834,True,96.62197875976562,10121340.637131266,0.8097072509705013,3-3-3-3-3-3-3-3-3-2-2-2-2-2-2-1,3,5,47,0
8,1,1,4,8,zero0,False,"['A10', 'A10', 'A6000', 'A6000', 'A6000', 'A6000', 'A6000', 'A10']","[9, 12, 12, 9]",22.555503845214844,21.84265069756312,0.6254706382751465,0.08738133311271667,True,96.31890869140625,10170701.165858904,0.8136560932687122,8-12-12-8,3,5,49,0
8,1,1,4,8,zero1,False,"['A10', 'A6000', 'A6000', 'A6000', 'A6000', 'A6000', 'A10', 'A10']","[9, 12, 12, 9]",22.555503845214844,21.84265069756312,0.6254706382751465,0.08738133311271667,True,73.18273162841797,10170701.165858904,0.8136560932687122,8-12-12-8,3,5,49,0
8,1,1,4,8,zero1,False,"['A10', 'A10', 'A6000', 'A6000', 'A6000', 'A6000', 'A6000', 'A10']","[9, 12, 12, 9]",22.555503845214844,21.84265069756312,0.6254706382751465,0.08738133311271667,True,73.18273162841797,10170701.165858904,0.8136560932687122,8-12-12-8,3,5,49,0
8,1,1,4,8,zero0,False,"['A10', 'A6000', 'A6000', 'A6000', 'A6000', 'A6000', 'A10', 'A10']","[9, 12, 12, 9]",22.555503845214844,21.84265069756312,0.6254706382751465,0.08738133311271667,True,96.31890869140625,10170701.165858904,0.8136560932687122,8-12-12-8,3,5,49,0
2,1,1,1,32,zero1,False,"['A6000', 'A6000', 'A6000', 'A6000', 'A10', 'A10', 'A10', 'A6000']",[42],22.625741958618164,19.332616806030273,3.2931251525878906,0.0,True,135.93551635742188,10202372.853034733,0.8161898282427786,41-41,3,5,53,0
2,1,1,1,32,zero0,False,"['A10', 'A6000', 'A6000', 'A6000', 'A6000', 'A6000', 'A10', 'A10']",[42],22.625741958618164,19.332616806030273,3.2931251525878906,0.0,True,258.68927001953125,10202372.853034733,0.8161898282427786,41-41,3,5,53,0
1,2,1,1,32,zero1,False,"['A6000', 'A6000', 'A6000', 'A10', 'A10', 'A10', 'A6000', 'A6000']",[42],22.625741958618164,19.332616806030273,3.2931251525878906,0.0,True,183.43551635742188,10202372.853034733,0.8161898282427786,41-41,3,5,53,0
1,2,1,1,32,zero1,False,"['A6000', 'A6000', 'A6000', 'A6000', 'A10', 'A10', 'A10', 'A6000']",[42],22.625741958618164,19.332616806030273,3.2931251525878906,0.0,True,183.43551635742188,10202372.853034733,0.8161898282427786,41-41,3,5,53,0
1,2,1,1,32,zero0,False,"['A6000', 'A6000', 'A6000', 'A10', 'A10', 'A10', 'A6000', 'A6000']",[42],22.625741958618164,19.332616806030273,3.2931251525878906,0.0,True,306.18927001953125,10202372.853034733,0.8161898282427786,41-41,3,5,53,0
1,2,1,1,32,zero0,False,"['A6000', 'A6000', 'A6000', 'A6000', 'A6000', 'A10', 'A10', 'A10']",[42],22.625741958618164,19.332616806030273,3.2931251525878906,0.0,True,306.18927001953125,10202372.853034733,0.8161898282427786,41-41,3,5,53,0
1,2,1,1,32,zero2,False,"['A10', 'A10', 'A10', 'A6000', 'A6000', 'A6000', 'A6000', 'A6000']",[42],22.625741958618164,19.332616806030273,3.2931251525878906,0.0,True,142.517578125,10202372.853034733,0.8161898282427786,41-41,3,5,53,0
2,1,1,1,32,zero1,False,"['A6000', 'A6000', 'A10', 'A10', 'A10', 'A6000', 'A6000', 'A6000']",[42],22.625741958618164,19.332616806030273,3.2931251525878906,0.0,True,135.93551635742188,10202372.853034733,0.8161898282427786,41-41,3,5,53,0
1,2,1,1,32,zero2,False,"['A10', 'A6000', 'A6000', 'A6000', 'A6000', 'A6000', 'A10', 'A10']",[42],22.625741958618164,19.332616806030273,3.2931251525878906,0.0,True,142.517578125,10202372.853034733,0.8161898282427786,41-41,3,5,53,0
1,2,1,1,32,zero0,False,"['A10', 'A6000', 'A6000', 'A6000', 'A6000', 'A6000', 'A10', 'A10']",[42],22.625741958618164,19.332616806030273,3.2931251525878906,0.0,True,306.18927001953125,10202372.853034733,0.8161898282427786,41-41,3,5,53,0
2,1,1,1,32,zero0,False,"['A6000', 'A6000', 'A6000', 'A6000', 'A10', 'A10', 'A10', 'A6000']",[42],22.625741958618164,19.332616806030273,3.2931251525878906,0.0,True,258.68927001953125,10202372.853034733,0.8161898282427786,41-41,3,5,53,0
1,2,1,1,32,zero2,False,"['A6000', 'A6000', 'A10', 'A10', 'A10', 'A6000', 'A6000', 'A6000']",[42],22.625741958618164,19.332616806030273,3.2931251525878906,0.0,True,142.517578125,10202372.853034733,0.8161898282427786,41-41,3,5,53,0
2,1,1,1,32,zero0,False,"['A6000', 'A10', 'A10', 'A10', 'A6000', 'A6000', 'A6000', 'A6000']",[42],22.625741958618164,19.332616806030273,3.2931251525878906,0.0,True,258.68927001953125,10202372.853034733,0.8161898282427786,41-41,3,5,53,0
1,2,1,1,32,zero1,False,"['A6000', 'A10', 'A10', 'A10', 'A6000', 'A6000', 'A6000', 'A6000']",[42],22.625741958618164,19.332616806030273,3.2931251525878906,0.0,True,183.43551635742188,10202372.853034733,0.8161898282427786,41-41,3,5,53,0
1,2,1,1,32,zero1,False,"['A10', 'A10', 'A6000', 'A6000', 'A6000', 'A6000', 'A6000', 'A10']",[42],22.625741958618164,19.332616806030273,3.2931251525878906,0.0,True,183.43551635742188,10202372.853034733,0.8161898282427786,41-41,3,5,53,0
1,2,1,1,32,zero0,False,"['A6000', 'A6000', 'A10', 'A10', 'A10', 'A6000', 'A6000', 'A6000']",[42],22.625741958618164,19.332616806030273,3.2931251525878906,0.0,True,306.18927001953125,10202372.853034733,0.8161898282427786,41-41,3,5,53,0
1,2,1,1,32,zero0,False,"['A10', 'A10', 'A6000', 'A6000', 'A6000', 'A6000', 'A6000', 'A10']",[42],22.625741958618164,19.332616806030273,3.2931251525878906,0.0,True,306.18927001953125,10202372.853034733,0.8161898282427786,41-41,3,5,53,0
2,1,1,1,32,zero1,False,"['A6000', 'A6000', 'A6000', 'A6000', 'A6000', 'A10', 'A10', 'A10']",[42],22.625741958618164,19.332616806030273,3.2931251525878906,0.0,True,135.93551635742188,10202372.853034733,0.8161898282427786,41-41,3,5,53,0
2,1,1,1,32,zero0,False,"['A6000', 'A6000', 'A6000', 'A10', 'A10', 'A10', 'A6000', 'A6000']",[42],22.625741958618164,19.332616806030273,3.2931251525878906,0.0,True,258.68927001953125,10202372.853034733,0.8161898282427786,41-41,3,5,53,0
1,2,1,1,32,zero2,False,"['A10', 'A10', 'A6000', 'A6000', 'A6000', 'A6000', 'A6000', 'A10']",[42],22.625741958618164,19.332616806030273,3.2931251525878906,0.0,True,142.517578125,10202372.853034733,0.8161898282427786,41-41,3,5,53,0
2,1,1,1,32,zero1,False,"['A6000', 'A6000', 'A6000', 'A10', 'A10', 'A10', 'A6000', 'A6000']",[42],22.625741958618164,19.332616806030273,3.2931251525878906,0.0,True,135.93551635742188,10202372.853034733,0.8161898282427786,41-41,3,5,53,0
1,2,1,1,32,zero1,False,"['A6000', 'A6000', 'A10', 'A10', 'A10', 'A6000', 'A6000', 'A6000']",[42],22.625741958618164,19.332616806030273,3.2931251525878906,0.0,True,183.43551635742188,10202372.853034733,0.8161898282427786,41-41,3,5,53,0
1,2,1,1,32,zero2,False,"['A6000', 'A6000', 'A6000', 'A6000', 'A6000', 'A10', 'A10', 'A10']",[42],22.625741958618164,19.332616806030273,3.2931251525878906,0.0,True,142.517578125,10202372.853034733,0.8161898282427786,41-41,3,5,53,0
1,2,1,1,32,zero0,False,"['A6000', 'A10', 'A10', 'A10', 'A6000', 'A6000', 'A6000', 'A6000']",[42],22.625741958618164,19.332616806030273,3.2931251525878906,0.0,True,306.18927001953125,10202372.853034733,0.8161898282427786,41-41,3,5,53,0
1,2,1,1,32,zero1,False,"['A6000', 'A6000', 'A6000', 'A6000', 'A6000', 'A10', 'A10', 'A10']",[42],22.625741958618164,19.332616806030273,3.2931251525878906,0.0,True,183.43551635742188,10202372.853034733,0.8161898282427786,41-41,3,5,53,0
1,2,1,1,32,zero2,False,"['A6000', 'A10', 'A10', 'A10', 'A6000', 'A6000', 'A6000', 'A6000']",[42],22.625741958618164,19.332616806030273,3.2931251525878906,0.0,True,142.517578125,10202372.853034733,0.8161898282427786,41-41,3,5,53,0
2,1,1,1,32,zero0,False,"['A10', 'A10', 'A6000', 'A6000', 'A6000', 'A6000', 'A6000', 'A10']",[42],22.625741958618164,19.332616806030273,3.2931251525878906,0.0,True,258.68927001953125,10202372.853034733,0.8161898282427786,41-41,3,5,53,0
2,1,1,1,32,zero1,False,"['A10', 'A6000', 'A6000', 'A6000', 'A6000', 'A6000', 'A10', 'A10']",[42],22.625741958618164,19.332616806030273,3.2931251525878906,0.0,True,135.93551635742188,10202372.853034733,0.8161898282427786,41-41,3,5,53,0
2,1,1,1,32,zero1,False,"['A6000', 'A10', 'A10', 'A10', 'A6000', 'A6000', 'A6000', 'A6000']",[42],22.625741958618164,19.332616806030273,3.2931251525878906,0.0,True,135.93551635742188,10202372.853034733,0.8161898282427786,41-41,3,5,53,0
1,2,1,1,32,zero0,False,"['A10', 'A10', 'A10', 'A6000', 'A6000', 'A6000', 'A6000', 'A6000']",[42],22.625741958618164,19.332616806030273,3.2931251525878906,0.0,True,306.18927001953125,10202372.853034733,0.8161898282427786,41-41,3,5,53,0
1,2,1,1,32,zero2,False,"['A6000', 'A6000', 'A6000', 'A10', 'A10', 'A10', 'A6000', 'A6000']",[42],22.625741958618164,19.332616806030273,3.2931251525878906,0.0,True,142.517578125,10202372.853034733,0.8161898282427786,41-41,3,5,53,0
1,2,1,1,32,zero2,False,"['A6000', 'A6000', 'A6000', 'A6000', 'A10', 'A10', 'A10', 'A6000']",[42],22.625741958618164,19.332616806030273,3.2931251525878906,0.0,True,142.517578125,10202372.853034733,0.8161898282427786,41-41,3,5,53,0
1,2,1,1,32,zero1,False,"['A10', 'A6000', 'A6000', 'A6000', 'A6000', 'A6000', 'A10', 'A10']",[42],22.625741958618164,19.332616806030273,3.2931251525878906,0.0,True,183.43551635742188,10202372.853034733,0.8161898282427786,41-41,3,5,53,0
2,1,1,1,32,zero1,False,"['A10', 'A10', 'A10', 'A6000', 'A6000', 'A6000', 'A6000', 'A6000']",[42],22.625741958618164,19.332616806030273,3.2931251525878906,0.0,True,135.93551635742188,10202372.853034733,0.8161898282427786,41-41,3,5,53,0
2,1,1,1,32,zero0,False,"['A10', 'A10', 'A10', 'A6000', 'A6000', 'A6000', 'A6000', 'A6000']",[42],22.625741958618164,19.332616806030273,3.2931251525878906,0.0,True,258.68927001953125,10202372.853034733,0.8161898282427786,41-41,3,5,53,0
2,1,1,1,32,zero1,False,"['A10', 'A10', 'A6000', 'A6000', 'A6000', 'A6000', 'A6000', 'A10']",[42],22.625741958618164,19.332616806030273,3.2931251525878906,0.0,True,135.93551635742188,10202372.853034733,0.8161898282427786,41-41,3,5,53,0
1,2,1,1,32,zero0,False,"['A6000', 'A6000', 'A6000', 'A6000', 'A10', 'A10', 'A10', 'A6000']",[42],22.625741958618164,19.332616806030273,3.2931251525878906,0.0,True,306.18927001953125,10202372.853034733,0.8161898282427786,41-41,3,5,53,0
2,1,1,1,32,zero0,False,"['A6000', 'A6000', 'A10', 'A10', 'A10', 'A6000', 'A6000', 'A6000']",[42],22.625741958618164,19.332616806030273,3.2931251525878906,0.0,True,258.68927001953125,10202372.853034733,0.8161898282427786,41-41,3,5,53,0
1,2,1,1,32,zero1,False,"['A10', 'A10', 'A10', 'A6000', 'A6000', 'A6000', 'A6000', 'A6000']",[42],22.625741958618164,19.332616806030273,3.2931251525878906,0.0,True,183.43551635742188,10202372.853034733,0.8161898282427786,41-41,3,5,53,0
2,1,1,1,32,zero0,False,"['A6000', 'A6000', 'A6000', 'A6000', 'A6000', 'A10', 'A10', 'A10']",[42],22.625741958618164,19.332616806030273,3.2931251525878906,0.0,True,258.68927001953125,10202372.853034733,0.8161898282427786,41-41,3,5,53,0
8,1,1,4,8,zero1,False,"['A6000', 'A6000', 'A6000', 'A6000', 'A6000', 'A10', 'A10', 'A10']","[13, 12, 8, 9]",22.848909378051758,21.842436873563116,0.9190912246704102,0.08738133311271667,True,109.04930114746094,10303003.242344193,0.8242402593875354,12-12-8-8,3,5,93,0
8,1,1,4,8,zero0,False,"['A6000', 'A6000', 'A6000', 'A6000', 'A6000', 'A10', 'A10', 'A10']","[13, 12, 8, 9]",22.848909378051758,21.842436873563116,0.9190912246704102,0.08738133311271667,True,142.95248413085938,10303003.242344193,0.8242402593875354,12-12-8-8,3,5,93,0
8,1,1,4,8,zero0,False,"['A6000', 'A6000', 'A6000', 'A6000', 'A10', 'A10', 'A10', 'A6000']","[13, 12, 8, 9]",22.848909378051758,21.842436873563116,0.9190912246704102,0.08738133311271667,True,142.95248413085938,10303003.242344193,0.8242402593875354,12-12-8-8,3,5,93,0
8,1,1,4,8,zero1,False,"['A6000', 'A6000', 'A6000', 'A6000', 'A10', 'A10', 'A10', 'A6000']","[13, 12, 8, 9]",22.848909378051758,21.842436873563116,0.9190912246704102,0.08738133311271667,True,109.04930114746094,10303003.242344193,0.8242402593875354,12-12-8-8,3,5,93,0
2,1,1,1,32,zero2,False,"['A6000', 'A6000', 'A6000', 'A10', 'A10', 'A10', 'A6000', 'A6000']",[42],24.27230453491211,19.332616806030273,4.939687728881836,0.0,True,95.01758575439453,10944838.906078603,0.8755871124862882,41-41,3,5,97,0
2,1,1,1,32,zero2,False,"['A10', 'A6000', 'A6000', 'A6000', 'A6000', 'A6000', 'A10', 'A10']",[42],24.27230453491211,19.332616806030273,4.939687728881836,0.0,True,95.01758575439453,10944838.906078603,0.8755871124862882,41-41,3,5,97,0
2,1,1,1,32,zero2,False,"['A6000', 'A6000', 'A6000', 'A6000', 'A10', 'A10', 'A10', 'A6000']",[42],24.27230453491211,19.332616806030273,4.939687728881836,0.0,True,95.01758575439453,10944838.906078603,0.8755871124862882,41-41,3,5,97,0
2,1,1,1,32,zero2,False,"['A6000', 'A10', 'A10', 'A10', 'A6000', 'A6000', 'A6000', 'A6000']",[42],24.27230453491211,19.332616806030273,4.939687728881836,0.0,True,95.01758575439453,10944838.906078603,0.8755871124862882,41-41,3,5,97,0
2,1,1,1,32,zero2,False,"['A10', 'A10', 'A6000', 'A6000', 'A6000', 'A6000', 'A6000', 'A10']",[42],24.27230453491211,19.332616806030273,4.939687728881836,0.0,True,95.01758575439453,10944838.906078603,0.8755871124862882,41-41,3,5,97,0
2,1,1,1,32,zero2,False,"['A6000', 'A6000', 'A6000', 'A6000', 'A6000', 'A10', 'A10', 'A10']",[42],24.27230453491211,19.332616806030273,4.939687728881836,0.0,True,95.01758575439453,10944838.906078603,0.8755871124862882,41-41,3,5,97,0
2,1,1,1,32,zero2,False,"['A6000', 'A6000', 'A10', 'A10', 'A10', 'A6000', 'A6000', 'A6000']",[42],24.27230453491211,19.332616806030273,4.939687728881836,0.0,True,95.01758575439453,10944838.906078603,0.8755871124862882,41-41,3,5,97,0
2,1,1,1,32,zero2,False,"['A10', 'A10', 'A10', 'A6000', 'A6000', 'A6000', 'A6000', 'A6000']",[42],24.27230453491211,19.332616806030273,4.939687728881836,0.0,True,95.01758575439453,10944838.906078603,0.8755871124862882,41-41,3,5,97,0
8,1,2,2,8,zero0,False,"['A6000', 'A10', 'A10', 'A10', 'A6000', 'A6000', 'A6000', 'A6000']","[16, 26]",24.33698272705078,23.704524689526245,0.5887681245803833,0.04369066655635834,True,65.90862274169922,10974003.520121574,0.8779202816097259,15-25,3,5,105,0
8,1,2,2,8,zero0,False,"['A10', 'A10', 'A10', 'A6000', 'A6000', 'A6000', 'A6000', 'A6000']","[16, 26]",24.33698272705078,23.704524689526245,0.5887681245803833,0.04369066655635834,True,65.90862274169922,10974003.520121574,0.8779202816097259,15-25,3,5,105,0
8,1,2,2,8,zero1,False,"['A10', 'A10', 'A10', 'A6000', 'A6000', 'A6000', 'A6000', 'A6000']","[16, 26]",24.33698272705078,23.704524689526245,0.5887681245803833,0.04369066655635834,True,44.91865539550781,10974003.520121574,0.8779202816097259,15-25,3,5,105,0
8,1,2,2,8,zero1,False,"['A6000', 'A10', 'A10', 'A10', 'A6000', 'A6000', 'A6000', 'A6000']","[16, 26]",24.33698272705078,23.704524689526245,0.5887681245803833,0.04369066655635834,True,44.91865539550781,10974003.520121574,0.8779202816097259,15-25,3,5,105,0
8,1,2,2,8,zero1,False,"['A6000', 'A6000', 'A6000', 'A6000', 'A6000', 'A10', 'A10', 'A10']","[26, 16]",24.52171516418457,23.522232365126243,0.9557942152023315,0.04369066655635834,True,74.38123321533203,11057302.852587037,0.8845842282069629,25-15,3,5,109,0
8,1,2,2,8,zero0,False,"['A6000', 'A6000', 'A6000', 'A6000', 'A6000', 'A10', 'A10', 'A10']","[26, 16]",24.52171516418457,23.522232365126243,0.9557942152023315,0.04369066655635834,True,108.83045196533203,11057302.852587037,0.8845842282069629,25-15,3,5,109,0
8,1,2,2,8,zero0,False,"['A6000', 'A6000', 'A6000', 'A6000', 'A10', 'A10', 'A10', 'A6000']","[26, 16]",24.52171516418457,23.522232365126243,0.9557942152023315,0.04369066655635834,True,108.83045196533203,11057302.852587037,0.8845842282069629,25-15,3,5,109,0
8,1,2,2,8,zero1,False,"['A6000', 'A6000', 'A6000', 'A6000', 'A10', 'A10', 'A10', 'A6000']","[26, 16]",24.52171516418457,23.522232365126243,0.9557942152023315,0.04369066655635834,True,74.38123321533203,11057302.852587037,0.8845842282069629,25-15,3,5,109,0
2,2,1,2,16,zero0,False,"['A10', 'A10', 'A10', 'A6000', 'A6000', 'A6000', 'A6000', 'A6000']","[17, 25]",24.661174774169922,23.274460714617497,1.2993342876434326,0.08738133311271667,True,180.0860595703125,11120187.815281814,0.8896150252225451,16-24,3,5,113,0
2,2,1,2,16,zero0,False,"['A6000', 'A10', 'A10', 'A10', 'A6000', 'A6000', 'A6000', 'A6000']","[17, 25]",24.661174774169922,23.274460714617497,1.2993342876434326,0.08738133311271667,True,180.0860595703125,11120187.815281814,0.8896150252225451,16-24,3,5,113,0
2,2,1,2,16,zero1,False,"['A10', 'A10', 'A10', 'A6000', 'A6000', 'A6000', 'A6000', 'A6000']","[17, 25]",24.661174774169922,23.274460714617497,1.2993342876434326,0.08738133311271667,True,132.22515869140625,11120187.815281814,0.8896150252225451,16-24,3,5,113,0
2,2,1,2,16,zero1,False,"['A6000', 'A10', 'A10', 'A10', 'A6000', 'A6000', 'A6000', 'A6000']","[17, 25]",24.661174774169922,23.274460714617497,1.2993342876434326,0.08738133311271667,True,132.22515869140625,11120187.815281814,0.8896150252225451,16-24,3,5,113,0
32,1,2,8,2,zero0,False,"['A10', 'A10', 'A10', 'A6000', 'A6000', 'A6000', 'A6000', 'A6000']","[4, 4, 4, 6, 6, 6, 6, 6]",24.84759521484375,24.75952888363624,0.0662219226360321,0.02184533327817917,True,33.070396423339844,11204248.30031077,0.8963398640248615,3-4-4-6-6-6-6-5,3,5,117,0
32,1,2,8,2,zero1,False,"['A10', 'A10', 'A10', 'A6000', 'A6000', 'A6000', 'A6000', 'A6000']","[4, 4, 4, 6, 6, 6, 6, 6]",24.84759521484375,24.75952888363624,0.0662219226360321,0.02184533327817917,True,30.30533218383789,11204248.30031077,0.8963398640248615,3-4-4-6-6-6-6-5,3,5,117,0
32,1,2,8,2,zero1,False,"['A6000', 'A10', 'A10', 'A10', 'A6000', 'A6000', 'A6000', 'A6000']","[7, 4, 3, 4, 6, 6, 6, 6]",24.925405502319336,24.788183862036238,0.11537715792655945,0.02184533327817917,True,59.54254913330078,11239334.423279895,0.8991467538623915,6-4-3-4-6-6-6-5,3,5,119,0
32,1,2,8,2,zero0,False,"['A6000', 'A10', 'A10', 'A10', 'A6000', 'A6000', 'A6000', 'A6000']","[7, 4, 3, 4, 6, 6, 6, 6]",24.925405502319336,24.788183862036238,0.11537715792655945,0.02184533327817917,True,64.61491394042969,11239334.423279895,0.8991467538623915,6-4-3-4-6-6-6-5,3,5,119,0
32,1,2,8,2,zero0,False,"['A6000', 'A6000', 'A10', 'A10', 'A10', 'A6000', 'A6000', 'A6000']","[7, 6, 4, 3, 4, 6, 6, 6]",24.9547176361084,24.81749608203624,0.11537715792655945,0.02184533327817917,True,64.61491394042969,11252551.816043455,0.9002041452834764,6-6-4-3-4-6-6-5,3,5,121,0
32,1,2,8,2,zero1,False,"['A6000', 'A6000', 'A10', 'A10', 'A10', 'A6000', 'A6000', 'A6000']","[7, 6, 4, 3, 4, 6, 6, 6]",24.9547176361084,24.81749608203624,0.11537715792655945,0.02184533327817917,True,59.54254913330078,11252551.816043455,0.9002041452834764,6-6-4-3-4-6-6-5,3,5,121,0
32,1,2,8,2,zero1,False,"['A6000', 'A6000', 'A6000', 'A10', 'A10', 'A10', 'A6000', 'A6000']","[7, 6, 6, 4, 3, 4, 6, 6]",24.98402976989746,24.846808302036237,0.11537715792655945,0.02184533327817917,True,59.54254913330078,11265769.208807016,0.9012615367045613,6-6-6-4-3-4-6-5,3,5,123,0
32,1,2,8,2,zero0,False,"['A6000', 'A6000', 'A6000', 'A10', 'A10', 'A10', 'A6000', 'A6000']","[7, 6, 6, 4, 3, 4, 6, 6]",24.98402976989746,24.846808302036237,0.11537715792655945,0.02184533327817917,True,64.61491394042969,11265769.208807016,0.9012615367045613,6-6-6-4-3-4-6-5,3,5,123,0
32,1,2,8,2,zero0,False,"['A10', 'A10', 'A6000', 'A6000', 'A6000', 'A6000', 'A6000', 'A10']","[5, 4, 6, 6, 6, 6, 5, 4]",25.04515838623047,24.940706829945295,0.08260700106620789,0.02184533327817917,True,43.585235595703125,11293333.252318168,0.9034666601854535,4-4-6-6-6-6-5-3,3,5,125,0
32,1,2,8,2,zero1,False,"['A10', 'A10', 'A6000', 'A6000', 'A6000', 'A6000', 'A6000', 'A10']","[5, 4, 6, 6, 6, 6, 5, 4]",25.04515838623047,24.940706829945295,0.08260700106620789,0.02184533327817917,True,40.05107116699219,11293333.252318168,0.9034666601854535,4-4-6-6-6-6-5-3,3,5,125,0
64,1,2,16,1,zero0,False,"['A10', 'A10', 'A10', 'A6000', 'A6000', 'A6000', 'A6000', 'A6000']","[2, 2, 2, 2, 2, 2, 3, 3, 3, 3, 3, 3, 3, 3, 3, 3]",25.086416244506836,25.075493297503858,0.0,0.010922666639089584,True,35.59242248535156,11311937.197064955,0.9049549757651963,1-2-2-2-2-2-3-3-3-3-3-3-3-3-3-2,3,5,127,0
64,1,2,16,1,zero1,False,"['A10', 'A10', 'A10', 'A6000', 'A6000', 'A6000', 'A6000', 'A6000']","[2, 2, 2, 2, 2, 2, 3, 3, 3, 3, 3, 3, 3, 3, 3, 3]",25.086416244506836,25.075493297503858,0.0,0.010922666639089584,True,35.59242248535156,11311937.197064955,0.9049549757651963,1-2-2-2-2-2-3-3-3-3-3-3-3-3-3-2,3,5,127,0
64,1,2,16,1,zero0,False,"['A6000', 'A10', 'A10', 'A10', 'A6000', 'A6000', 'A6000', 'A6000']","[4, 3, 2, 2, 2, 1, 2, 2, 3, 3, 3, 3, 3, 3, 3, 3]",25.11507225036621,25.104148275903857,0.0,0.010922666639089584,True,57.961021423339844,11324858.729397057,0.9059886983517645,3-3-2-2-2-1-2-2-3-3-3-3-3-3-3-2,3,5,129,0
64,1,2,16,1,zero1,False,"['A6000', 'A10', 'A10', 'A10', 'A6000', 'A6000', 'A6000', 'A6000']","[4, 3, 2, 2, 2, 1, 2, 2, 3, 3, 3, 3, 3, 3, 3, 3]",25.11507225036621,25.104148275903857,0.0,0.010922666639089584,True,57.961021423339844,11324858.729397057,0.9059886983517645,3-3-2-2-2-1-2-2-3-3-3-3-3-3-3-2,3,5,129,0
16,1,2,4,4,zero0,False,"['A10', 'A10', 'A10', 'A6000', 'A6000', 'A6000', 'A6000', 'A6000']","[9, 8, 12, 13]",25.14435577392578,24.816222657381235,0.28444284200668335,0.04369066655635834,True,52.45709228515625,11338063.221269712,0.907045057701577,8-8-12-12,3,5,131,0
16,1,2,4,4,zero1,False,"['A10', 'A10', 'A10', 'A6000', 'A6000', 'A6000', 'A6000', 'A6000']","[9, 8, 12, 13]",25.14435577392578,24.816222657381235,0.28444284200668335,0.04369066655635834,True,42.54124450683594,11338063.221269712,0.907045057701577,8-8-12-12,3,5,131,0
16,1,2,4,4,zero0,False,"['A6000', 'A10', 'A10', 'A10', 'A6000', 'A6000', 'A6000', 'A6000']","[9, 8, 12, 13]",25.14435577392578,24.816222657381235,0.28444284200668335,0.04369066655635834,True,52.45709228515625,11338063.221269712,0.907045057701577,8-8-12-12,3,5,131,0
16,1,2,4,4,zero1,False,"['A6000', 'A10', 'A10', 'A10', 'A6000', 'A6000', 'A6000', 'A6000']","[9, 8, 12, 13]",25.14435577392578,24.816222657381235,0.28444284200668335,0.04369066655635834,True,42.54124450683594,11338063.221269712,0.907045057701577,8-8-12-12,3,5,131,0
64,1,2,16,1,zero1,False,"['A6000', 'A6000', 'A10', 'A10', 'A10', 'A6000', 'A6000', 'A6000']","[4, 3, 3, 3, 2, 2, 2, 1, 2, 2, 3, 3, 3, 3, 3, 3]",25.144384384155273,25.133460495903858,0.0,0.010922666639089584,True,57.961021423339844,11338076.12216062,0.9070460897728495,3-3-3-3-2-2-2-1-2-2-3-3-3-3-3-2,3,5,135,0
64,1,2,16,1,zero0,False,"['A6000', 'A6000', 'A10', 'A10', 'A10', 'A6000', 'A6000', 'A6000']","[4, 3, 3, 3, 2, 2, 2, 1, 2, 2, 3, 3, 3, 3, 3, 3]",25.144384384155273,25.133460495903858,0.0,0.010922666639089584,True,57.961021423339844,11338076.12216062,0.9070460897728495,3-3-3-3-2-2-2-1-2-2-3-3-3-3-3-2,3,5,135,0
64,1,2,16,1,zero0,False,"['A6000', 'A6000', 'A6000', 'A10', 'A10', 'A10', 'A6000', 'A6000']","[4, 3, 3, 3, 3, 3, 2, 2, 2, 1, 2, 2, 3, 3, 3, 3]",25.173696517944336,25.16277271590386,0.0,0.010922666639089584,True,57.961021423339844,11351293.514924182,0.9081034811939345,3-3-3-3-3-3-2-2-2-1-2-2-3-3-3-2,3,5,137,0
64,1,2,16,1,zero1,False,"['A6000', 'A6000', 'A6000', 'A10', 'A10', 'A10', 'A6000', 'A6000']","[4, 3, 3, 3, 3, 3, 2, 2, 2, 1, 2, 2, 3, 3, 3, 3]",25.173696517944336,25.16277271590386,0.0,0.010922666639089584,True,57.961021423339844,11351293.514924182,0.9081034811939345,3-3-3-3-3-3-2-2-2-1-2-2-3-3-3-2,3,5,137,0
64,1,2,16,1,zero1,False,"['A6000', 'A6000', 'A6000', 'A6000', 'A10', 'A10', 'A10', 'A6000']","[4, 3, 3, 3, 3, 3, 3, 3, 2, 2, 2, 1, 2, 2, 3, 3]",25.2030086517334,25.19208493590386,0.0,0.010922666639089584,True,57.961021423339844,11364510.907687742,0.9091608726150194,3-3-3-3-3-3-3-3-2-2-2-1-2-2-3-2,3,5,139,0
64,1,2,16,1,zero0,False,"['A6000', 'A6000', 'A6000', 'A6000', 'A10', 'A10', 'A10', 'A6000']","[4, 3, 3, 3, 3, 3, 3, 3, 2, 2, 2, 1, 2, 2, 3, 3]",25.2030086517334,25.19208493590386,0.0,0.010922666639089584,True,57.961021423339844,11364510.907687742,0.9091608726150194,3-3-3-3-3-3-3-3-2-2-2-1-2-2-3-2,3,5,139,0
32,1,2,8,2,zero0,False,"['A10', 'A6000', 'A6000', 'A6000', 'A6000', 'A6000', 'A10', 'A10']","[5, 6, 6, 6, 6, 5, 4, 4]",25.31380271911621,25.209350614999032,0.08260700106620789,0.02184533327817917,True,43.585235595703125,11414470.037753448,0.9131576030202758,4-6-6-6-6-5-4-3,3,5,141,0
32,1,2,8,2,zero1,False,"['A10', 'A6000', 'A6000', 'A6000', 'A6000', 'A6000', 'A10', 'A10']","[5, 6, 6, 6, 6, 5, 4, 4]",25.31380271911621,25.209350614999032,0.08260700106620789,0.02184533327817917,True,40.05107116699219,11414470.037753448,0.9131576030202758,4-6-6-6-6-5-4-3,3,5,141,0
32,1,2,8,2,zero1,False,"['A6000', 'A6000', 'A6000', 'A6000', 'A6000', 'A10', 'A10', 'A10']","[6, 6, 6, 6, 6, 4, 4, 4]",25.32952880859375,25.208693373399036,0.09899207949638367,0.02184533327817917,True,49.796810150146484,11421561.227455137,0.913724898196411,5-6-6-6-6-4-4-3,3,5,143,0
32,1,2,8,2,zero0,False,"['A6000', 'A6000', 'A6000', 'A6000', 'A6000', 'A10', 'A10', 'A10']","[6, 6, 6, 6, 6, 4, 4, 4]",25.32952880859375,25.208693373399036,0.09899207949638367,0.02184533327817917,True,54.100074768066406,11421561.227455137,0.913724898196411,5-6-6-6-6-4-4-3,3,5,143,0
32,1,2,8,2,zero0,False,"['A6000', 'A6000', 'A6000', 'A6000', 'A10', 'A10', 'A10', 'A6000']","[7, 6, 6, 6, 4, 3, 4, 6]",25.353919982910156,25.216697980999037,0.11537715792655945,0.02184533327817917,True,64.61491394042969,11432559.666982755,0.9146047733586204,6-6-6-6-4-3-4-5,3,5,145,0
32,1,2,8,2,zero1,False,"['A6000', 'A6000', 'A6000', 'A6000', 'A10', 'A10', 'A10', 'A6000']","[7, 6, 6, 6, 4, 3, 4, 6]",25.353919982910156,25.216697980999037,0.11537715792655945,0.02184533327817917,True,59.54254913330078,11432559.666982755,0.9146047733586204,6-6-6-6-4-3-4-5,3,5,145,0
16,1,2,4,4,zero0,False,"['A6000', 'A6000', 'A10', 'A10', 'A10', 'A6000', 'A6000', 'A6000']","[13, 8, 8, 13]",25.402141571044922,24.948170771308096,0.4102802574634552,0.04369066655635834,True,77.92269897460938,11454303.68857622,0.9163442950860976,12-8-8-12,3,5,147,0
16,1,2,4,4,zero0,False,"['A6000', 'A6000', 'A6000', 'A10', 'A10', 'A10', 'A6000', 'A6000']","[13, 8, 8, 13]",25.402141571044922,24.948170771308096,0.4102802574634552,0.04369066655635834,True,77.92269897460938,11454303.68857622,0.9163442950860976,12-8-8-12,3,5,147,0
16,1,2,4,4,zero1,False,"['A6000', 'A6000', 'A6000', 'A10', 'A10', 'A10', 'A6000', 'A6000']","[13, 8, 8, 13]",25.402141571044922,24.948170771308096,0.4102802574634552,0.04369066655635834,True,63.392250061035156,11454303.68857622,0.9163442950860976,12-8-8-12,3,5,147,0
16,1,2,4,4,zero1,False,"['A6000', 'A6000', 'A10', 'A10', 'A10', 'A6000', 'A6000', 'A6000']","[13, 8, 8, 13]",25.402141571044922,24.948170771308096,0.4102802574634552,0.04369066655635834,True,63.392250061035156,11454303.68857622,0.9163442950860976,12-8-8-12,3,5,147,0
2,2,1,2,16,zero0,False,"['A6000', 'A6000', 'A6000', 'A6000', 'A10', 'A10', 'A10', 'A6000']","[25, 17]",25.509532928466797,23.493629602617496,1.928521990776062,0.08738133311271667,True,268.60321044921875,11502728.472683428,0.9202182778146742,24-16,3,5,151,0
2,2,1,2,16,zero1,False,"['A6000', 'A6000', 'A6000', 'A6000', 'A6000', 'A10', 'A10', 'A10']","[25, 17]",25.509532928466797,23.493629602617496,1.928521990776062,0.08738133311271667,True,197.67015075683594,11502728.472683428,0.9202182778146742,24-16,3,5,151,0
2,2,1,2,16,zero1,False,"['A6000', 'A6000', 'A6000', 'A6000', 'A10', 'A10', 'A10', 'A6000']","[25, 17]",25.509532928466797,23.493629602617496,1.928521990776062,0.08738133311271667,True,197.67015075683594,11502728.472683428,0.9202182778146742,24-16,3,5,151,0
2,2,1,2,16,zero0,False,"['A6000', 'A6000', 'A6000', 'A6000', 'A6000', 'A10', 'A10', 'A10']","[25, 17]",25.509532928466797,23.493629602617496,1.928521990776062,0.08738133311271667,True,268.60321044921875,11502728.472683428,0.9202182778146742,24-16,3,5,151,0
64,1,2,16,1,zero0,False,"['A6000', 'A6000', 'A6000', 'A6000', 'A6000', 'A10', 'A10', 'A10']","[3, 3, 3, 3, 3, 3, 3, 3, 3, 3, 2, 2, 2, 2, 2, 2]",25.702543258666992,25.69161908391775,0.0,0.010922666639089584,True,53.388633728027344,11589760.462917883,0.9271808370334307,2-3-3-3-3-3-3-3-3-3-2-2-2-2-2-1,3,5,155,0
64,1,2,16,1,zero1,False,"['A6000', 'A6000', 'A6000', 'A6000', 'A6000', 'A10', 'A10', 'A10']","[3, 3, 3, 3, 3, 3, 3, 3, 3, 3, 2, 2, 2, 2, 2, 2]",25.702543258666992,25.69161908391775,0.0,0.010922666639089584,True,53.388633728027344,11589760.462917883,0.9271808370334307,2-3-3-3-3-3-3-3-3-3-2-2-2-2-2-1,3,5,155,0
64,1,2,16,1,zero0,False,"['A10', 'A10', 'A6000', 'A6000', 'A6000', 'A6000', 'A6000', 'A10']","[3, 2, 2, 2, 3, 3, 3, 3, 3, 3, 3, 3, 3, 2, 2, 2]",25.705244064331055,25.694320007949788,0.0,0.010922666639089584,True,39.14930725097656,11590978.307019472,0.9272782645615577,2-2-2-2-3-3-3-3-3-3-3-3-3-2-2-1,3,5,157,0
64,1,2,16,1,zero1,False,"['A10', 'A10', 'A6000', 'A6000', 'A6000', 'A6000', 'A6000', 'A10']","[3, 2, 2, 2, 3, 3, 3, 3, 3, 3, 3, 3, 3, 2, 2, 2]",25.705244064331055,25.694320007949788,0.0,0.010922666639089584,True,39.14930725097656,11590978.307019472,0.9272782645615577,2-2-2-2-3-3-3-3-3-3-3-3-3-2-2-1,3,5,157,0
64,1,2,16,1,zero1,False,"['A10', 'A6000', 'A6000', 'A6000', 'A6000', 'A6000', 'A10', 'A10']","[3, 2, 3, 3, 3, 3, 3, 3, 3, 3, 3, 2, 2, 2, 2, 2]",25.705244064331055,25.694320007949788,0.0,0.010922666639089584,True,39.14930725097656,11590978.307019472,0.9272782645615577,2-2-3-3-3-3-3-3-3-3-3-2-2-2-2-1,3,5,157,0
64,1,2,16,1,zero0,False,"['A10', 'A6000', 'A6000', 'A6000', 'A6000', 'A6000', 'A10', 'A10']","[3, 2, 3, 3, 3, 3, 3, 3, 3, 3, 3, 2, 2, 2, 2, 2]",25.705244064331055,25.694320007949788,0.0,0.010922666639089584,True,39.14930725097656,11590978.307019472,0.9272782645615577,2-2-3-3-3-3-3-3-3-3-3-2-2-2-2-1,3,5,157,0
16,1,2,4,4,zero0,False,"['A10', 'A6000', 'A6000', 'A6000', 'A6000', 'A6000', 'A10', 'A10']","[9, 12, 12, 9]",25.808792114257812,25.480659224108106,0.28444284200668335,0.04369066655635834,True,52.45709228515625,11637670.07144822,0.9310136057158576,8-12-12-8,3,5,161,0
16,1,2,4,4,zero1,False,"['A10', 'A6000', 'A6000', 'A6000', 'A6000', 'A6000', 'A10', 'A10']","[9, 12, 12, 9]",25.808792114257812,25.480659224108106,0.28444284200668335,0.04369066655635834,True,42.54124450683594,11637670.07144822,0.9310136057158576,8-12-12-8,3,5,161,0
16,1,2,4,4,zero1,False,"['A10', 'A10', 'A6000', 'A6000', 'A6000', 'A6000', 'A6000', 'A10']","[9, 12, 12, 9]",25.808792114257812,25.480659224108106,0.28444284200668335,0.04369066655635834,True,42.54124450683594,11637670.07144822,0.9310136057158576,8-12-12-8,3,5,161,0
16,1,2,4,4,zero0,False,"['A10', 'A10', 'A6000', 'A6000', 'A6000', 'A6000', 'A6000', 'A10']","[9, 12, 12, 9]",25.808792114257812,25.480659224108106,0.28444284200668335,0.04369066655635834,True,52.45709228515625,11637670.07144822,0.9310136057158576,8-12-12-8,3,5,161,0
16,1,2,4,4,zero0,False,"['A6000', 'A6000', 'A6000', 'A6000', 'A6000', 'A10', 'A10', 'A10']","[13, 12, 8, 9]",25.933971405029297,25.480001982508107,0.4102802574634552,0.04369066655635834,True,77.92269897460938,11694115.76946179,0.9355292615569432,12-12-8-8,3,5,165,0
16,1,2,4,4,zero0,False,"['A6000', 'A6000', 'A6000', 'A6000', 'A10', 'A10', 'A10', 'A6000']","[13, 12, 8, 9]",25.933971405029297,25.480001982508107,0.4102802574634552,0.04369066655635834,True,77.92269897460938,11694115.76946179,0.9355292615569432,12-12-8-8,3,5,165,0
16,1,2,4,4,zero1,False,"['A6000', 'A6000', 'A6000', 'A6000', 'A10', 'A10', 'A10', 'A6000']","[13, 12, 8, 9]",25.933971405029297,25.480001982508107,0.4102802574634552,0.04369066655635834,True,63.392250061035156,11694115.76946179,0.9355292615569432,12-12-8-8,3,5,165,0
16,1,2,4,4,zero1,False,"['A6000', 'A6000', 'A6000', 'A6000', 'A6000', 'A10', 'A10', 'A10']","[13, 12, 8, 9]",25.933971405029297,25.480001982508107,0.4102802574634552,0.04369066655635834,True,63.392250061035156,11694115.76946179,0.9355292615569432,12-12-8-8,3,5,165,0
4,1,1,2,16,zero0,False,"['A10', 'A6000', 'A6000', 'A6000', 'A6000', 'A6000', 'A10', 'A10']","[21, 21]",26.207326889038086,24.506018226981247,1.6139280796051025,0.08738133311271667,True,164.96963500976562,11817376.901599698,0.9453901521279758,20-20,3,5,169,0
4,1,1,2,16,zero0,False,"['A6000', 'A6000', 'A10', 'A10', 'A10', 'A6000', 'A6000', 'A6000']","[21, 21]",26.207326889038086,24.506018226981247,1.6139280796051025,0.08738133311271667,True,164.96963500976562,11817376.901599698,0.9453901521279758,20-20,3,5,169,0
4,1,1,2,16,zero1,False,"['A6000', 'A6000', 'A10', 'A10', 'A10', 'A6000', 'A6000', 'A6000']","[21, 21]",26.207326889038086,24.506018226981247,1.6139280796051025,0.08738133311271667,True,105.5726547241211,11817376.901599698,0.9453901521279758,20-20,3,5,169,0
4,1,1,2,16,zero1,False,"['A10', 'A6000', 'A6000', 'A6000', 'A6000', 'A6000', 'A10', 'A10']","[21, 21]",26.207326889038086,24.506018226981247,1.6139280796051025,0.08738133311271667,True,105.5726547241211,11817376.901599698,0.9453901521279758,20-20,3,5,169,0
4,1,1,2,16,zero0,False,"['A10', 'A10', 'A6000', 'A6000', 'A6000', 'A6000', 'A6000', 'A10']","[21, 21]",26.207326889038086,24.506018226981247,1.6139280796051025,0.08738133311271667,True,164.96963500976562,11817376.901599698,0.9453901521279758,20-20,3,5,169,0
4,1,1,2,16,zero1,False,"['A10', 'A10', 'A6000', 'A6000', 'A6000', 'A6000', 'A6000', 'A10']","[21, 21]",26.207326889038086,24.506018226981247,1.6139280796051025,0.08738133311271667,True,105.5726547241211,11817376.901599698,0.9453901521279758,20-20,3,5,169,0
4,1,1,2,16,zero0,False,"['A6000', 'A6000', 'A6000', 'A10', 'A10', 'A10', 'A6000', 'A6000']","[21, 21]",26.207326889038086,24.506018226981247,1.6139280796051025,0.08738133311271667,True,164.96963500976562,11817376.901599698,0.9453901521279758,20-20,3,5,169,0
4,1,1,2,16,zero1,False,"['A6000', 'A6000', 'A6000', 'A10', 'A10', 'A10', 'A6000', 'A6000']","[21, 21]",26.207326889038086,24.506018226981247,1.6139280796051025,0.08738133311271667,True,105.5726547241211,11817376.901599698,0.9453901521279758,20-20,3,5,169,0
4,2,2,2,8,zero1,False,"['A6000', 'A10', 'A10', 'A10', 'A6000', 'A6000', 'A6000', 'A6000']","[16, 26]",26.831382751464844,26.19892496916249,0.5887681245803833,0.04369066655635834,True,70.84638977050781,12098775.434352556,0.9679020347482045,15-25,3,5,177,0
4,2,2,2,8,zero0,False,"['A6000', 'A10', 'A10', 'A10', 'A6000', 'A6000', 'A6000', 'A6000']","[16, 26]",26.831382751464844,26.19892496916249,0.5887681245803833,0.04369066655635834,True,91.83635711669922,12098775.434352556,0.9679020347482045,15-25,3,5,177,0
4,2,2,2,8,zero1,False,"['A10', 'A10', 'A10', 'A6000', 'A6000', 'A6000', 'A6000', 'A6000']","[16, 26]",26.831382751464844,26.19892496916249,0.5887681245803833,0.04369066655635834,True,70.84638977050781,12098775.434352556,0.9679020347482045,15-25,3,5,177,0
4,2,2,2,8,zero0,False,"['A10', 'A10', 'A10', 'A6000', 'A6000', 'A6000', 'A6000', 'A6000']","[16, 26]",26.831382751464844,26.19892496916249,0.5887681245803833,0.04369066655635834,True,91.83635711669922,12098775.434352556,0.9679020347482045,15-25,3,5,177,0
4,2,2,2,8,zero1,False,"['A6000', 'A6000', 'A6000', 'A6000', 'A10', 'A10', 'A10', 'A6000']","[26, 16]",26.907073974609375,25.907590265962483,0.9557942152023315,0.04369066655635834,True,117.59412384033203,12132906.031335194,0.9706324825068154,25-15,3,5,181,0
4,2,2,2,8,zero0,False,"['A6000', 'A6000', 'A6000', 'A6000', 'A6000', 'A10', 'A10', 'A10']","[26, 16]",26.907073974609375,25.907590265962483,0.9557942152023315,0.04369066655635834,True,152.0433349609375,12132906.031335194,0.9706324825068154,25-15,3,5,181,0
4,2,2,2,8,zero1,False,"['A6000', 'A6000', 'A6000', 'A6000', 'A6000', 'A10', 'A10', 'A10']","[26, 16]",26.907073974609375,25.907590265962483,0.9557942152023315,0.04369066655635834,True,117.59412384033203,12132906.031335194,0.9706324825068154,25-15,3,5,181,0
4,2,2,2,8,zero0,False,"['A6000', 'A6000', 'A6000', 'A6000', 'A10', 'A10', 'A10', 'A6000']","[26, 16]",26.907073974609375,25.907590265962483,0.9557942152023315,0.04369066655635834,True,152.0433349609375,12132906.031335194,0.9706324825068154,25-15,3,5,181,0
64,1,1,32,1,zero1,False,"['A10', 'A10', 'A10', 'A6000', 'A6000', 'A6000', 'A6000', 'A6000']","[2, 1, 1, 1, 1, 1, 1, 1, 1, 1, 1, 1, 2, 2, 1, 2, 2, 2, 1, 1, 2, 1, 1, 1, 2, 1, 1, 1, 2, 1, 1, 2]",27.016826629638672,26.994982074135972,0.0,0.02184533327817917,True,64.58515167236328,12182395.568971897,0.9745916455177518,1-1-1-1-1-1-1-1-1-1-1-1-2-2-1-2-2-2-1-1-2-1-1-1-2-1-1-1-2-1-1-1,3,5,185,0
64,1,1,32,1,zero0,False,"['A10', 'A10', 'A10', 'A6000', 'A6000', 'A6000', 'A6000', 'A6000']","[2, 1, 1, 1, 1, 1, 1, 1, 1, 1, 1, 1, 2, 2, 1, 2, 2, 2, 1, 1, 2, 1, 1, 1, 2, 1, 1, 1, 2, 1, 1, 2]",27.016826629638672,26.994982074135972,0.0,0.02184533327817917,True,64.58515167236328,12182395.568971897,0.9745916455177518,1-1-1-1-1-1-1-1-1-1-1-1-2-2-1-2-2-2-1-1-2-1-1-1-2-1-1-1-2-1-1-1,3,5,185,0
64,1,1,32,1,zero0,False,"['A6000', 'A10', 'A10', 'A10', 'A6000', 'A6000', 'A6000', 'A6000']","[3, 2, 1, 2, 1, 1, 1, 1, 1, 1, 1, 1, 1, 1, 1, 1, 2, 2, 1, 1, 2, 1, 1, 1, 2, 1, 1, 1, 2, 1, 1, 2]",27.020421981811523,26.99857673333597,0.0,0.02184533327817917,True,126.11854553222656,12184016.780929167,0.9747213424743334,2-2-1-2-1-1-1-1-1-1-1-1-1-1-1-1-2-2-1-1-2-1-1-1-2-1-1-1-2-1-1-1,3,5,187,0
64,1,1,32,1,zero0,False,"['A6000', 'A6000', 'A6000', 'A6000', 'A10', 'A10', 'A10', 'A6000']","[3, 1, 2, 1, 2, 1, 2, 2, 2, 1, 1, 1, 2, 1, 1, 1, 1, 1, 1, 1, 1, 1, 1, 1, 1, 1, 1, 1, 2, 1, 1, 2]",27.020421981811523,26.998576733335966,0.0,0.02184533327817917,True,126.11854553222656,12184016.780929167,0.9747213424743334,2-1-2-1-2-1-2-2-2-1-1-1-2-1-1-1-1-1-1-1-1-1-1-1-1-1-1-1-2-1-1-1,3,5,187,0
64,1,1,32,1,zero1,False,"['A6000', 'A6000', 'A10', 'A10', 'A10', 'A6000', 'A6000', 'A6000']","[3, 1, 2, 1, 2, 1, 2, 2, 1, 1, 1, 1, 1, 1, 1, 1, 1, 1, 1, 1, 2, 1, 1, 1, 2, 1, 1, 1, 2, 1, 1, 2]",27.020421981811523,26.998576733335966,0.0,0.02184533327817917,True,126.11854553222656,12184016.780929167,0.9747213424743334,2-1-2-1-2-1-2-2-1-1-1-1-1-1-1-1-1-1-1-1-2-1-1-1-2-1-1-1-2-1-1-1,3,5,187,0
64,1,1,32,1,zero1,False,"['A6000', 'A10', 'A10', 'A10', 'A6000', 'A6000', 'A6000', 'A6000']","[3, 2, 1, 2, 1, 1, 1, 1, 1, 1, 1, 1, 1, 1, 1, 1, 2, 2, 1, 1, 2, 1, 1, 1, 2, 1, 1, 1, 2, 1, 1, 2]",27.020421981811523,26.99857673333597,0.0,0.02184533327817917,True,126.11854553222656,12184016.780929167,0.9747213424743334,2-2-1-2-1-1-1-1-1-1-1-1-1-1-1-1-2-2-1-1-2-1-1-1-2-1-1-1-2-1-1-1,3,5,187,0
64,1,1,32,1,zero0,False,"['A6000', 'A6000', 'A10', 'A10', 'A10', 'A6000', 'A6000', 'A6000']","[3, 1, 2, 1, 2, 1, 2, 2, 1, 1, 1, 1, 1, 1, 1, 1, 1, 1, 1, 1, 2, 1, 1, 1, 2, 1, 1, 1, 2, 1, 1, 2]",27.020421981811523,26.998576733335966,0.0,0.02184533327817917,True,126.11854553222656,12184016.780929167,0.9747213424743334,2-1-2-1-2-1-2-2-1-1-1-1-1-1-1-1-1-1-1-1-2-1-1-1-2-1-1-1-2-1-1-1,3,5,187,0
64,1,1,32,1,zero1,False,"['A6000', 'A6000', 'A6000', 'A6000', 'A10', 'A10', 'A10', 'A6000']","[3, 1, 2, 1, 2, 1, 2, 2, 2, 1, 1, 1, 2, 1, 1, 1, 1, 1, 1, 1, 1, 1, 1, 1, 1, 1, 1, 1, 2, 1, 1, 2]",27.020421981811523,26.998576733335966,0.0,0.02184533327817917,True,126.11854553222656,12184016.780929167,0.9747213424743334,2-1-2-1-2-1-2-2-2-1-1-1-2-1-1-1-1-1-1-1-1-1-1-1-1-1-1-1-2-1-1-1,3,5,187,0
64,1,1,32,1,zero0,False,"['A6000', 'A6000', 'A6000', 'A10', 'A10', 'A10', 'A6000', 'A6000']","[3, 1, 2, 1, 2, 1, 2, 2, 2, 1, 1, 1, 1, 1, 1, 1, 1, 1, 1, 1, 1, 1, 1, 1, 2, 1, 1, 1, 2, 1, 1, 2]",27.020421981811523,26.998576733335966,0.0,0.02184533327817917,True,126.11854553222656,12184016.780929167,0.9747213424743334,2-1-2-1-2-1-2-2-2-1-1-1-1-1-1-1-1-1-1-1-1-1-1-1-2-1-1-1-2-1-1-1,3,5,187,0
64,1,1,32,1,zero1,False,"['A6000', 'A6000', 'A6000', 'A10', 'A10', 'A10', 'A6000', 'A6000']","[3, 1, 2, 1, 2, 1, 2, 2, 2, 1, 1, 1, 1, 1, 1, 1, 1, 1, 1, 1, 1, 1, 1, 1, 2, 1, 1, 1, 2, 1, 1, 2]",27.020421981811523,26.998576733335966,0.0,0.02184533327817917,True,126.11854553222656,12184016.780929167,0.9747213424743334,2-1-2-1-2-1-2-2-2-1-1-1-1-1-1-1-1-1-1-1-1-1-1-1-2-1-1-1-2-1-1-1,3,5,187,0
16,1,4,2,4,zero0,False,"['A10', 'A10', 'A10', 'A6000', 'A6000', 'A6000', 'A6000', 'A6000']","[17, 25]",27.022443771362305,26.71615574101621,0.2844429016113281,0.02184533327817917,True,39.0081787109375,12184928.443886569,0.9747942755109256,16-24,3,5,195,0
16,1,4,2,4,zero1,False,"['A6000', 'A10', 'A10', 'A10', 'A6000', 'A6000', 'A6000', 'A6000']","[17, 25]",27.022443771362305,26.71615574101621,0.2844429016113281,0.02184533327817917,True,29.434967041015625,12184928.443886569,0.9747942755109256,16-24,3,5,195,0
16,1,4,2,4,zero1,False,"['A10', 'A10', 'A10', 'A6000', 'A6000', 'A6000', 'A6000', 'A6000']","[17, 25]",27.022443771362305,26.71615574101621,0.2844429016113281,0.02184533327817917,True,29.434967041015625,12184928.443886569,0.9747942755109256,16-24,3,5,195,0
16,1,4,2,4,zero0,False,"['A6000', 'A10', 'A10', 'A10', 'A6000', 'A6000', 'A6000', 'A6000']","[17, 25]",27.022443771362305,26.71615574101621,0.2844429016113281,0.02184533327817917,True,39.0081787109375,12184928.443886569,0.9747942755109256,16-24,3,5,195,0
16,1,4,2,4,zero0,False,"['A6000', 'A6000', 'A6000', 'A6000', 'A10', 'A10', 'A10', 'A6000']","[25, 17]",27.185359954833984,26.75323581461619,0.41028040647506714,0.02184533327817917,True,58.13079833984375,12258390.417006014,0.9806712333604811,24-16,3,5,199,0
16,1,4,2,4,zero0,False,"['A6000', 'A6000', 'A6000', 'A6000', 'A6000', 'A10', 'A10', 'A10']","[25, 17]",27.185359954833984,26.75323581461619,0.41028040647506714,0.02184533327817917,True,58.13079833984375,12258390.417006014,0.9806712333604811,24-16,3,5,199,0
16,1,4,2,4,zero1,False,"['A6000', 'A6000', 'A6000', 'A6000', 'A6000', 'A10', 'A10', 'A10']","[25, 17]",27.185359954833984,26.75323581461619,0.41028040647506714,0.02184533327817917,False,43.94264221191406,12258390.417006014,0.9806712333604811,24-16,3,5,199,1
16,1,4,2,4,zero1,False,"['A6000', 'A6000', 'A6000', 'A6000', 'A10', 'A10', 'A10', 'A6000']","[25, 17]",27.185359954833984,26.75323581461619,0.41028040647506714,0.02184533327817917,False,43.94264221191406,12258390.417006014,0.9806712333604811,24-16,3,5,199,1
32,1,4,4,2,zero0,False,"['A6000', 'A10', 'A10', 'A10', 'A6000', 'A6000', 'A6000', 'A6000']","[9, 8, 12, 13]",27.23017120361328,27.11351015352624,0.10573694854974747,0.010922666639089584,True,30.52618408203125,12278596.652403407,0.9822877321922725,8-8-12-12,3,5,203,0
32,1,4,4,2,zero1,False,"['A10', 'A10', 'A10', 'A6000', 'A6000', 'A6000', 'A6000', 'A6000']","[9, 8, 12, 13]",27.23017120361328,27.11351015352624,0.10573694854974747,0.010922666639089584,True,27.220672607421875,12278596.652403407,0.9822877321922725,8-8-12-12,3,5,203,0
32,1,4,4,2,zero1,False,"['A6000', 'A10', 'A10', 'A10', 'A6000', 'A6000', 'A6000', 'A6000']","[9, 8, 12, 13]",27.23017120361328,27.11351015352624,0.10573694854974747,0.010922666639089584,True,27.220672607421875,12278596.652403407,0.9822877321922725,8-8-12-12,3,5,203,0
32,1,4,4,2,zero0,False,"['A10', 'A10', 'A10', 'A6000', 'A6000', 'A6000', 'A6000', 'A6000']","[9, 8, 12, 13]",27.23017120361328,27.11351015352624,0.10573694854974747,0.010922666639089584,True,30.52618408203125,12278596.652403407,0.9822877321922725,8-8-12-12,3,5,203,0
64,1,4,8,1,zero1,False,"['A6000', 'A6000', 'A6000', 'A6000', 'A6000', 'A10', 'A10', 'A10']","[6, 6, 6, 6, 6, 4, 4, 4]",27.378265380859375,27.372805168889073,0.0,0.005461333319544792,False,34.45939636230469,12345375.103973811,0.9876300083179049,5-6-6-6-6-4-4-3,3,5,207,3
64,1,4,8,1,zero0,False,"['A6000', 'A6000', 'A6000', 'A6000', 'A6000', 'A10', 'A10', 'A10']","[6, 6, 6, 6, 6, 4, 4, 4]",27.378265380859375,27.372805168889073,0.0,0.005461333319544792,False,34.45939636230469,12345375.103973811,0.9876300083179049,5-6-6-6-6-4-4-3,3,5,207,3
32,1,4,4,2,zero1,False,"['A6000', 'A6000', 'A10', 'A10', 'A10', 'A6000', 'A6000', 'A6000']","[13, 8, 8, 13]",27.396055221557617,27.2374501571981,0.14768275618553162,0.010922666639089584,False,40.56398010253906,12353396.877939567,0.9882717502351653,12-8-8-12,3,5,209,5
32,1,4,4,2,zero0,False,"['A6000', 'A6000', 'A6000', 'A10', 'A10', 'A10', 'A6000', 'A6000']","[13, 8, 8, 13]",27.396055221557617,27.2374501571981,0.14768275618553162,0.010922666639089584,True,24.88629150390625,12353396.877939567,0.9882717502351653,12-8-8-12,3,5,209,0
32,1,4,4,2,zero1,False,"['A6000', 'A6000', 'A6000', 'A10', 'A10', 'A10', 'A6000', 'A6000']","[13, 8, 8, 13]",27.396055221557617,27.2374501571981,0.14768275618553162,0.010922666639089584,False,40.56398010253906,12353396.877939567,0.9882717502351653,12-8-8-12,3,5,209,5
32,1,4,4,2,zero0,False,"['A6000', 'A6000', 'A10', 'A10', 'A10', 'A6000', 'A6000', 'A6000']","[13, 8, 8, 13]",27.396055221557617,27.2374501571981,0.14768275618553162,0.010922666639089584,True,24.88629150390625,12353396.877939567,0.9882717502351653,12-8-8-12,3,5,209,0
64,1,4,8,1,zero0,False,"['A6000', 'A6000', 'A6000', 'A6000', 'A10', 'A10', 'A10', 'A6000']","[6, 6, 6, 6, 4, 3, 4, 7]",27.52398109436035,27.518521026089047,0.0,0.005461333319544792,False,34.45939636230469,12411081.061480178,0.9928864849184141,5-6-6-6-4-3-4-6,3,5,213,7
64,1,4,8,1,zero1,False,"['A6000', 'A10', 'A10', 'A10', 'A6000', 'A6000', 'A6000', 'A6000']","[6, 4, 3, 4, 6, 6, 6, 7]",27.52398109436035,27.518521026089047,0.0,0.005461333319544792,True,22.972930908203125,12411081.061480178,0.9928864849184141,5-4-3-4-6-6-6-6,3,5,213,0
64,1,4,8,1,zero0,False,"['A6000', 'A6000', 'A10', 'A10', 'A10', 'A6000', 'A6000', 'A6000']","[6, 6, 4, 3, 4, 6, 6, 7]",27.52398109436035,27.518521026089047,0.0,0.005461333319544792,False,34.45939636230469,12411081.061480178,0.9928864849184141,5-6-4-3-4-6-6-6,3,5,213,7
64,1,4,8,1,zero1,False,"['A6000', 'A6000', 'A6000', 'A10', 'A10', 'A10', 'A6000', 'A6000']","[6, 6, 6, 4, 3, 4, 6, 7]",27.52398109436035,27.518521026089047,0.0,0.005461333319544792,False,34.45939636230469,12411081.061480178,0.9928864849184141,5-6-6-4-3-4-6-6,3,5,213,7
64,1,4,8,1,zero1,False,"['A6000', 'A6000', 'A6000', 'A6000', 'A10', 'A10', 'A10', 'A6000']","[6, 6, 6, 6, 4, 3, 4, 7]",27.52398109436035,27.518521026089047,0.0,0.005461333319544792,False,34.45939636230469,12411081.061480178,0.9928864849184141,5-6-6-6-4-3-4-6,3,5,213,7
64,1,4,8,1,zero0,False,"['A6000', 'A10', 'A10', 'A10', 'A6000', 'A6000', 'A6000', 'A6000']","[6, 4, 3, 4, 6, 6, 6, 7]",27.52398109436035,27.518521026089047,0.0,0.005461333319544792,True,22.972930908203125,12411081.061480178,0.9928864849184141,5-4-3-4-6-6-6-6,3,5,213,0
64,1,4,8,1,zero1,False,"['A6000', 'A6000', 'A10', 'A10', 'A10', 'A6000', 'A6000', 'A6000']","[6, 6, 4, 3, 4, 6, 6, 7]",27.52398109436035,27.518521026089047,0.0,0.005461333319544792,False,34.45939636230469,12411081.061480178,0.9928864849184141,5-6-4-3-4-6-6-6,3,5,213,7
64,1,4,8,1,zero0,False,"['A6000', 'A6000', 'A6000', 'A10', 'A10', 'A10', 'A6000', 'A6000']","[6, 6, 6, 4, 3, 4, 6, 7]",27.52398109436035,27.518521026089047,0.0,0.005461333319544792,False,34.45939636230469,12411081.061480178,0.9928864849184141,5-6-6-4-3-4-6-6,3,5,213,7
64,1,4,8,1,zero1,False,"['A10', 'A10', 'A10', 'A6000', 'A6000', 'A6000', 'A6000', 'A6000']","[4, 4, 4, 6, 6, 6, 5, 7]",27.524248123168945,27.518787061289046,0.0,0.005461333319544792,True,22.972930908203125,12411201.469795305,0.9928961175836244,3-4-4-6-6-6-5-6,3,5,221,0
64,1,4,8,1,zero0,False,"['A10', 'A10', 'A10', 'A6000', 'A6000', 'A6000', 'A6000', 'A6000']","[4, 4, 4, 6, 6, 6, 5, 7]",27.524248123168945,27.518787061289046,0.0,0.005461333319544792,True,22.972930908203125,12411201.469795305,0.9928961175836244,3-4-4-6-6-6-5-6,3,5,221,0
64,1,1,32,1,zero0,False,"['A6000', 'A6000', 'A6000', 'A6000', 'A6000', 'A10', 'A10', 'A10']","[3, 1, 2, 1, 2, 1, 2, 2, 2, 1, 1, 1, 2, 1, 1, 1, 2, 1, 1, 1, 1, 1, 1, 1, 1, 1, 1, 1, 1, 1, 1, 2]",27.540773391723633,27.51892887551776,0.0,0.02184533327817917,True,126.11854553222656,12418653.024382988,0.993492241950639,2-1-2-1-2-1-2-2-2-1-1-1-2-1-1-1-2-1-1-1-1-1-1-1-1-1-1-1-1-1-1-1,3,5,223,0
64,1,1,32,1,zero1,False,"['A6000', 'A6000', 'A6000', 'A6000', 'A6000', 'A10', 'A10', 'A10']","[3, 1, 2, 1, 2, 1, 2, 2, 2, 1, 1, 1, 2, 1, 1, 1, 2, 1, 1, 1, 1, 1, 1, 1, 1, 1, 1, 1, 1, 1, 1, 2]",27.540773391723633,27.51892887551776,0.0,0.02184533327817917,True,126.11854553222656,12418653.024382988,0.993492241950639,2-1-2-1-2-1-2-2-2-1-1-1-2-1-1-1-2-1-1-1-1-1-1-1-1-1-1-1-1-1-1-1,3,5,223,0
64,1,1,32,1,zero1,False,"['A10', 'A6000', 'A6000', 'A6000', 'A6000', 'A6000', 'A10', 'A10']","[2, 1, 1, 1, 2, 2, 1, 2, 2, 2, 1, 1, 2, 1, 1, 1, 2, 1, 1, 1, 2, 1, 1, 1, 1, 1, 1, 1, 1, 1, 1, 2]",27.540987014770508,27.51914269951776,0.0,0.02184533327817917,True,64.58515167236328,12418749.35103509,0.9934999480828072,1-1-1-1-2-2-1-2-2-2-1-1-2-1-1-1-2-1-1-1-2-1-1-1-1-1-1-1-1-1-1-1,3,5,225,0
64,1,1,32,1,zero0,False,"['A10', 'A10', 'A6000', 'A6000', 'A6000', 'A6000', 'A6000', 'A10']","[2, 1, 1, 1, 1, 1, 1, 1, 2, 2, 1, 2, 2, 2, 1, 1, 2, 1, 1, 1, 2, 1, 1, 1, 2, 1, 1, 1, 1, 1, 1, 2]",27.540987014770508,27.51914269951776,0.0,0.02184533327817917,True,64.58515167236328,12418749.35103509,0.9934999480828072,1-1-1-1-1-1-1-1-2-2-1-2-2-2-1-1-2-1-1-1-2-1-1-1-2-1-1-1-1-1-1-1,3,5,225,0
64,1,1,32,1,zero0,False,"['A10', 'A6000', 'A6000', 'A6000', 'A6000', 'A6000', 'A10', 'A10']","[2, 1, 1, 1, 2, 2, 1, 2, 2, 2, 1, 1, 2, 1, 1, 1, 2, 1, 1, 1, 2, 1, 1, 1, 1, 1, 1, 1, 1, 1, 1, 2]",27.540987014770508,27.51914269951776,0.0,0.02184533327817917,True,64.58515167236328,12418749.35103509,0.9934999480828072,1-1-1-1-2-2-1-2-2-2-1-1-2-1-1-1-2-1-1-1-2-1-1-1-1-1-1-1-1-1-1-1,3,5,225,0
64,1,1,32,1,zero1,False,"['A10', 'A10', 'A6000', 'A6000', 'A6000', 'A6000', 'A6000', 'A10']","[2, 1, 1, 1, 1, 1, 1, 1, 2, 2, 1, 2, 2, 2, 1, 1, 2, 1, 1, 1, 2, 1, 1, 1, 2, 1, 1, 1, 1, 1, 1, 2]",27.540987014770508,27.51914269951776,0.0,0.02184533327817917,True,64.58515167236328,12418749.35103509,0.9934999480828072,1-1-1-1-1-1-1-1-2-2-1-2-2-2-1-1-2-1-1-1-2-1-1-1-2-1-1-1-1-1-1-1,3,5,225,0
8,2,1,8,4,zero1,False,"['A10', 'A10', 'A6000', 'A6000', 'A6000', 'A6000', 'A6000', 'A10']","[5, 4, 6, 6, 6, 6, 5, 4]",27.628437042236328,27.318834517672492,0.2222210019826889,0.08738133311271667,True,122.20818328857422,12458182.214180361,0.996654577134429,4-4-6-6-6-6-5-3,3,5,229,0
8,2,1,8,4,zero0,False,"['A10', 'A10', 'A6000', 'A6000', 'A6000', 'A6000', 'A6000', 'A10']","[5, 4, 6, 6, 6, 6, 5, 4]",27.628437042236328,27.318834517672492,0.2222210019826889,0.08738133311271667,True,132.81033325195312,12458182.214180361,0.996654577134429,4-4-6-6-6-6-5-3,3,5,229,0
4,1,2,1,16,zero1,False,"['A10', 'A10', 'A10', 'A6000', 'A6000', 'A6000', 'A6000', 'A6000']",[42],27.762666702270508,26.148738861083984,1.6139276027679443,0.0,True,73.85557556152344,12518708.894017402,1.0014967115213922,41-41,3,5,231,0
1,4,2,1,16,zero0,False,"['A10', 'A10', 'A10', 'A6000', 'A6000', 'A6000', 'A6000', 'A6000']",[42],27.762666702270508,26.148738861083984,1.6139276027679443,0.0,True,216.22344970703125,12518708.894017402,1.0014967115213922,41-41,3,5,231,0
1,4,2,1,16,zero1,False,"['A10', 'A10', 'A10', 'A6000', 'A6000', 'A6000', 'A6000', 'A6000']",[42],27.762666702270508,26.148738861083984,1.6139276027679443,0.0,True,156.82432556152344,12518708.894017402,1.0014967115213922,41-41,3,5,231,0
2,2,2,1,16,zero1,False,"['A10', 'A10', 'A10', 'A6000', 'A6000', 'A6000', 'A6000', 'A6000']",[42],27.762666702270508,26.148738861083984,1.6139276027679443,0.0,True,101.51182556152344,12518708.894017402,1.0014967115213922,41-41,3,5,231,0
4,1,2,1,16,zero0,False,"['A6000', 'A6000', 'A6000', 'A6000', 'A6000', 'A10', 'A10', 'A10']",[42],27.762666702270508,26.148738861083984,1.6139276027679443,0.0,True,133.25469970703125,12518708.894017402,1.0014967115213922,41-41,3,5,231,0
4,1,2,1,16,zero1,False,"['A6000', 'A6000', 'A6000', 'A10', 'A10', 'A10', 'A6000', 'A6000']",[42],27.762666702270508,26.148738861083984,1.6139276027679443,0.0,True,73.85557556152344,12518708.894017402,1.0014967115213922,41-41,3,5,231,0
1,4,2,1,16,zero1,False,"['A10', 'A10', 'A6000', 'A6000', 'A6000', 'A6000', 'A6000', 'A10']",[42],27.762666702270508,26.148738861083984,1.6139276027679443,0.0,True,156.82432556152344,12518708.894017402,1.0014967115213922,41-41,3,5,231,0
1,4,2,1,16,zero2,False,"['A10', 'A10', 'A6000', 'A6000', 'A6000', 'A6000', 'A6000', 'A10']",[42],27.762666702270508,26.148738861083984,1.6139276027679443,0.0,True,137.0246124267578,12518708.894017402,1.0014967115213922,41-41,3,5,231,0
1,4,2,1,16,zero0,False,"['A10', 'A10', 'A6000', 'A6000', 'A6000', 'A6000', 'A6000', 'A10']",[42],27.762666702270508,26.148738861083984,1.6139276027679443,0.0,True,216.22344970703125,12518708.894017402,1.0014967115213922,41-41,3,5,231,0
4,1,2,1,16,zero0,False,"['A6000', 'A6000', 'A6000', 'A10', 'A10', 'A10', 'A6000', 'A6000']",[42],27.762666702270508,26.148738861083984,1.6139276027679443,0.0,True,133.25469970703125,12518708.894017402,1.0014967115213922,41-41,3,5,231,0
2,2,2,1,16,zero0,False,"['A6000', 'A10', 'A10', 'A10', 'A6000', 'A6000', 'A6000', 'A6000']",[42],27.762666702270508,26.148738861083984,1.6139276027679443,0.0,True,160.91094970703125,12518708.894017402,1.0014967115213922,41-41,3,5,231,0
4,1,2,1,16,zero0,False,"['A10', 'A10', 'A6000', 'A6000', 'A6000', 'A6000', 'A6000', 'A10']",[42],27.762666702270508,26.148738861083984,1.6139276027679443,0.0,True,133.25469970703125,12518708.894017402,1.0014967115213922,41-41,3,5,231,0
4,1,2,1,16,zero1,False,"['A6000', 'A6000', 'A6000', 'A6000', 'A6000', 'A10', 'A10', 'A10']",[42],27.762666702270508,26.148738861083984,1.6139276027679443,0.0,True,73.85557556152344,12518708.894017402,1.0014967115213922,41-41,3,5,231,0
2,2,2,1,16,zero0,False,"['A10', 'A10', 'A6000', 'A6000', 'A6000', 'A6000', 'A6000', 'A10']",[42],27.762666702270508,26.148738861083984,1.6139276027679443,0.0,True,160.91094970703125,12518708.894017402,1.0014967115213922,41-41,3,5,231,0
2,2,2,1,16,zero1,False,"['A10', 'A10', 'A6000', 'A6000', 'A6000', 'A6000', 'A6000', 'A10']",[42],27.762666702270508,26.148738861083984,1.6139276027679443,0.0,True,101.51182556152344,12518708.894017402,1.0014967115213922,41-41,3,5,231,0
2,2,2,1,16,zero0,False,"['A6000', 'A6000', 'A6000', 'A6000', 'A10', 'A10', 'A10', 'A6000']",[42],27.762666702270508,26.148738861083984,1.6139276027679443,0.0,True,160.91094970703125,12518708.894017402,1.0014967115213922,41-41,3,5,231,0
4,1,2,1,16,zero1,False,"['A10', 'A10', 'A6000', 'A6000', 'A6000', 'A6000', 'A6000', 'A10']",[42],27.762666702270508,26.148738861083984,1.6139276027679443,0.0,True,73.85557556152344,12518708.894017402,1.0014967115213922,41-41,3,5,231,0
2,2,2,1,16,zero1,False,"['A6000', 'A10', 'A10', 'A10', 'A6000', 'A6000', 'A6000', 'A6000']",[42],27.762666702270508,26.148738861083984,1.6139276027679443,0.0,True,101.51182556152344,12518708.894017402,1.0014967115213922,41-41,3,5,231,0
1,4,2,1,16,zero2,False,"['A6000', 'A6000', 'A6000', 'A6000', 'A6000', 'A10', 'A10', 'A10']",[42],27.762666702270508,26.148738861083984,1.6139276027679443,0.0,True,137.0246124267578,12518708.894017402,1.0014967115213922,41-41,3,5,231,0
1,4,2,1,16,zero1,False,"['A6000', 'A6000', 'A6000', 'A6000', 'A6000', 'A10', 'A10', 'A10']",[42],27.762666702270508,26.148738861083984,1.6139276027679443,0.0,True,156.82432556152344,12518708.894017402,1.0014967115213922,41-41,3,5,231,0
2,2,2,1,16,zero1,False,"['A10', 'A6000', 'A6000', 'A6000', 'A6000', 'A6000', 'A10', 'A10']",[42],27.762666702270508,26.148738861083984,1.6139276027679443,0.0,True,101.51182556152344,12518708.894017402,1.0014967115213922,41-41,3,5,231,0
1,4,2,1,16,zero0,False,"['A10', 'A6000', 'A6000', 'A6000', 'A6000', 'A6000', 'A10', 'A10']",[42],27.762666702270508,26.148738861083984,1.6139276027679443,0.0,True,216.22344970703125,12518708.894017402,1.0014967115213922,41-41,3,5,231,0
1,4,2,1,16,zero0,False,"['A6000', 'A10', 'A10', 'A10', 'A6000', 'A6000', 'A6000', 'A6000']",[42],27.762666702270508,26.148738861083984,1.6139276027679443,0.0,True,216.22344970703125,12518708.894017402,1.0014967115213922,41-41,3,5,231,0
1,4,2,1,16,zero1,False,"['A6000', 'A6000', 'A10', 'A10', 'A10', 'A6000', 'A6000', 'A6000']",[42],27.762666702270508,26.148738861083984,1.6139276027679443,0.0,True,156.82432556152344,12518708.894017402,1.0014967115213922,41-41,3,5,231,0
1,4,2,1,16,zero2,False,"['A6000', 'A6000', 'A6000', 'A10', 'A10', 'A10', 'A6000', 'A6000']",[42],27.762666702270508,26.148738861083984,1.6139276027679443,0.0,True,137.0246124267578,12518708.894017402,1.0014967115213922,41-41,3,5,231,0
1,4,2,1,16,zero1,False,"['A6000', 'A10', 'A10', 'A10', 'A6000', 'A6000', 'A6000', 'A6000']",[42],27.762666702270508,26.148738861083984,1.6139276027679443,0.0,True,156.82432556152344,12518708.894017402,1.0014967115213922,41-41,3,5,231,0
4,1,2,1,16,zero1,False,"['A6000', 'A6000', 'A6000', 'A6000', 'A10', 'A10', 'A10', 'A6000']",[42],27.762666702270508,26.148738861083984,1.6139276027679443,0.0,True,73.85557556152344,12518708.894017402,1.0014967115213922,41-41,3,5,231,0
4,1,2,1,16,zero0,False,"['A10', 'A6000', 'A6000', 'A6000', 'A6000', 'A6000', 'A10', 'A10']",[42],27.762666702270508,26.148738861083984,1.6139276027679443,0.0,True,133.25469970703125,12518708.894017402,1.0014967115213922,41-41,3,5,231,0
1,4,2,1,16,zero0,False,"['A6000', 'A6000', 'A6000', 'A6000', 'A6000', 'A10', 'A10', 'A10']",[42],27.762666702270508,26.148738861083984,1.6139276027679443,0.0,True,216.22344970703125,12518708.894017402,1.0014967115213922,41-41,3,5,231,0
2,2,2,1,16,zero1,False,"['A6000', 'A6000', 'A6000', 'A6000', 'A6000', 'A10', 'A10', 'A10']",[42],27.762666702270508,26.148738861083984,1.6139276027679443,0.0,True,101.51182556152344,12518708.894017402,1.0014967115213922,41-41,3,5,231,0
4,1,2,1,16,zero0,False,"['A6000', 'A10', 'A10', 'A10', 'A6000', 'A6000', 'A6000', 'A6000']",[42],27.762666702270508,26.148738861083984,1.6139276027679443,0.0,True,133.25469970703125,12518708.894017402,1.0014967115213922,41-41,3,5,231,0
2,2,2,1,16,zero0,False,"['A6000', 'A6000', 'A6000', 'A6000', 'A6000', 'A10', 'A10', 'A10']",[42],27.762666702270508,26.148738861083984,1.6139276027679443,0.0,True,160.91094970703125,12518708.894017402,1.0014967115213922,41-41,3,5,231,0
4,1,2,1,16,zero0,False,"['A6000', 'A6000', 'A10', 'A10', 'A10', 'A6000', 'A6000', 'A6000']",[42],27.762666702270508,26.148738861083984,1.6139276027679443,0.0,True,133.25469970703125,12518708.894017402,1.0014967115213922,41-41,3,5,231,0
4,1,2,1,16,zero0,False,"['A6000', 'A6000', 'A6000', 'A6000', 'A10', 'A10', 'A10', 'A6000']",[42],27.762666702270508,26.148738861083984,1.6139276027679443,0.0,True,133.25469970703125,12518708.894017402,1.0014967115213922,41-41,3,5,231,0
1,4,2,1,16,zero2,False,"['A6000', 'A10', 'A10', 'A10', 'A6000', 'A6000', 'A6000', 'A6000']",[42],27.762666702270508,26.148738861083984,1.6139276027679443,0.0,True,137.0246124267578,12518708.894017402,1.0014967115213922,41-41,3,5,231,0
1,4,2,1,16,zero2,False,"['A6000', 'A6000', 'A10', 'A10', 'A10', 'A6000', 'A6000', 'A6000']",[42],27.762666702270508,26.148738861083984,1.6139276027679443,0.0,True,137.0246124267578,12518708.894017402,1.0014967115213922,41-41,3,5,231,0
2,2,2,1,16,zero1,False,"['A6000', 'A6000', 'A6000', 'A6000', 'A10', 'A10', 'A10', 'A6000']",[42],27.762666702270508,26.148738861083984,1.6139276027679443,0.0,True,101.51182556152344,12518708.894017402,1.0014967115213922,41-41,3,5,231,0
2,2,2,1,16,zero1,False,"['A6000', 'A6000', 'A6000', 'A10', 'A10', 'A10', 'A6000', 'A6000']",[42],27.762666702270508,26.148738861083984,1.6139276027679443,0.0,True,101.51182556152344,12518708.894017402,1.0014967115213922,41-41,3,5,231,0
1,4,2,1,16,zero0,False,"['A6000', 'A6000', 'A6000', 'A10', 'A10', 'A10', 'A6000', 'A6000']",[42],27.762666702270508,26.148738861083984,1.6139276027679443,0.0,True,216.22344970703125,12518708.894017402,1.0014967115213922,41-41,3,5,231,0
2,2,2,1,16,zero0,False,"['A6000', 'A6000', 'A6000', 'A10', 'A10', 'A10', 'A6000', 'A6000']",[42],27.762666702270508,26.148738861083984,1.6139276027679443,0.0,True,160.91094970703125,12518708.894017402,1.0014967115213922,41-41,3,5,231,0
4,1,2,1,16,zero1,False,"['A10', 'A6000', 'A6000', 'A6000', 'A6000', 'A6000', 'A10', 'A10']",[42],27.762666702270508,26.148738861083984,1.6139276027679443,0.0,True,73.85557556152344,12518708.894017402,1.0014967115213922,41-41,3,5,231,0
1,4,2,1,16,zero1,False,"['A6000', 'A6000', 'A6000', 'A10', 'A10', 'A10', 'A6000', 'A6000']",[42],27.762666702270508,26.148738861083984,1.6139276027679443,0.0,True,156.82432556152344,12518708.894017402,1.0014967115213922,41-41,3,5,231,0
2,2,2,1,16,zero0,False,"['A10', 'A6000', 'A6000', 'A6000', 'A6000', 'A6000', 'A10', 'A10']",[42],27.762666702270508,26.148738861083984,1.6139276027679443,0.0,True,160.91094970703125,12518708.894017402,1.0014967115213922,41-41,3,5,231,0
2,2,2,1,16,zero0,False,"['A6000', 'A6000', 'A10', 'A10', 'A10', 'A6000', 'A6000', 'A6000']",[42],27.762666702270508,26.148738861083984,1.6139276027679443,0.0,True,160.91094970703125,12518708.894017402,1.0014967115213922,41-41,3,5,231,0
4,1,2,1,16,zero1,False,"['A6000', 'A10', 'A10', 'A10', 'A6000', 'A6000', 'A6000', 'A6000']",[42],27.762666702270508,26.148738861083984,1.6139276027679443,0.0,True,73.85557556152344,12518708.894017402,1.0014967115213922,41-41,3,5,231,0
1,4,2,1,16,zero0,False,"['A6000', 'A6000', 'A6000', 'A6000', 'A10', 'A10', 'A10', 'A6000']",[42],27.762666702270508,26.148738861083984,1.6139276027679443,0.0,True,216.22344970703125,12518708.894017402,1.0014967115213922,41-41,3,5,231,0
1,4,2,1,16,zero1,False,"['A6000', 'A6000', 'A6000', 'A6000', 'A10', 'A10', 'A10', 'A6000']",[42],27.762666702270508,26.148738861083984,1.6139276027679443,0.0,True,156.82432556152344,12518708.894017402,1.0014967115213922,41-41,3,5,231,0
1,4,2,1,16,zero2,False,"['A6000', 'A6000', 'A6000', 'A6000', 'A10', 'A10', 'A10', 'A6000']",[42],27.762666702270508,26.148738861083984,1.6139276027679443,0.0,True,137.0246124267578,12518708.894017402,1.0014967115213922,41-41,3,5,231,0
4,1,2,1,16,zero0,False,"['A10', 'A10', 'A10', 'A6000', 'A6000', 'A6000', 'A6000', 'A6000']",[42],27.762666702270508,26.148738861083984,1.6139276027679443,0.0,True,133.25469970703125,12518708.894017402,1.0014967115213922,41-41,3,5,231,0
1,4,2,1,16,zero2,False,"['A10', 'A10', 'A10', 'A6000', 'A6000', 'A6000', 'A6000', 'A6000']",[42],27.762666702270508,26.148738861083984,1.6139276027679443,0.0,True,137.0246124267578,12518708.894017402,1.0014967115213922,41-41,3,5,231,0
4,1,2,1,16,zero1,False,"['A6000', 'A6000', 'A10', 'A10', 'A10', 'A6000', 'A6000', 'A6000']",[42],27.762666702270508,26.148738861083984,1.6139276027679443,0.0,True,73.85557556152344,12518708.894017402,1.0014967115213922,41-41,3,5,231,0
1,4,2,1,16,zero0,False,"['A6000', 'A6000', 'A10', 'A10', 'A10', 'A6000', 'A6000', 'A6000']",[42],27.762666702270508,26.148738861083984,1.6139276027679443,0.0,True,216.22344970703125,12518708.894017402,1.0014967115213922,41-41,3,5,231,0
2,2,2,1,16,zero1,False,"['A6000', 'A6000', 'A10', 'A10', 'A10', 'A6000', 'A6000', 'A6000']",[42],27.762666702270508,26.148738861083984,1.6139276027679443,0.0,True,101.51182556152344,12518708.894017402,1.0014967115213922,41-41,3,5,231,0
2,2,2,1,16,zero0,False,"['A10', 'A10', 'A10', 'A6000', 'A6000', 'A6000', 'A6000', 'A6000']",[42],27.762666702270508,26.148738861083984,1.6139276027679443,0.0,True,160.91094970703125,12518708.894017402,1.0014967115213922,41-41,3,5,231,0
1,4,2,1,16,zero2,False,"['A10', 'A6000', 'A6000', 'A6000', 'A6000', 'A6000', 'A10', 'A10']",[42],27.762666702270508,26.148738861083984,1.6139276027679443,0.0,True,137.0246124267578,12518708.894017402,1.0014967115213922,41-41,3,5,231,0
1,4,2,1,16,zero1,False,"['A10', 'A6000', 'A6000', 'A6000', 'A6000', 'A6000', 'A10', 'A10']",[42],27.762666702270508,26.148738861083984,1.6139276027679443,0.0,True,156.82432556152344,12518708.894017402,1.0014967115213922,41-41,3,5,231,0
32,1,4,4,2,zero1,False,"['A10', 'A6000', 'A6000', 'A6000', 'A6000', 'A6000', 'A10', 'A10']","[9, 12, 12, 9]",27.854555130004883,27.737893521998082,0.10573694854974747,0.010922666639089584,True,27.220672607421875,12560143.115371995,1.0048114492297595,8-12-12-8,3,5,287,0
32,1,4,4,2,zero0,False,"['A10', 'A6000', 'A6000', 'A6000', 'A6000', 'A6000', 'A10', 'A10']","[9, 12, 12, 9]",27.854555130004883,27.737893521998082,0.10573694854974747,0.010922666639089584,True,30.52618408203125,12560143.115371995,1.0048114492297595,8-12-12-8,3,5,287,0
32,1,4,4,2,zero1,False,"['A10', 'A10', 'A6000', 'A6000', 'A6000', 'A6000', 'A6000', 'A10']","[9, 12, 12, 9]",27.854555130004883,27.737893521998082,0.10573694854974747,0.010922666639089584,True,27.220672607421875,12560143.115371995,1.0048114492297595,8-12-12-8,3,5,287,0
32,1,4,4,2,zero0,False,"['A10', 'A10', 'A6000', 'A6000', 'A6000', 'A6000', 'A6000', 'A10']","[9, 12, 12, 9]",27.854555130004883,27.737893521998082,0.10573694854974747,0.010922666639089584,True,30.52618408203125,12560143.115371995,1.0048114492297595,8-12-12-8,3,5,287,0
32,1,4,4,2,zero0,False,"['A6000', 'A6000', 'A6000', 'A6000', 'A6000', 'A10', 'A10', 'A10']","[13, 12, 8, 9]",27.89623260498047,27.737627486798075,0.14768275618553162,0.010922666639089584,False,45.407806396484375,12578936.273185411,1.006314901854833,12-12-8-8,3,5,291,13
32,1,4,4,2,zero1,False,"['A6000', 'A6000', 'A6000', 'A6000', 'A6000', 'A10', 'A10', 'A10']","[13, 12, 8, 9]",27.89623260498047,27.737627486798075,0.14768275618553162,0.010922666639089584,False,40.56398010253906,12578936.273185411,1.006314901854833,12-12-8-8,3,5,291,13
32,1,4,4,2,zero0,False,"['A6000', 'A6000', 'A6000', 'A6000', 'A10', 'A10', 'A10', 'A6000']","[13, 12, 8, 9]",27.89623260498047,27.737627486798075,0.14768275618553162,0.010922666639089584,False,45.407806396484375,12578936.273185411,1.006314901854833,12-12-8-8,3,5,291,13
32,1,4,4,2,zero1,False,"['A6000', 'A6000', 'A6000', 'A6000', 'A10', 'A10', 'A10', 'A6000']","[13, 12, 8, 9]",27.89623260498047,27.737627486798075,0.14768275618553162,0.010922666639089584,False,40.56398010253906,12578936.273185411,1.006314901854833,12-12-8-8,3,5,291,13
4,2,1,4,8,zero1,False,"['A6000', 'A10', 'A10', 'A10', 'A6000', 'A6000', 'A6000', 'A6000']","[9, 8, 12, 13]",27.89705467224121,27.184202391781245,0.6254706382751465,0.08738133311271667,True,125.43273162841797,12579306.958784128,1.0063445567027303,8-8-12-12,3,5,295,0
4,2,1,4,8,zero1,False,"['A10', 'A10', 'A10', 'A6000', 'A6000', 'A6000', 'A6000', 'A6000']","[9, 8, 12, 13]",27.89705467224121,27.184202391781245,0.6254706382751465,0.08738133311271667,True,125.43273162841797,12579306.958784128,1.0063445567027303,8-8-12-12,3,5,295,0
4,2,1,4,8,zero0,False,"['A10', 'A10', 'A10', 'A6000', 'A6000', 'A6000', 'A6000', 'A6000']","[9, 8, 12, 13]",27.89705467224121,27.184202391781245,0.6254706382751465,0.08738133311271667,True,148.56890869140625,12579306.958784128,1.0063445567027303,8-8-12-12,3,5,295,0
4,2,1,4,8,zero0,False,"['A6000', 'A10', 'A10', 'A10', 'A6000', 'A6000', 'A6000', 'A6000']","[9, 8, 12, 13]",27.89705467224121,27.184202391781245,0.6254706382751465,0.08738133311271667,True,148.56890869140625,12579306.958784128,1.0063445567027303,8-8-12-12,3,5,295,0
8,2,1,8,4,zero1,False,"['A10', 'A10', 'A10', 'A6000', 'A6000', 'A6000', 'A6000', 'A6000']","[5, 4, 3, 6, 6, 6, 6, 6]",28.056703567504883,27.74710031516312,0.2222210019826889,0.08738133311271667,True,122.20818328857422,12651295.650162034,1.0121036520129627,4-4-3-6-6-6-6-5,3,5,299,0
8,2,1,8,4,zero0,False,"['A10', 'A10', 'A10', 'A6000', 'A6000', 'A6000', 'A6000', 'A6000']","[5, 4, 3, 6, 6, 6, 6, 6]",28.056703567504883,27.74710031516312,0.2222210019826889,0.08738133311271667,True,132.81033325195312,12651295.650162034,1.0121036520129627,4-4-3-6-6-6-6-5,3,5,299,0
8,2,1,8,4,zero1,False,"['A6000', 'A6000', 'A10', 'A10', 'A10', 'A6000', 'A6000', 'A6000']","[7, 6, 4, 3, 4, 6, 6, 6]",28.154586791992188,27.746672667163118,0.3205314576625824,0.08738133311271667,True,182.47303771972656,12695433.038191264,1.0156346430553012,6-6-4-3-4-6-6-5,3,5,301,0
8,2,1,8,4,zero0,False,"['A6000', 'A10', 'A10', 'A10', 'A6000', 'A6000', 'A6000', 'A6000']","[7, 4, 3, 4, 6, 6, 6, 6]",28.154586791992188,27.746672667163118,0.3205314576625824,0.08738133311271667,True,197.6896209716797,12695433.038191264,1.0156346430553012,6-4-3-4-6-6-6-5,3,5,301,0
8,2,1,8,4,zero1,False,"['A6000', 'A10', 'A10', 'A10', 'A6000', 'A6000', 'A6000', 'A6000']","[7, 4, 3, 4, 6, 6, 6, 6]",28.154586791992188,27.746672667163118,0.3205314576625824,0.08738133311271667,True,182.47303771972656,12695433.038191264,1.0156346430553012,6-4-3-4-6-6-6-5,3,5,301,0
8,2,1,8,4,zero0,False,"['A6000', 'A6000', 'A10', 'A10', 'A10', 'A6000', 'A6000', 'A6000']","[7, 6, 4, 3, 4, 6, 6, 6]",28.154586791992188,27.746672667163118,0.3205314576625824,0.08738133311271667,True,197.6896209716797,12695433.038191264,1.0156346430553012,6-6-4-3-4-6-6-5,3,5,301,0
8,2,1,8,4,zero1,False,"['A6000', 'A6000', 'A6000', 'A10', 'A10', 'A10', 'A6000', 'A6000']","[7, 6, 6, 4, 3, 4, 6, 6]",28.164169311523438,27.756255452072494,0.3205314576625824,0.08738133311271667,True,182.47303771972656,12699753.976585599,1.0159803181268479,6-6-6-4-3-4-6-5,3,5,305,0
8,2,1,8,4,zero0,False,"['A6000', 'A6000', 'A6000', 'A10', 'A10', 'A10', 'A6000', 'A6000']","[7, 6, 6, 4, 3, 4, 6, 6]",28.164169311523438,27.756255452072494,0.3205314576625824,0.08738133311271667,True,197.6896209716797,12699753.976585599,1.0159803181268479,6-6-6-4-3-4-6-5,3,5,305,0
8,2,1,8,4,zero1,False,"['A10', 'A6000', 'A6000', 'A6000', 'A6000', 'A6000', 'A10', 'A10']","[5, 6, 6, 6, 6, 5, 4, 4]",28.18840789794922,27.878805875963113,0.2222210019826889,0.08738133311271667,True,122.20818328857422,12710683.611361714,1.0168546889089372,4-6-6-6-6-5-4-3,3,5,307,0
8,2,1,8,4,zero0,False,"['A10', 'A6000', 'A6000', 'A6000', 'A6000', 'A6000', 'A10', 'A10']","[5, 6, 6, 6, 6, 5, 4, 4]",28.18840789794922,27.878805875963113,0.2222210019826889,0.08738133311271667,True,132.81033325195312,12710683.611361714,1.0168546889089372,4-6-6-6-6-5-4-3,3,5,307,0
4,2,1,4,8,zero1,False,"['A6000', 'A6000', 'A10', 'A10', 'A10', 'A6000', 'A6000', 'A6000']","[13, 8, 8, 13]",28.190248489379883,27.183774743781242,0.9190912246704102,0.08738133311271667,True,187.42430114746094,12711513.568676708,1.0169210854941366,12-8-8-12,3,5,309,0
4,2,1,4,8,zero0,False,"['A6000', 'A6000', 'A10', 'A10', 'A10', 'A6000', 'A6000', 'A6000']","[13, 8, 8, 13]",28.190248489379883,27.183774743781242,0.9190912246704102,0.08738133311271667,True,221.32748413085938,12711513.568676708,1.0169210854941366,12-8-8-12,3,5,309,0
4,2,1,4,8,zero0,False,"['A6000', 'A6000', 'A6000', 'A10', 'A10', 'A10', 'A6000', 'A6000']","[13, 8, 8, 13]",28.190248489379883,27.183774743781242,0.9190912246704102,0.08738133311271667,True,221.32748413085938,12711513.568676708,1.0169210854941366,12-8-8-12,3,5,309,0
4,2,1,4,8,zero1,False,"['A6000', 'A6000', 'A6000', 'A10', 'A10', 'A10', 'A6000', 'A6000']","[13, 8, 8, 13]",28.190248489379883,27.183774743781242,0.9190912246704102,0.08738133311271667,True,187.42430114746094,12711513.568676708,1.0169210854941366,12-8-8-12,3,5,309,0
4,2,1,4,8,zero1,False,"['A10', 'A10', 'A6000', 'A6000', 'A6000', 'A6000', 'A6000', 'A10']","[9, 12, 12, 9]",28.285438537597656,27.57258614858124,0.6254706382751465,0.08738133311271667,True,125.43273162841797,12754436.552841928,1.0203549242273542,8-12-12-8,3,5,313,0
4,2,1,4,8,zero0,False,"['A10', 'A10', 'A6000', 'A6000', 'A6000', 'A6000', 'A6000', 'A10']","[9, 12, 12, 9]",28.285438537597656,27.57258614858124,0.6254706382751465,0.08738133311271667,True,148.56890869140625,12754436.552841928,1.0203549242273542,8-12-12-8,3,5,313,0
4,2,1,4,8,zero0,False,"['A10', 'A6000', 'A6000', 'A6000', 'A6000', 'A6000', 'A10', 'A10']","[9, 12, 12, 9]",28.285438537597656,27.57258614858124,0.6254706382751465,0.08738133311271667,True,148.56890869140625,12754436.552841928,1.0203549242273542,8-12-12-8,3,5,313,0
4,2,1,4,8,zero1,False,"['A10', 'A6000', 'A6000', 'A6000', 'A6000', 'A6000', 'A10', 'A10']","[9, 12, 12, 9]",28.285438537597656,27.57258614858124,0.6254706382751465,0.08738133311271667,True,125.43273162841797,12754436.552841928,1.0203549242273542,8-12-12-8,3,5,313,0
8,2,1,8,4,zero0,False,"['A6000', 'A6000', 'A6000', 'A6000', 'A6000', 'A10', 'A10', 'A10']","[7, 6, 6, 6, 5, 4, 4, 4]",28.286291122436523,27.87837822796311,0.3205314576625824,0.08738133311271667,True,197.6896209716797,12754820.999390945,1.0203856799512756,6-6-6-6-5-4-4-3,3,5,317,0
8,2,1,8,4,zero1,False,"['A6000', 'A6000', 'A6000', 'A6000', 'A6000', 'A10', 'A10', 'A10']","[7, 6, 6, 6, 5, 4, 4, 4]",28.286291122436523,27.87837822796311,0.3205314576625824,0.08738133311271667,True,182.47303771972656,12754820.999390945,1.0203856799512756,6-6-6-6-5-4-4-3,3,5,317,0
8,2,1,8,4,zero0,False,"['A6000', 'A6000', 'A6000', 'A6000', 'A10', 'A10', 'A10', 'A6000']","[7, 6, 6, 6, 4, 3, 4, 6]",28.30701446533203,27.899100612763114,0.3205314576625824,0.08738133311271667,True,197.6896209716797,12764165.544704331,1.0211332435763465,6-6-6-6-4-3-4-5,3,5,319,0
8,2,1,8,4,zero1,False,"['A6000', 'A6000', 'A6000', 'A6000', 'A10', 'A10', 'A10', 'A6000']","[7, 6, 6, 6, 4, 3, 4, 6]",28.30701446533203,27.899100612763114,0.3205314576625824,0.08738133311271667,True,182.47303771972656,12764165.544704331,1.0211332435763465,6-6-6-6-4-3-4-5,3,5,319,0
64,1,4,8,1,zero1,False,"['A10', 'A6000', 'A6000', 'A6000', 'A6000', 'A6000', 'A10', 'A10']","[4, 6, 6, 6, 6, 5, 4, 5]",28.446613311767578,28.441152559689083,0.0,0.005461333319544792,False,34.45939636230469,12827113.291734854,1.0261690633387883,3-6-6-6-6-5-4-4,3,5,321,17
64,1,4,8,1,zero0,False,"['A10', 'A6000', 'A6000', 'A6000', 'A6000', 'A6000', 'A10', 'A10']","[4, 6, 6, 6, 6, 5, 4, 5]",28.446613311767578,28.441152559689083,0.0,0.005461333319544792,False,34.45939636230469,12827113.291734854,1.0261690633387883,3-6-6-6-6-5-4-4,3,5,321,17
64,1,4,8,1,zero0,False,"['A10', 'A10', 'A6000', 'A6000', 'A6000', 'A6000', 'A6000', 'A10']","[4, 4, 6, 6, 6, 6, 5, 5]",28.446613311767578,28.441152559689083,0.0,0.005461333319544792,True,22.972930908203125,12827113.291734854,1.0261690633387883,3-4-6-6-6-6-5-4,3,5,321,0
64,1,4,8,1,zero1,False,"['A10', 'A10', 'A6000', 'A6000', 'A6000', 'A6000', 'A6000', 'A10']","[4, 4, 6, 6, 6, 6, 5, 5]",28.446613311767578,28.441152559689083,0.0,0.005461333319544792,True,22.972930908203125,12827113.291734854,1.0261690633387883,3-4-6-6-6-6-5-4,3,5,321,0
8,2,4,2,4,zero1,False,"['A6000', 'A10', 'A10', 'A10', 'A6000', 'A6000', 'A6000', 'A6000']","[17, 25]",28.509889602661133,28.20360277745246,0.2844429016113281,0.02184533327817917,True,47.169342041015625,12855645.762123397,1.0284516609698717,16-24,3,5,325,0
8,2,4,2,4,zero0,False,"['A6000', 'A10', 'A10', 'A10', 'A6000', 'A6000', 'A6000', 'A6000']","[17, 25]",28.509889602661133,28.20360277745246,0.2844429016113281,0.02184533327817917,True,56.7425537109375,12855645.762123397,1.0284516609698717,16-24,3,5,325,0
8,2,4,2,4,zero0,False,"['A10', 'A10', 'A10', 'A6000', 'A6000', 'A6000', 'A6000', 'A6000']","[17, 25]",28.509889602661133,28.20360277745246,0.2844429016113281,0.02184533327817917,True,56.7425537109375,12855645.762123397,1.0284516609698717,16-24,3,5,325,0
8,2,4,2,4,zero1,False,"['A10', 'A10', 'A10', 'A6000', 'A6000', 'A6000', 'A6000', 'A6000']","[17, 25]",28.509889602661133,28.20360277745246,0.2844429016113281,0.02184533327817917,True,47.169342041015625,12855645.762123397,1.0284516609698717,16-24,3,5,325,0
2,2,2,1,16,zero2,False,"['A6000', 'A6000', 'A6000', 'A10', 'A10', 'A10', 'A6000', 'A6000']",[42],28.569629669189453,26.148738861083984,2.420891284942627,0.0,True,81.71211242675781,12882583.682395881,1.0306066945916705,41-41,3,5,329,0
2,2,2,1,16,zero2,False,"['A10', 'A10', 'A6000', 'A6000', 'A6000', 'A6000', 'A6000', 'A10']",[42],28.569629669189453,26.148738861083984,2.420891284942627,0.0,True,81.71211242675781,12882583.682395881,1.0306066945916705,41-41,3,5,329,0
2,2,2,1,16,zero2,False,"['A6000', 'A10', 'A10', 'A10', 'A6000', 'A6000', 'A6000', 'A6000']",[42],28.569629669189453,26.148738861083984,2.420891284942627,0.0,True,81.71211242675781,12882583.682395881,1.0306066945916705,41-41,3,5,329,0
2,2,2,1,16,zero2,False,"['A10', 'A6000', 'A6000', 'A6000', 'A6000', 'A6000', 'A10', 'A10']",[42],28.569629669189453,26.148738861083984,2.420891284942627,0.0,True,81.71211242675781,12882583.682395881,1.0306066945916705,41-41,3,5,329,0
2,2,2,1,16,zero2,False,"['A6000', 'A6000', 'A10', 'A10', 'A10', 'A6000', 'A6000', 'A6000']",[42],28.569629669189453,26.148738861083984,2.420891284942627,0.0,True,81.71211242675781,12882583.682395881,1.0306066945916705,41-41,3,5,329,0
2,2,2,1,16,zero2,False,"['A6000', 'A6000', 'A6000', 'A6000', 'A6000', 'A10', 'A10', 'A10']",[42],28.569629669189453,26.148738861083984,2.420891284942627,0.0,True,81.71211242675781,12882583.682395881,1.0306066945916705,41-41,3,5,329,0
2,2,2,1,16,zero2,False,"['A6000', 'A6000', 'A6000', 'A6000', 'A10', 'A10', 'A10', 'A6000']",[42],28.569629669189453,26.148738861083984,2.420891284942627,0.0,True,81.71211242675781,12882583.682395881,1.0306066945916705,41-41,3,5,329,0
2,2,2,1,16,zero2,False,"['A10', 'A10', 'A10', 'A6000', 'A6000', 'A6000', 'A6000', 'A6000']",[42],28.569629669189453,26.148738861083984,2.420891284942627,0.0,True,81.71211242675781,12882583.682395881,1.0306066945916705,41-41,3,5,329,0
4,2,1,4,8,zero0,False,"['A6000', 'A6000', 'A6000', 'A6000', 'A6000', 'A10', 'A10', 'A10']","[13, 12, 8, 9]",28.578630447387695,27.57215850058124,0.9190912246704102,0.08738133311271667,True,221.32748413085938,12886642.302675113,1.030931384214009,12-12-8-8,3,5,337,0
4,2,1,4,8,zero0,False,"['A6000', 'A6000', 'A6000', 'A6000', 'A10', 'A10', 'A10', 'A6000']","[13, 12, 8, 9]",28.578630447387695,27.57215850058124,0.9190912246704102,0.08738133311271667,True,221.32748413085938,12886642.302675113,1.030931384214009,12-12-8-8,3,5,337,0
4,2,1,4,8,zero1,False,"['A6000', 'A6000', 'A6000', 'A6000', 'A6000', 'A10', 'A10', 'A10']","[13, 12, 8, 9]",28.578630447387695,27.57215850058124,0.9190912246704102,0.08738133311271667,True,187.42430114746094,12886642.302675113,1.030931384214009,12-12-8-8,3,5,337,0
4,2,1,4,8,zero1,False,"['A6000', 'A6000', 'A6000', 'A6000', 'A10', 'A10', 'A10', 'A6000']","[13, 12, 8, 9]",28.578630447387695,27.57215850058124,0.9190912246704102,0.08738133311271667,True,187.42430114746094,12886642.302675113,1.030931384214009,12-12-8-8,3,5,337,0
8,2,4,2,4,zero1,False,"['A6000', 'A6000', 'A6000', 'A6000', 'A6000', 'A10', 'A10', 'A10']","[25, 17]",28.722822189331055,28.290696454252462,0.41028040647506714,0.02184533327817917,True,70.54420471191406,12951661.072725851,1.036132885818068,24-16,3,5,341,0
8,2,4,2,4,zero1,False,"['A6000', 'A6000', 'A6000', 'A6000', 'A10', 'A10', 'A10', 'A6000']","[25, 17]",28.722822189331055,28.290696454252462,0.41028040647506714,0.02184533327817917,True,70.54420471191406,12951661.072725851,1.036132885818068,24-16,3,5,341,0
8,2,4,2,4,zero0,False,"['A6000', 'A6000', 'A6000', 'A6000', 'A6000', 'A10', 'A10', 'A10']","[25, 17]",28.722822189331055,28.290696454252462,0.41028040647506714,0.02184533327817917,True,84.73236083984375,12951661.072725851,1.036132885818068,24-16,3,5,341,0
8,2,4,2,4,zero0,False,"['A6000', 'A6000', 'A6000', 'A6000', 'A10', 'A10', 'A10', 'A6000']","[25, 17]",28.722822189331055,28.290696454252462,0.41028040647506714,0.02184533327817917,True,84.73236083984375,12951661.072725851,1.036132885818068,24-16,3,5,341,0
16,2,2,8,2,zero1,False,"['A10', 'A10', 'A6000', 'A6000', 'A6000', 'A6000', 'A6000', 'A10']","[5, 4, 6, 6, 6, 6, 5, 4]",28.798006057739258,28.69355297509063,0.08260700106620789,0.02184533327817917,True,71.85575866699219,12985562.893909743,1.0388450315127795,4-4-6-6-6-6-5-3,3,5,345,0
16,2,2,8,2,zero0,False,"['A10', 'A10', 'A6000', 'A6000', 'A6000', 'A6000', 'A6000', 'A10']","[5, 4, 6, 6, 6, 6, 5, 4]",28.798006057739258,28.69355297509063,0.08260700106620789,0.02184533327817917,True,75.38992309570312,12985562.893909743,1.0388450315127795,4-4-6-6-6-6-5-3,3,5,345,0
16,2,2,8,2,zero1,False,"['A10', 'A10', 'A10', 'A6000', 'A6000', 'A6000', 'A6000', 'A6000']","[4, 4, 4, 6, 6, 6, 6, 6]",28.832683563232422,28.744617831272492,0.0662219226360321,0.02184533327817917,True,54.15884780883789,13001199.633748,1.04009597069984,3-4-4-6-6-6-6-5,3,5,347,0
16,2,2,8,2,zero0,False,"['A10', 'A10', 'A10', 'A6000', 'A6000', 'A6000', 'A6000', 'A6000']","[4, 4, 4, 6, 6, 6, 6, 6]",28.832683563232422,28.744617831272492,0.0662219226360321,0.02184533327817917,True,56.923912048339844,13001199.633748,1.04009597069984,3-4-4-6-6-6-6-5,3,5,347,0
16,2,1,16,2,zero0,False,"['A10', 'A10', 'A10', 'A6000', 'A6000', 'A6000', 'A6000', 'A6000']","[3, 2, 2, 1, 2, 2, 3, 3, 3, 3, 3, 3, 3, 3, 3, 3]",28.868486404418945,28.742189567710838,0.08260700106620789,0.04369066655635834,True,124.93104553222656,13017343.808628583,1.0413875046902867,2-2-2-1-2-2-3-3-3-3-3-3-3-3-3-2,3,5,349,0
16,2,1,16,2,zero1,False,"['A10', 'A10', 'A10', 'A6000', 'A6000', 'A6000', 'A6000', 'A6000']","[3, 2, 2, 1, 2, 2, 3, 3, 3, 3, 3, 3, 3, 3, 3, 3]",28.868486404418945,28.742189567710838,0.08260700106620789,0.04369066655635834,True,120.9392318725586,13017343.808628583,1.0413875046902867,2-2-2-1-2-2-3-3-3-3-3-3-3-3-3-2,3,5,349,0
8,2,2,4,4,zero1,False,"['A6000', 'A10', 'A10', 'A10', 'A6000', 'A6000', 'A6000', 'A6000']","[9, 8, 12, 13]",28.894878387451172,28.56674538661749,0.28444284200668335,0.04369066655635834,True,72.96311950683594,13029244.450460272,1.0423395560368218,8-8-12-12,3,5,351,0
8,2,2,4,4,zero0,False,"['A10', 'A10', 'A10', 'A6000', 'A6000', 'A6000', 'A6000', 'A6000']","[9, 8, 12, 13]",28.894878387451172,28.56674538661749,0.28444284200668335,0.04369066655635834,True,82.87896728515625,13029244.450460272,1.0423395560368218,8-8-12-12,3,5,351,0
8,2,2,4,4,zero1,False,"['A10', 'A10', 'A10', 'A6000', 'A6000', 'A6000', 'A6000', 'A6000']","[9, 8, 12, 13]",28.894878387451172,28.56674538661749,0.28444284200668335,0.04369066655635834,True,72.96311950683594,13029244.450460272,1.0423395560368218,8-8-12-12,3,5,351,0
8,2,2,4,4,zero0,False,"['A6000', 'A10', 'A10', 'A10', 'A6000', 'A6000', 'A6000', 'A6000']","[9, 8, 12, 13]",28.894878387451172,28.56674538661749,0.28444284200668335,0.04369066655635834,True,82.87896728515625,13029244.450460272,1.0423395560368218,8-8-12-12,3,5,351,0
16,2,1,16,2,zero0,False,"['A6000', 'A10', 'A10', 'A10', 'A6000', 'A6000', 'A6000', 'A6000']","[4, 3, 2, 2, 2, 1, 2, 2, 3, 3, 3, 3, 3, 3, 3, 3]",28.900829315185547,28.74176191971084,0.11537717282772064,0.04369066655635834,True,185.87069702148438,13031927.835768858,1.0425542268615087,3-3-2-2-2-1-2-2-3-3-3-3-3-3-3-2,3,5,355,0
16,2,1,16,2,zero0,False,"['A6000', 'A6000', 'A6000', 'A10', 'A10', 'A10', 'A6000', 'A6000']","[4, 3, 3, 3, 3, 3, 2, 2, 2, 1, 2, 2, 3, 3, 3, 3]",28.900829315185547,28.74176191971084,0.11537717282772064,0.04369066655635834,True,185.87069702148438,13031927.835768858,1.0425542268615087,3-3-3-3-3-3-2-2-2-1-2-2-3-3-3-2,3,5,355,0
16,2,1,16,2,zero1,False,"['A6000', 'A6000', 'A6000', 'A6000', 'A10', 'A10', 'A10', 'A6000']","[4, 3, 3, 3, 3, 3, 3, 3, 2, 2, 2, 1, 2, 2, 3, 3]",28.900829315185547,28.74176191971084,0.11537717282772064,0.04369066655635834,True,180.34072875976562,13031927.835768858,1.0425542268615087,3-3-3-3-3-3-3-3-2-2-2-1-2-2-3-2,3,5,355,0
16,2,1,16,2,zero1,False,"['A6000', 'A6000', 'A6000', 'A10', 'A10', 'A10', 'A6000', 'A6000']","[4, 3, 3, 3, 3, 3, 2, 2, 2, 1, 2, 2, 3, 3, 3, 3]",28.900829315185547,28.74176191971084,0.11537717282772064,0.04369066655635834,True,180.34072875976562,13031927.835768858,1.0425542268615087,3-3-3-3-3-3-2-2-2-1-2-2-3-3-3-2,3,5,355,0
16,2,1,16,2,zero0,False,"['A6000', 'A6000', 'A6000', 'A6000', 'A10', 'A10', 'A10', 'A6000']","[4, 3, 3, 3, 3, 3, 3, 3, 2, 2, 2, 1, 2, 2, 3, 3]",28.900829315185547,28.74176191971084,0.11537717282772064,0.04369066655635834,True,185.87069702148438,13031927.835768858,1.0425542268615087,3-3-3-3-3-3-3-3-2-2-2-1-2-2-3-2,3,5,355,0
16,2,1,16,2,zero1,False,"['A6000', 'A10', 'A10', 'A10', 'A6000', 'A6000', 'A6000', 'A6000']","[4, 3, 2, 2, 2, 1, 2, 2, 3, 3, 3, 3, 3, 3, 3, 3]",28.900829315185547,28.74176191971084,0.11537717282772064,0.04369066655635834,True,180.34072875976562,13031927.835768858,1.0425542268615087,3-3-2-2-2-1-2-2-3-3-3-3-3-3-3-2,3,5,355,0
16,2,1,16,2,zero0,False,"['A6000', 'A6000', 'A10', 'A10', 'A10', 'A6000', 'A6000', 'A6000']","[4, 3, 3, 3, 2, 2, 2, 1, 2, 2, 3, 3, 3, 3, 3, 3]",28.900829315185547,28.74176191971084,0.11537717282772064,0.04369066655635834,True,185.87069702148438,13031927.835768858,1.0425542268615087,3-3-3-3-2-2-2-1-2-2-3-3-3-3-3-2,3,5,355,0
16,2,1,16,2,zero1,False,"['A6000', 'A6000', 'A10', 'A10', 'A10', 'A6000', 'A6000', 'A6000']","[4, 3, 3, 3, 2, 2, 2, 1, 2, 2, 3, 3, 3, 3, 3, 3]",28.900829315185547,28.74176191971084,0.11537717282772064,0.04369066655635834,True,180.34072875976562,13031927.835768858,1.0425542268615087,3-3-3-3-2-2-2-1-2-2-3-3-3-3-3-2,3,5,355,0
16,2,2,8,2,zero0,False,"['A6000', 'A10', 'A10', 'A10', 'A6000', 'A6000', 'A6000', 'A6000']","[7, 4, 3, 4, 6, 6, 6, 6]",28.939149856567383,28.80192778807249,0.11537715792655945,0.02184533327817917,True,112.32194519042969,13049207.289049229,1.0439365831239382,6-4-3-4-6-6-6-5,3,5,363,0
16,2,2,8,2,zero1,False,"['A6000', 'A10', 'A10', 'A10', 'A6000', 'A6000', 'A6000', 'A6000']","[7, 4, 3, 4, 6, 6, 6, 6]",28.939149856567383,28.80192778807249,0.11537715792655945,0.02184533327817917,True,107.24958038330078,13049207.289049229,1.0439365831239382,6-4-3-4-6-6-6-5,3,5,363,0
16,2,2,8,2,zero0,False,"['A6000', 'A6000', 'A10', 'A10', 'A10', 'A6000', 'A6000', 'A6000']","[7, 6, 4, 3, 4, 6, 6, 6]",28.997774124145508,28.86055222807249,0.11537715792655945,0.02184533327817917,True,112.32194519042969,13075642.07457635,1.046051365966108,6-6-4-3-4-6-6-5,3,5,365,0
16,2,2,8,2,zero1,False,"['A6000', 'A6000', 'A10', 'A10', 'A10', 'A6000', 'A6000', 'A6000']","[7, 6, 4, 3, 4, 6, 6, 6]",28.997774124145508,28.86055222807249,0.11537715792655945,0.02184533327817917,True,107.24958038330078,13075642.07457635,1.046051365966108,6-6-4-3-4-6-6-5,3,5,365,0
16,2,2,8,2,zero1,False,"['A6000', 'A6000', 'A6000', 'A10', 'A10', 'A10', 'A6000', 'A6000']","[7, 6, 6, 4, 3, 4, 6, 6]",29.056398391723633,28.919176668072488,0.11537715792655945,0.02184533327817917,True,107.24958038330078,13102076.860103473,1.0481661488082779,6-6-6-4-3-4-6-5,3,5,367,0
16,2,2,8,2,zero0,False,"['A6000', 'A6000', 'A6000', 'A10', 'A10', 'A10', 'A6000', 'A6000']","[7, 6, 6, 4, 3, 4, 6, 6]",29.056398391723633,28.919176668072488,0.11537715792655945,0.02184533327817917,True,112.32194519042969,13102076.860103473,1.0481661488082779,6-6-6-4-3-4-6-5,3,5,367,0
16,2,1,16,2,zero0,False,"['A10', 'A6000', 'A6000', 'A6000', 'A6000', 'A6000', 'A10', 'A10']","[3, 2, 3, 3, 3, 3, 3, 3, 3, 3, 3, 2, 2, 2, 2, 2]",29.1083984375,28.98210122611083,0.08260700106620789,0.04369066655635834,True,124.93104553222656,13125524.659356011,1.0500419727484809,2-2-3-3-3-3-3-3-3-3-3-2-2-2-2-1,3,5,369,0
16,2,1,16,2,zero1,False,"['A10', 'A6000', 'A6000', 'A6000', 'A6000', 'A6000', 'A10', 'A10']","[3, 2, 3, 3, 3, 3, 3, 3, 3, 3, 3, 2, 2, 2, 2, 2]",29.1083984375,28.98210122611083,0.08260700106620789,0.04369066655635834,True,120.9392318725586,13125524.659356011,1.0500419727484809,2-2-3-3-3-3-3-3-3-3-3-2-2-2-2-1,3,5,369,0
16,2,1,16,2,zero1,False,"['A10', 'A10', 'A6000', 'A6000', 'A6000', 'A6000', 'A6000', 'A10']","[3, 2, 2, 2, 3, 3, 3, 3, 3, 3, 3, 3, 3, 2, 2, 2]",29.1083984375,28.98210122611083,0.08260700106620789,0.04369066655635834,True,120.9392318725586,13125524.659356011,1.0500419727484809,2-2-2-2-3-3-3-3-3-3-3-3-3-2-2-1,3,5,369,0
16,2,1,16,2,zero0,False,"['A10', 'A10', 'A6000', 'A6000', 'A6000', 'A6000', 'A6000', 'A10']","[3, 2, 2, 2, 3, 3, 3, 3, 3, 3, 3, 3, 3, 2, 2, 2]",29.1083984375,28.98210122611083,0.08260700106620789,0.04369066655635834,True,124.93104553222656,13125524.659356011,1.0500419727484809,2-2-2-2-3-3-3-3-3-3-3-3-3-2-2-1,3,5,369,0
16,2,1,16,2,zero0,False,"['A6000', 'A6000', 'A6000', 'A6000', 'A6000', 'A10', 'A10', 'A10']","[4, 3, 3, 3, 3, 3, 3, 3, 3, 2, 2, 2, 2, 2, 2, 2]",29.1407413482666,28.981673578110833,0.11537717282772064,0.04369066655635834,True,185.87069702148438,13140108.686496282,1.0512086949197026,3-3-3-3-3-3-3-3-3-2-2-2-2-2-2-1,3,5,373,0
16,2,1,16,2,zero1,False,"['A6000', 'A6000', 'A6000', 'A6000', 'A6000', 'A10', 'A10', 'A10']","[4, 3, 3, 3, 3, 3, 3, 3, 3, 2, 2, 2, 2, 2, 2, 2]",29.1407413482666,28.981673578110833,0.11537717282772064,0.04369066655635834,True,180.34072875976562,13140108.686496282,1.0512086949197026,3-3-3-3-3-3-3-3-3-2-2-2-2-2-2-1,3,5,373,0
8,2,2,4,4,zero0,False,"['A6000', 'A6000', 'A10', 'A10', 'A10', 'A6000', 'A6000', 'A6000']","[13, 8, 8, 13]",29.200061798095703,28.74609199672623,0.4102802574634552,0.04369066655635834,True,123.55551147460938,13166857.393702136,1.0533485914961709,12-8-8-12,3,5,375,0
8,2,2,4,4,zero0,False,"['A6000', 'A6000', 'A6000', 'A10', 'A10', 'A10', 'A6000', 'A6000']","[13, 8, 8, 13]",29.200061798095703,28.74609199672623,0.4102802574634552,0.04369066655635834,True,123.55551147460938,13166857.393702136,1.0533485914961709,12-8-8-12,3,5,375,0
8,2,2,4,4,zero1,False,"['A6000', 'A6000', 'A10', 'A10', 'A10', 'A6000', 'A6000', 'A6000']","[13, 8, 8, 13]",29.200061798095703,28.74609199672623,0.4102802574634552,0.04369066655635834,True,109.02506256103516,13166857.393702136,1.0533485914961709,12-8-8-12,3,5,375,0
8,2,2,4,4,zero1,False,"['A6000', 'A6000', 'A6000', 'A10', 'A10', 'A10', 'A6000', 'A6000']","[13, 8, 8, 13]",29.200061798095703,28.74609199672623,0.4102802574634552,0.04369066655635834,True,109.02506256103516,13166857.393702136,1.0533485914961709,12-8-8-12,3,5,375,0
16,2,2,8,2,zero1,False,"['A10', 'A6000', 'A6000', 'A6000', 'A6000', 'A6000', 'A10', 'A10']","[5, 6, 6, 6, 6, 5, 4, 4]",29.37290382385254,29.2684516841081,0.08260700106620789,0.02184533327817917,True,71.85575866699219,13244795.115906794,1.0595836092725435,4-6-6-6-6-5-4-3,3,5,379,0
16,2,2,8,2,zero0,False,"['A10', 'A6000', 'A6000', 'A6000', 'A6000', 'A6000', 'A10', 'A10']","[5, 6, 6, 6, 6, 5, 4, 4]",29.37290382385254,29.2684516841081,0.08260700106620789,0.02184533327817917,True,75.38992309570312,13244795.115906794,1.0595836092725435,4-6-6-6-6-5-4-3,3,5,379,0
32,2,2,16,1,zero1,False,"['A10', 'A10', 'A10', 'A6000', 'A6000', 'A6000', 'A6000', 'A6000']","[2, 2, 2, 2, 2, 2, 3, 3, 3, 3, 3, 3, 3, 3, 3, 3]",29.387470245361328,29.376546659007793,0.0,0.010922666639089584,True,36.58563995361328,13251363.389497068,1.0601090711597654,1-2-2-2-2-2-3-3-3-3-3-3-3-3-3-2,3,5,381,0
32,2,2,16,1,zero0,False,"['A10', 'A10', 'A10', 'A6000', 'A6000', 'A6000', 'A6000', 'A6000']","[2, 2, 2, 2, 2, 2, 3, 3, 3, 3, 3, 3, 3, 3, 3, 3]",29.387470245361328,29.376546659007793,0.0,0.010922666639089584,True,36.58563995361328,13251363.389497068,1.0601090711597654,1-2-2-2-2-2-3-3-3-3-3-3-3-3-3-2,3,5,381,0
16,2,2,8,2,zero1,False,"['A6000', 'A6000', 'A6000', 'A6000', 'A6000', 'A10', 'A10', 'A10']","[6, 6, 6, 6, 6, 4, 4, 4]",29.38797378540039,29.267137200908103,0.09899207949638367,0.02184533327817917,True,89.55267333984375,13251590.445177024,1.060127235614162,5-6-6-6-6-4-4-3,3,5,383,0
16,2,2,8,2,zero0,False,"['A6000', 'A6000', 'A6000', 'A6000', 'A6000', 'A10', 'A10', 'A10']","[6, 6, 6, 6, 6, 4, 4, 4]",29.38797378540039,29.267137200908103,0.09899207949638367,0.02184533327817917,True,93.8559341430664,13251590.445177024,1.060127235614162,5-6-6-6-6-4-4-3,3,5,383,0
16,2,2,8,2,zero1,False,"['A6000', 'A6000', 'A6000', 'A6000', 'A10', 'A10', 'A10', 'A6000']","[7, 6, 6, 6, 4, 3, 4, 6]",29.420368194580078,29.283146416108096,0.11537715792655945,0.02184533327817917,True,107.24958038330078,13266197.693920929,1.0612958155136742,6-6-6-6-4-3-4-5,3,5,385,0
16,2,2,8,2,zero0,False,"['A6000', 'A6000', 'A6000', 'A6000', 'A10', 'A10', 'A10', 'A6000']","[7, 6, 6, 6, 4, 3, 4, 6]",29.420368194580078,29.283146416108096,0.11537715792655945,0.02184533327817917,True,112.32194519042969,13266197.693920929,1.0612958155136742,6-6-6-6-4-3-4-5,3,5,385,0
32,2,2,16,1,zero0,False,"['A6000', 'A10', 'A10', 'A10', 'A6000', 'A6000', 'A6000', 'A6000']","[4, 3, 2, 2, 2, 1, 2, 2, 3, 3, 3, 3, 3, 3, 3, 3]",29.444780349731445,29.43385661580779,0.0,0.010922666639089584,True,106.70516204833984,13277205.59410188,1.0621764475281503,3-3-2-2-2-1-2-2-3-3-3-3-3-3-3-2,3,5,387,0
32,2,2,16,1,zero1,False,"['A6000', 'A10', 'A10', 'A10', 'A6000', 'A6000', 'A6000', 'A6000']","[4, 3, 2, 2, 2, 1, 2, 2, 3, 3, 3, 3, 3, 3, 3, 3]",29.444780349731445,29.43385661580779,0.0,0.010922666639089584,True,106.70516204833984,13277205.59410188,1.0621764475281503,3-3-2-2-2-1-2-2-3-3-3-3-3-3-3-2,3,5,387,0
16,2,4,4,2,zero0,False,"['A6000', 'A10', 'A10', 'A10', 'A6000', 'A6000', 'A6000', 'A6000']","[9, 8, 12, 13]",29.490781784057617,29.37412121236249,0.10573694854974747,0.010922666639089584,True,50.03399658203125,13297948.506560985,1.0638358805248789,8-8-12-12,3,5,389,0
16,2,4,4,2,zero0,False,"['A10', 'A10', 'A10', 'A6000', 'A6000', 'A6000', 'A6000', 'A6000']","[9, 8, 12, 13]",29.490781784057617,29.37412121236249,0.10573694854974747,0.010922666639089584,True,50.03399658203125,13297948.506560985,1.0638358805248789,8-8-12-12,3,5,389,0
16,2,4,4,2,zero1,False,"['A10', 'A10', 'A10', 'A6000', 'A6000', 'A6000', 'A6000', 'A6000']","[9, 8, 12, 13]",29.490781784057617,29.37412121236249,0.10573694854974747,0.010922666639089584,True,46.728485107421875,13297948.506560985,1.0638358805248789,8-8-12-12,3,5,389,0
16,2,4,4,2,zero1,False,"['A6000', 'A10', 'A10', 'A10', 'A6000', 'A6000', 'A6000', 'A6000']","[9, 8, 12, 13]",29.490781784057617,29.37412121236249,0.10573694854974747,0.010922666639089584,True,46.728485107421875,13297948.506560985,1.0638358805248789,8-8-12-12,3,5,389,0
32,2,2,16,1,zero0,False,"['A6000', 'A6000', 'A10', 'A10', 'A10', 'A6000', 'A6000', 'A6000']","[4, 3, 3, 3, 2, 2, 2, 1, 2, 2, 3, 3, 3, 3, 3, 3]",29.50340461730957,29.492481055807787,0.0,0.010922666639089584,True,106.70516204833984,13303640.379629001,1.06429123037032,3-3-3-3-2-2-2-1-2-2-3-3-3-3-3-2,3,5,393,0
32,2,2,16,1,zero1,False,"['A6000', 'A6000', 'A10', 'A10', 'A10', 'A6000', 'A6000', 'A6000']","[4, 3, 3, 3, 2, 2, 2, 1, 2, 2, 3, 3, 3, 3, 3, 3]",29.50340461730957,29.492481055807787,0.0,0.010922666639089584,True,106.70516204833984,13303640.379629001,1.06429123037032,3-3-3-3-2-2-2-1-2-2-3-3-3-3-3-2,3,5,393,0
32,2,2,16,1,zero0,False,"['A6000', 'A6000', 'A6000', 'A10', 'A10', 'A10', 'A6000', 'A6000']","[4, 3, 3, 3, 3, 3, 2, 2, 2, 1, 2, 2, 3, 3, 3, 3]",29.562028884887695,29.551105495807786,0.0,0.010922666639089584,True,106.70516204833984,13330075.165156124,1.06640601321249,3-3-3-3-3-3-2-2-2-1-2-2-3-3-3-2,3,5,395,0
32,2,2,16,1,zero1,False,"['A6000', 'A6000', 'A6000', 'A10', 'A10', 'A10', 'A6000', 'A6000']","[4, 3, 3, 3, 3, 3, 2, 2, 2, 1, 2, 2, 3, 3, 3, 3]",29.562028884887695,29.551105495807786,0.0,0.010922666639089584,True,106.70516204833984,13330075.165156124,1.06640601321249,3-3-3-3-3-3-2-2-2-1-2-2-3-3-3-2,3,5,395,0
32,2,2,16,1,zero1,False,"['A6000', 'A6000', 'A6000', 'A6000', 'A10', 'A10', 'A10', 'A6000']","[4, 3, 3, 3, 3, 3, 3, 3, 2, 2, 2, 1, 2, 2, 3, 3]",29.62065315246582,29.609729935807785,0.0,0.010922666639089584,True,106.70516204833984,13356509.95068325,1.0685207960546599,3-3-3-3-3-3-3-3-2-2-2-1-2-2-3-2,3,5,397,0
32,2,2,16,1,zero0,False,"['A6000', 'A6000', 'A6000', 'A6000', 'A10', 'A10', 'A10', 'A6000']","[4, 3, 3, 3, 3, 3, 3, 3, 2, 2, 2, 1, 2, 2, 3, 3]",29.62065315246582,29.609729935807785,0.0,0.010922666639089584,True,106.70516204833984,13356509.95068325,1.0685207960546599,3-3-3-3-3-3-3-3-2-2-2-1-2-2-3-2,3,5,397,0
8,2,2,4,4,zero0,False,"['A10', 'A6000', 'A6000', 'A6000', 'A6000', 'A6000', 'A10', 'A10']","[9, 12, 12, 9]",29.623157501220703,29.295025331126226,0.28444284200668335,0.04369066655635834,True,82.87896728515625,13357639.208667276,1.0686111366933821,8-12-12-8,3,5,399,0
8,2,2,4,4,zero0,False,"['A10', 'A10', 'A6000', 'A6000', 'A6000', 'A6000', 'A6000', 'A10']","[9, 12, 12, 9]",29.623157501220703,29.295025331126226,0.28444284200668335,0.04369066655635834,True,82.87896728515625,13357639.208667276,1.0686111366933821,8-12-12-8,3,5,399,0
8,2,2,4,4,zero1,False,"['A10', 'A10', 'A6000', 'A6000', 'A6000', 'A6000', 'A6000', 'A10']","[9, 12, 12, 9]",29.623157501220703,29.295025331126226,0.28444284200668335,0.04369066655635834,True,72.96311950683594,13357639.208667276,1.0686111366933821,8-12-12-8,3,5,399,0
8,2,2,4,4,zero1,False,"['A10', 'A6000', 'A6000', 'A6000', 'A6000', 'A6000', 'A10', 'A10']","[9, 12, 12, 9]",29.623157501220703,29.295025331126226,0.28444284200668335,0.04369066655635834,True,72.96311950683594,13357639.208667276,1.0686111366933821,8-12-12-8,3,5,399,0
16,2,4,4,2,zero0,False,"['A6000', 'A6000', 'A10', 'A10', 'A10', 'A6000', 'A6000', 'A6000']","[13, 8, 8, 13]",29.668956756591797,29.510350841816233,0.14768275618553162,0.010922666639089584,True,74.66952514648438,13378290.954830647,1.0702632763864517,12-8-8-12,3,5,403,0
16,2,4,4,2,zero1,False,"['A6000', 'A6000', 'A6000', 'A10', 'A10', 'A10', 'A6000', 'A6000']","[13, 8, 8, 13]",29.668956756591797,29.510350841816233,0.14768275618553162,0.010922666639089584,True,69.82569885253906,13378290.954830647,1.0702632763864517,12-8-8-12,3,5,403,0
16,2,4,4,2,zero0,False,"['A6000', 'A6000', 'A6000', 'A10', 'A10', 'A10', 'A6000', 'A6000']","[13, 8, 8, 13]",29.668956756591797,29.510350841816233,0.14768275618553162,0.010922666639089584,True,74.66952514648438,13378290.954830647,1.0702632763864517,12-8-8-12,3,5,403,0
16,2,4,4,2,zero1,False,"['A6000', 'A6000', 'A10', 'A10', 'A10', 'A6000', 'A6000', 'A6000']","[13, 8, 8, 13]",29.668956756591797,29.510350841816233,0.14768275618553162,0.010922666639089584,True,69.82569885253906,13378290.954830647,1.0702632763864517,12-8-8-12,3,5,403,0
8,2,2,4,4,zero0,False,"['A6000', 'A6000', 'A6000', 'A6000', 'A10', 'A10', 'A10', 'A6000']","[13, 12, 8, 9]",29.7476806640625,29.293710847926224,0.4102802574634552,0.04369066655635834,True,123.55551147460938,13413789.046249388,1.073103123699951,12-12-8-8,3,5,407,0
8,2,2,4,4,zero1,False,"['A6000', 'A6000', 'A6000', 'A6000', 'A10', 'A10', 'A10', 'A6000']","[13, 12, 8, 9]",29.7476806640625,29.293710847926224,0.4102802574634552,0.04369066655635834,True,109.02506256103516,13413789.046249388,1.073103123699951,12-12-8-8,3,5,407,0
8,2,2,4,4,zero1,False,"['A6000', 'A6000', 'A6000', 'A6000', 'A6000', 'A10', 'A10', 'A10']","[13, 12, 8, 9]",29.7476806640625,29.293710847926224,0.4102802574634552,0.04369066655635834,True,109.02506256103516,13413789.046249388,1.073103123699951,12-12-8-8,3,5,407,0
8,2,2,4,4,zero0,False,"['A6000', 'A6000', 'A6000', 'A6000', 'A6000', 'A10', 'A10', 'A10']","[13, 12, 8, 9]",29.7476806640625,29.293710847926224,0.4102802574634552,0.04369066655635834,True,123.55551147460938,13413789.046249388,1.073103123699951,12-12-8-8,3,5,407,0
32,2,4,8,1,zero0,False,"['A6000', 'A6000', 'A6000', 'A6000', 'A6000', 'A10', 'A10', 'A10']","[6, 6, 6, 6, 6, 4, 4, 4]",29.786521911621094,29.781060865198096,0.0,0.005461333319544792,True,58.158912658691406,13431303.295744259,1.0745042636595408,5-6-6-6-6-4-4-3,3,5,411,0
32,2,4,8,1,zero1,False,"['A6000', 'A6000', 'A6000', 'A6000', 'A6000', 'A10', 'A10', 'A10']","[6, 6, 6, 6, 6, 4, 4, 4]",29.786521911621094,29.781060865198096,0.0,0.005461333319544792,True,58.158912658691406,13431303.295744259,1.0745042636595408,5-6-6-6-6-4-4-3,3,5,411,0
32,2,4,8,1,zero0,False,"['A6000', 'A6000', 'A6000', 'A6000', 'A10', 'A10', 'A10', 'A6000']","[6, 6, 6, 6, 4, 3, 4, 7]",30.00518226623535,29.999722173198077,0.0,0.005461333319544792,True,58.158912658691406,13529901.364706224,1.0823921091764979,5-6-6-6-4-3-4-6,3,5,413,0
32,2,4,8,1,zero0,False,"['A6000', 'A10', 'A10', 'A10', 'A6000', 'A6000', 'A6000', 'A6000']","[6, 4, 3, 4, 6, 6, 6, 7]",30.00518226623535,29.999722173198073,0.0,0.005461333319544792,True,58.158912658691406,13529901.364706224,1.0823921091764979,5-4-3-4-6-6-6-6,3,5,413,0
32,2,4,8,1,zero1,False,"['A6000', 'A6000', 'A6000', 'A6000', 'A10', 'A10', 'A10', 'A6000']","[6, 6, 6, 6, 4, 3, 4, 7]",30.00518226623535,29.999722173198077,0.0,0.005461333319544792,True,58.158912658691406,13529901.364706224,1.0823921091764979,5-6-6-6-4-3-4-6,3,5,413,0
32,2,4,8,1,zero0,False,"['A6000', 'A6000', 'A10', 'A10', 'A10', 'A6000', 'A6000', 'A6000']","[6, 6, 4, 3, 4, 6, 6, 7]",30.00518226623535,29.999722173198077,0.0,0.005461333319544792,True,58.158912658691406,13529901.364706224,1.0823921091764979,5-6-4-3-4-6-6-6,3,5,413,0
32,2,4,8,1,zero1,False,"['A6000', 'A6000', 'A10', 'A10', 'A10', 'A6000', 'A6000', 'A6000']","[6, 6, 4, 3, 4, 6, 6, 7]",30.00518226623535,29.999722173198077,0.0,0.005461333319544792,True,58.158912658691406,13529901.364706224,1.0823921091764979,5-6-4-3-4-6-6-6,3,5,413,0
32,2,4,8,1,zero1,False,"['A6000', 'A6000', 'A6000', 'A10', 'A10', 'A10', 'A6000', 'A6000']","[6, 6, 6, 4, 3, 4, 6, 7]",30.00518226623535,29.999722173198077,0.0,0.005461333319544792,True,58.158912658691406,13529901.364706224,1.0823921091764979,5-6-6-4-3-4-6-6,3,5,413,0
32,2,4,8,1,zero0,False,"['A6000', 'A6000', 'A6000', 'A10', 'A10', 'A10', 'A6000', 'A6000']","[6, 6, 6, 4, 3, 4, 6, 7]",30.00518226623535,29.999722173198077,0.0,0.005461333319544792,True,58.158912658691406,13529901.364706224,1.0823921091764979,5-6-6-4-3-4-6-6,3,5,413,0
32,2,4,8,1,zero1,False,"['A6000', 'A10', 'A10', 'A10', 'A6000', 'A6000', 'A6000', 'A6000']","[6, 4, 3, 4, 6, 6, 6, 7]",30.00518226623535,29.999722173198073,0.0,0.005461333319544792,True,58.158912658691406,13529901.364706224,1.0823921091764979,5-4-3-4-6-6-6-6,3,5,413,0
32,2,4,8,1,zero0,False,"['A10', 'A10', 'A10', 'A6000', 'A6000', 'A6000', 'A6000', 'A6000']","[4, 4, 4, 6, 6, 6, 5, 7]",30.005714416503906,30.00025424359807,0.0,0.005461333319544792,True,35.200523376464844,13530141.321277086,1.082411305702167,3-4-4-6-6-6-5-6,3,5,421,0
32,2,4,8,1,zero1,False,"['A10', 'A10', 'A10', 'A6000', 'A6000', 'A6000', 'A6000', 'A6000']","[4, 4, 4, 6, 6, 6, 5, 7]",30.005714416503906,30.00025424359807,0.0,0.005461333319544792,True,35.200523376464844,13530141.321277086,1.082411305702167,3-4-4-6-6-6-5-6,3,5,421,0
16,2,4,4,2,zero1,False,"['A10', 'A6000', 'A6000', 'A6000', 'A6000', 'A6000', 'A10', 'A10']","[9, 12, 12, 9]",30.125446319580078,30.0087861666162,0.10573694854974747,0.010922666639089584,True,46.728485107421875,13584130.68966203,1.0867304551729624,8-12-12-8,3,5,423,0
16,2,4,4,2,zero1,False,"['A10', 'A10', 'A6000', 'A6000', 'A6000', 'A6000', 'A6000', 'A10']","[9, 12, 12, 9]",30.125446319580078,30.0087861666162,0.10573694854974747,0.010922666639089584,True,46.728485107421875,13584130.68966203,1.0867304551729624,8-12-12-8,3,5,423,0
16,2,4,4,2,zero0,False,"['A10', 'A6000', 'A6000', 'A6000', 'A6000', 'A6000', 'A10', 'A10']","[9, 12, 12, 9]",30.125446319580078,30.0087861666162,0.10573694854974747,0.010922666639089584,True,50.03399658203125,13584130.68966203,1.0867304551729624,8-12-12-8,3,5,423,0
16,2,4,4,2,zero0,False,"['A10', 'A10', 'A6000', 'A6000', 'A6000', 'A6000', 'A6000', 'A10']","[9, 12, 12, 9]",30.125446319580078,30.0087861666162,0.10573694854974747,0.010922666639089584,True,50.03399658203125,13584130.68966203,1.0867304551729624,8-12-12-8,3,5,423,0
32,2,2,16,1,zero1,False,"['A6000', 'A6000', 'A6000', 'A6000', 'A6000', 'A10', 'A10', 'A10']","[3, 3, 3, 3, 3, 3, 3, 3, 3, 3, 2, 2, 2, 2, 2, 2]",30.130386352539062,30.11946278428574,0.0,0.010922666639089584,True,71.64540100097656,13586358.243491914,1.0869086594793531,2-3-3-3-3-3-3-3-3-3-2-2-2-2-2-1,3,5,427,0
32,2,2,16,1,zero0,False,"['A6000', 'A6000', 'A6000', 'A6000', 'A6000', 'A10', 'A10', 'A10']","[3, 3, 3, 3, 3, 3, 3, 3, 3, 3, 2, 2, 2, 2, 2, 2]",30.130386352539062,30.11946278428574,0.0,0.010922666639089584,True,71.64540100097656,13586358.243491914,1.0869086594793531,2-3-3-3-3-3-3-3-3-3-2-2-2-2-2-1,3,5,427,0
32,2,2,16,1,zero1,False,"['A10', 'A10', 'A6000', 'A6000', 'A6000', 'A6000', 'A6000', 'A10']","[3, 2, 2, 2, 3, 3, 3, 3, 3, 3, 3, 3, 3, 2, 2, 2]",30.135787963867188,30.12486463234981,0.0,0.010922666639089584,True,71.64540100097656,13588793.931695089,1.0871035145356072,2-2-2-2-3-3-3-3-3-3-3-3-3-2-2-1,3,5,429,0
32,2,2,16,1,zero1,False,"['A10', 'A6000', 'A6000', 'A6000', 'A6000', 'A6000', 'A10', 'A10']","[3, 2, 3, 3, 3, 3, 3, 3, 3, 3, 3, 2, 2, 2, 2, 2]",30.135787963867188,30.12486463234981,0.0,0.010922666639089584,True,71.64540100097656,13588793.931695089,1.0871035145356072,2-2-3-3-3-3-3-3-3-3-3-2-2-2-2-1,3,5,429,0
32,2,2,16,1,zero0,False,"['A10', 'A10', 'A6000', 'A6000', 'A6000', 'A6000', 'A6000', 'A10']","[3, 2, 2, 2, 3, 3, 3, 3, 3, 3, 3, 3, 3, 2, 2, 2]",30.135787963867188,30.12486463234981,0.0,0.010922666639089584,True,71.64540100097656,13588793.931695089,1.0871035145356072,2-2-2-2-3-3-3-3-3-3-3-3-3-2-2-1,3,5,429,0
32,2,2,16,1,zero0,False,"['A10', 'A6000', 'A6000', 'A6000', 'A6000', 'A6000', 'A10', 'A10']","[3, 2, 3, 3, 3, 3, 3, 3, 3, 3, 3, 2, 2, 2, 2, 2]",30.135787963867188,30.12486463234981,0.0,0.010922666639089584,True,71.64540100097656,13588793.931695089,1.0871035145356072,2-2-3-3-3-3-3-3-3-3-3-2-2-2-2-1,3,5,429,0
16,2,4,4,2,zero0,False,"['A6000', 'A6000', 'A6000', 'A6000', 'A10', 'A10', 'A10', 'A6000']","[13, 12, 8, 9]",30.166860580444336,30.0082540962162,0.14768275618553162,0.010922666639089584,True,74.66952514648438,13602805.159279108,1.0882244127423286,12-12-8-8,3,5,433,0
16,2,4,4,2,zero1,False,"['A6000', 'A6000', 'A6000', 'A6000', 'A6000', 'A10', 'A10', 'A10']","[13, 12, 8, 9]",30.166860580444336,30.0082540962162,0.14768275618553162,0.010922666639089584,True,69.82569885253906,13602805.159279108,1.0882244127423286,12-12-8-8,3,5,433,0
16,2,4,4,2,zero0,False,"['A6000', 'A6000', 'A6000', 'A6000', 'A6000', 'A10', 'A10', 'A10']","[13, 12, 8, 9]",30.166860580444336,30.0082540962162,0.14768275618553162,0.010922666639089584,True,74.66952514648438,13602805.159279108,1.0882244127423286,12-12-8-8,3,5,433,0
16,2,4,4,2,zero1,False,"['A6000', 'A6000', 'A6000', 'A6000', 'A10', 'A10', 'A10', 'A6000']","[13, 12, 8, 9]",30.166860580444336,30.0082540962162,0.14768275618553162,0.010922666639089584,True,69.82569885253906,13602805.159279108,1.0882244127423286,12-12-8-8,3,5,433,0
4,1,2,1,16,zero2,False,"['A6000', 'A6000', 'A6000', 'A10', 'A10', 'A10', 'A6000', 'A6000']",[42],30.183557510375977,26.148738861083984,4.03481912612915,0.0,True,54.05586242675781,13610334.119212229,1.0888267295369782,41-41,3,5,437,0
4,1,2,1,16,zero2,False,"['A6000', 'A6000', 'A6000', 'A6000', 'A6000', 'A10', 'A10', 'A10']",[42],30.183557510375977,26.148738861083984,4.03481912612915,0.0,True,54.05586242675781,13610334.119212229,1.0888267295369782,41-41,3,5,437,0
4,1,2,1,16,zero2,False,"['A10', 'A10', 'A10', 'A6000', 'A6000', 'A6000', 'A6000', 'A6000']",[42],30.183557510375977,26.148738861083984,4.03481912612915,0.0,True,54.05586242675781,13610334.119212229,1.0888267295369782,41-41,3,5,437,0
4,1,2,1,16,zero2,False,"['A10', 'A6000', 'A6000', 'A6000', 'A6000', 'A6000', 'A10', 'A10']",[42],30.183557510375977,26.148738861083984,4.03481912612915,0.0,True,54.05586242675781,13610334.119212229,1.0888267295369782,41-41,3,5,437,0
4,1,2,1,16,zero2,False,"['A6000', 'A6000', 'A10', 'A10', 'A10', 'A6000', 'A6000', 'A6000']",[42],30.183557510375977,26.148738861083984,4.03481912612915,0.0,True,54.05586242675781,13610334.119212229,1.0888267295369782,41-41,3,5,437,0
4,1,2,1,16,zero2,False,"['A6000', 'A10', 'A10', 'A10', 'A6000', 'A6000', 'A6000', 'A6000']",[42],30.183557510375977,26.148738861083984,4.03481912612915,0.0,True,54.05586242675781,13610334.119212229,1.0888267295369782,41-41,3,5,437,0
4,1,2,1,16,zero2,False,"['A10', 'A10', 'A6000', 'A6000', 'A6000', 'A6000', 'A6000', 'A10']",[42],30.183557510375977,26.148738861083984,4.03481912612915,0.0,True,54.05586242675781,13610334.119212229,1.0888267295369782,41-41,3,5,437,0
4,1,2,1,16,zero2,False,"['A6000', 'A6000', 'A6000', 'A6000', 'A10', 'A10', 'A10', 'A6000']",[42],30.183557510375977,26.148738861083984,4.03481912612915,0.0,True,54.05586242675781,13610334.119212229,1.0888267295369782,41-41,3,5,437,0
8,1,2,2,8,zero0,False,"['A10', 'A6000', 'A6000', 'A6000', 'A6000', 'A6000', 'A10', 'A10']","[21, 21]",30.7237548828125,29.907783155126246,0.7722811102867126,0.04369066655635834,True,87.36953735351562,13853919.280658297,1.1083135424526638,20-20,3,5,445,0
8,1,2,2,8,zero0,False,"['A6000', 'A6000', 'A10', 'A10', 'A10', 'A6000', 'A6000', 'A6000']","[21, 21]",30.7237548828125,29.907783155126246,0.7722811102867126,0.04369066655635834,True,87.36953735351562,13853919.280658297,1.1083135424526638,20-20,3,5,445,0
8,1,2,2,8,zero1,False,"['A10', 'A6000', 'A6000', 'A6000', 'A6000', 'A6000', 'A10', 'A10']","[21, 21]",30.7237548828125,29.907783155126246,0.7722811102867126,0.04369066655635834,True,59.64994430541992,13853919.280658297,1.1083135424526638,20-20,3,5,445,0
8,1,2,2,8,zero1,False,"['A6000', 'A6000', 'A6000', 'A10', 'A10', 'A10', 'A6000', 'A6000']","[21, 21]",30.7237548828125,29.907783155126246,0.7722811102867126,0.04369066655635834,True,59.64994430541992,13853919.280658297,1.1083135424526638,20-20,3,5,445,0
8,1,2,2,8,zero1,False,"['A6000', 'A6000', 'A10', 'A10', 'A10', 'A6000', 'A6000', 'A6000']","[21, 21]",30.7237548828125,29.907783155126246,0.7722811102867126,0.04369066655635834,True,59.64994430541992,13853919.280658297,1.1083135424526638,20-20,3,5,445,0
8,1,2,2,8,zero1,False,"['A10', 'A10', 'A6000', 'A6000', 'A6000', 'A6000', 'A6000', 'A10']","[21, 21]",30.7237548828125,29.907783155126246,0.7722811102867126,0.04369066655635834,True,59.64994430541992,13853919.280658297,1.1083135424526638,20-20,3,5,445,0
8,1,2,2,8,zero0,False,"['A10', 'A10', 'A6000', 'A6000', 'A6000', 'A6000', 'A6000', 'A10']","[21, 21]",30.7237548828125,29.907783155126246,0.7722811102867126,0.04369066655635834,True,87.36953735351562,13853919.280658297,1.1083135424526638,20-20,3,5,445,0
8,1,2,2,8,zero0,False,"['A6000', 'A6000', 'A6000', 'A10', 'A10', 'A10', 'A6000', 'A6000']","[21, 21]",30.7237548828125,29.907783155126246,0.7722811102867126,0.04369066655635834,True,87.36953735351562,13853919.280658297,1.1083135424526638,20-20,3,5,445,0
32,2,4,8,1,zero1,False,"['A10', 'A10', 'A6000', 'A6000', 'A6000', 'A6000', 'A6000', 'A10']","[4, 4, 6, 6, 6, 6, 5, 5]",30.91831398010254,30.912852837198084,0.0,0.005461333319544792,True,35.200523376464844,13941649.639120499,1.1153319711296399,3-4-6-6-6-6-5-4,3,5,453,0
32,2,4,8,1,zero0,False,"['A10', 'A10', 'A6000', 'A6000', 'A6000', 'A6000', 'A6000', 'A10']","[4, 4, 6, 6, 6, 6, 5, 5]",30.91831398010254,30.912852837198084,0.0,0.005461333319544792,True,35.200523376464844,13941649.639120499,1.1153319711296399,3-4-6-6-6-6-5-4,3,5,453,0
32,2,4,8,1,zero1,False,"['A10', 'A6000', 'A6000', 'A6000', 'A6000', 'A6000', 'A10', 'A10']","[4, 6, 6, 6, 6, 5, 4, 5]",30.91831398010254,30.91285283719808,0.0,0.005461333319544792,True,35.200523376464844,13941649.639120499,1.1153319711296399,3-6-6-6-6-5-4-4,3,5,453,0
32,2,4,8,1,zero0,False,"['A10', 'A6000', 'A6000', 'A6000', 'A6000', 'A6000', 'A10', 'A10']","[4, 6, 6, 6, 6, 5, 4, 5]",30.91831398010254,30.91285283719808,0.0,0.005461333319544792,True,35.200523376464844,13941649.639120499,1.1153319711296399,3-6-6-6-6-5-4-4,3,5,453,0
2,2,1,2,16,zero0,False,"['A10', 'A6000', 'A6000', 'A6000', 'A6000', 'A6000', 'A10', 'A10']","[21, 21]",31.052335739135742,29.351026063417496,1.6139280796051025,0.08738133311271667,True,224.34463500976562,14002082.572483618,1.1201666057986894,20-20,3,5,457,0
2,2,1,2,16,zero1,False,"['A10', 'A6000', 'A6000', 'A6000', 'A6000', 'A6000', 'A10', 'A10']","[21, 21]",31.052335739135742,29.351026063417496,1.6139280796051025,0.08738133311271667,True,164.94766235351562,14002082.572483618,1.1201666057986894,20-20,3,5,457,0
2,2,1,2,16,zero1,False,"['A6000', 'A6000', 'A6000', 'A10', 'A10', 'A10', 'A6000', 'A6000']","[21, 21]",31.052335739135742,29.351026063417496,1.6139280796051025,0.08738133311271667,True,164.94766235351562,14002082.572483618,1.1201666057986894,20-20,3,5,457,0
2,2,1,2,16,zero0,False,"['A6000', 'A6000', 'A6000', 'A10', 'A10', 'A10', 'A6000', 'A6000']","[21, 21]",31.052335739135742,29.351026063417496,1.6139280796051025,0.08738133311271667,True,224.34463500976562,14002082.572483618,1.1201666057986894,20-20,3,5,457,0
2,2,1,2,16,zero1,False,"['A10', 'A10', 'A6000', 'A6000', 'A6000', 'A6000', 'A6000', 'A10']","[21, 21]",31.052335739135742,29.351026063417496,1.6139280796051025,0.08738133311271667,True,164.94766235351562,14002082.572483618,1.1201666057986894,20-20,3,5,457,0
2,2,1,2,16,zero0,False,"['A10', 'A10', 'A6000', 'A6000', 'A6000', 'A6000', 'A6000', 'A10']","[21, 21]",31.052335739135742,29.351026063417496,1.6139280796051025,0.08738133311271667,True,224.34463500976562,14002082.572483618,1.1201666057986894,20-20,3,5,457,0
2,2,1,2,16,zero0,False,"['A6000', 'A6000', 'A10', 'A10', 'A10', 'A6000', 'A6000', 'A6000']","[21, 21]",31.052335739135742,29.351026063417496,1.6139280796051025,0.08738133311271667,True,224.34463500976562,14002082.572483618,1.1201666057986894,20-20,3,5,457,0
2,2,1,2,16,zero1,False,"['A6000', 'A6000', 'A10', 'A10', 'A10', 'A6000', 'A6000', 'A6000']","[21, 21]",31.052335739135742,29.351026063417496,1.6139280796051025,0.08738133311271667,True,164.94766235351562,14002082.572483618,1.1201666057986894,20-20,3,5,457,0
8,1,4,1,8,zero0,False,"['A6000', 'A6000', 'A6000', 'A6000', 'A6000', 'A10', 'A10', 'A10']",[42],31.2961368560791,30.523855209350586,0.7722809314727783,0.0,True,70.53741455078125,14112017.084314954,1.1289613667451963,41-41,3,5,465,0
2,4,4,1,8,zero1,False,"['A10', 'A10', 'A6000', 'A6000', 'A6000', 'A6000', 'A6000', 'A10']",[42],31.2961368560791,30.523855209350586,0.7722809314727783,0.0,True,96.0189437866211,14112017.084314954,1.1289613667451963,41-41,3,5,465,0
8,1,4,1,8,zero1,False,"['A6000', 'A6000', 'A10', 'A10', 'A10', 'A6000', 'A6000', 'A6000']",[42],31.2961368560791,30.523855209350586,0.7722809314727783,0.0,True,42.815818786621094,14112017.084314954,1.1289613667451963,41-41,3,5,465,0
1,8,4,1,8,zero0,False,"['A10', 'A10', 'A6000', 'A6000', 'A6000', 'A6000', 'A6000', 'A10']",[42],31.2961368560791,30.523855209350586,0.7722809314727783,0.0,True,194.67803955078125,14112017.084314954,1.1289613667451963,41-41,3,5,465,0
4,2,4,1,8,zero0,False,"['A10', 'A10', 'A6000', 'A6000', 'A6000', 'A6000', 'A6000', 'A10']",[42],31.2961368560791,30.523855209350586,0.7722809314727783,0.0,True,88.27178955078125,14112017.084314954,1.1289613667451963,41-41,3,5,465,0
2,4,4,1,8,zero0,False,"['A10', 'A10', 'A6000', 'A6000', 'A6000', 'A6000', 'A6000', 'A10']",[42],31.2961368560791,30.523855209350586,0.7722809314727783,0.0,True,123.74053955078125,14112017.084314954,1.1289613667451963,41-41,3,5,465,0
8,1,4,1,8,zero0,False,"['A6000', 'A6000', 'A6000', 'A10', 'A10', 'A10', 'A6000', 'A6000']",[42],31.2961368560791,30.523855209350586,0.7722809314727783,0.0,True,70.53741455078125,14112017.084314954,1.1289613667451963,41-41,3,5,465,0
4,2,4,1,8,zero0,False,"['A6000', 'A10', 'A10', 'A10', 'A6000', 'A6000', 'A6000', 'A6000']",[42],31.2961368560791,30.523855209350586,0.7722809314727783,0.0,True,88.27178955078125,14112017.084314954,1.1289613667451963,41-41,3,5,465,0
8,1,4,1,8,zero1,False,"['A6000', 'A10', 'A10', 'A10', 'A6000', 'A6000', 'A6000', 'A6000']",[42],31.2961368560791,30.523855209350586,0.7722809314727783,0.0,True,42.815818786621094,14112017.084314954,1.1289613667451963,41-41,3,5,465,0
1,8,4,1,8,zero2,False,"['A6000', 'A6000', 'A10', 'A10', 'A10', 'A6000', 'A6000', 'A6000']",[42],31.2961368560791,30.523855209350586,0.7722809314727783,0.0,True,157.71591186523438,14112017.084314954,1.1289613667451963,41-41,3,5,465,0
8,1,4,1,8,zero1,False,"['A10', 'A10', 'A10', 'A6000', 'A6000', 'A6000', 'A6000', 'A6000']",[42],31.2961368560791,30.523855209350586,0.7722809314727783,0.0,True,42.815818786621094,14112017.084314954,1.1289613667451963,41-41,3,5,465,0
4,2,4,1,8,zero0,False,"['A6000', 'A6000', 'A10', 'A10', 'A10', 'A6000', 'A6000', 'A6000']",[42],31.2961368560791,30.523855209350586,0.7722809314727783,0.0,True,88.27178955078125,14112017.084314954,1.1289613667451963,41-41,3,5,465,0
1,8,4,1,8,zero2,False,"['A10', 'A6000', 'A6000', 'A6000', 'A6000', 'A6000', 'A10', 'A10']",[42],31.2961368560791,30.523855209350586,0.7722809314727783,0.0,True,157.71591186523438,14112017.084314954,1.1289613667451963,41-41,3,5,465,0
1,8,4,1,8,zero1,False,"['A10', 'A6000', 'A6000', 'A6000', 'A6000', 'A6000', 'A10', 'A10']",[42],31.2961368560791,30.523855209350586,0.7722809314727783,0.0,True,166.95645141601562,14112017.084314954,1.1289613667451963,41-41,3,5,465,0
2,4,4,1,8,zero0,False,"['A6000', 'A6000', 'A6000', 'A6000', 'A10', 'A10', 'A10', 'A6000']",[42],31.2961368560791,30.523855209350586,0.7722809314727783,0.0,True,123.74053955078125,14112017.084314954,1.1289613667451963,41-41,3,5,465,0
2,4,4,1,8,zero1,False,"['A6000', 'A6000', 'A6000', 'A10', 'A10', 'A10', 'A6000', 'A6000']",[42],31.2961368560791,30.523855209350586,0.7722809314727783,0.0,True,96.0189437866211,14112017.084314954,1.1289613667451963,41-41,3,5,465,0
1,8,4,1,8,zero0,False,"['A6000', 'A6000', 'A6000', 'A6000', 'A6000', 'A10', 'A10', 'A10']",[42],31.2961368560791,30.523855209350586,0.7722809314727783,0.0,True,194.67803955078125,14112017.084314954,1.1289613667451963,41-41,3,5,465,0
8,1,4,1,8,zero1,False,"['A10', 'A10', 'A6000', 'A6000', 'A6000', 'A6000', 'A6000', 'A10']",[42],31.2961368560791,30.523855209350586,0.7722809314727783,0.0,True,42.815818786621094,14112017.084314954,1.1289613667451963,41-41,3,5,465,0
1,8,4,1,8,zero2,False,"['A6000', 'A6000', 'A6000', 'A6000', 'A6000', 'A10', 'A10', 'A10']",[42],31.2961368560791,30.523855209350586,0.7722809314727783,0.0,True,157.71591186523438,14112017.084314954,1.1289613667451963,41-41,3,5,465,0
2,4,4,1,8,zero0,False,"['A6000', 'A6000', 'A6000', 'A10', 'A10', 'A10', 'A6000', 'A6000']",[42],31.2961368560791,30.523855209350586,0.7722809314727783,0.0,True,123.74053955078125,14112017.084314954,1.1289613667451963,41-41,3,5,465,0
4,2,4,1,8,zero1,False,"['A6000', 'A6000', 'A6000', 'A6000', 'A6000', 'A10', 'A10', 'A10']",[42],31.2961368560791,30.523855209350586,0.7722809314727783,0.0,True,60.550193786621094,14112017.084314954,1.1289613667451963,41-41,3,5,465,0
4,2,4,1,8,zero1,False,"['A6000', 'A10', 'A10', 'A10', 'A6000', 'A6000', 'A6000', 'A6000']",[42],31.2961368560791,30.523855209350586,0.7722809314727783,0.0,True,60.550193786621094,14112017.084314954,1.1289613667451963,41-41,3,5,465,0
8,1,4,1,8,zero0,False,"['A10', 'A10', 'A6000', 'A6000', 'A6000', 'A6000', 'A6000', 'A10']",[42],31.2961368560791,30.523855209350586,0.7722809314727783,0.0,True,70.53741455078125,14112017.084314954,1.1289613667451963,41-41,3,5,465,0
4,2,4,1,8,zero0,False,"['A6000', 'A6000', 'A6000', 'A10', 'A10', 'A10', 'A6000', 'A6000']",[42],31.2961368560791,30.523855209350586,0.7722809314727783,0.0,True,88.27178955078125,14112017.084314954,1.1289613667451963,41-41,3,5,465,0
4,2,4,1,8,zero0,False,"['A6000', 'A6000', 'A6000', 'A6000', 'A6000', 'A10', 'A10', 'A10']",[42],31.2961368560791,30.523855209350586,0.7722809314727783,0.0,True,88.27178955078125,14112017.084314954,1.1289613667451963,41-41,3,5,465,0
1,8,4,1,8,zero1,False,"['A6000', 'A6000', 'A6000', 'A6000', 'A6000', 'A10', 'A10', 'A10']",[42],31.2961368560791,30.523855209350586,0.7722809314727783,0.0,True,166.95645141601562,14112017.084314954,1.1289613667451963,41-41,3,5,465,0
1,8,4,1,8,zero0,False,"['A6000', 'A6000', 'A10', 'A10', 'A10', 'A6000', 'A6000', 'A6000']",[42],31.2961368560791,30.523855209350586,0.7722809314727783,0.0,True,194.67803955078125,14112017.084314954,1.1289613667451963,41-41,3,5,465,0
1,8,4,1,8,zero2,False,"['A10', 'A10', 'A6000', 'A6000', 'A6000', 'A6000', 'A6000', 'A10']",[42],31.2961368560791,30.523855209350586,0.7722809314727783,0.0,True,157.71591186523438,14112017.084314954,1.1289613667451963,41-41,3,5,465,0
1,8,4,1,8,zero1,False,"['A10', 'A10', 'A6000', 'A6000', 'A6000', 'A6000', 'A6000', 'A10']",[42],31.2961368560791,30.523855209350586,0.7722809314727783,0.0,True,166.95645141601562,14112017.084314954,1.1289613667451963,41-41,3,5,465,0
8,1,4,1,8,zero0,False,"['A10', 'A6000', 'A6000', 'A6000', 'A6000', 'A6000', 'A10', 'A10']",[42],31.2961368560791,30.523855209350586,0.7722809314727783,0.0,True,70.53741455078125,14112017.084314954,1.1289613667451963,41-41,3,5,465,0
1,8,4,1,8,zero1,False,"['A6000', 'A6000', 'A10', 'A10', 'A10', 'A6000', 'A6000', 'A6000']",[42],31.2961368560791,30.523855209350586,0.7722809314727783,0.0,True,166.95645141601562,14112017.084314954,1.1289613667451963,41-41,3,5,465,0
4,2,4,1,8,zero0,False,"['A6000', 'A6000', 'A6000', 'A6000', 'A10', 'A10', 'A10', 'A6000']",[42],31.2961368560791,30.523855209350586,0.7722809314727783,0.0,True,88.27178955078125,14112017.084314954,1.1289613667451963,41-41,3,5,465,0
8,1,4,1,8,zero1,False,"['A6000', 'A6000', 'A6000', 'A6000', 'A6000', 'A10', 'A10', 'A10']",[42],31.2961368560791,30.523855209350586,0.7722809314727783,0.0,True,42.815818786621094,14112017.084314954,1.1289613667451963,41-41,3,5,465,0
4,2,4,1,8,zero1,False,"['A10', 'A10', 'A6000', 'A6000', 'A6000', 'A6000', 'A6000', 'A10']",[42],31.2961368560791,30.523855209350586,0.7722809314727783,0.0,True,60.550193786621094,14112017.084314954,1.1289613667451963,41-41,3,5,465,0
1,8,4,1,8,zero0,False,"['A10', 'A6000', 'A6000', 'A6000', 'A6000', 'A6000', 'A10', 'A10']",[42],31.2961368560791,30.523855209350586,0.7722809314727783,0.0,True,194.67803955078125,14112017.084314954,1.1289613667451963,41-41,3,5,465,0
8,1,4,1,8,zero1,False,"['A10', 'A6000', 'A6000', 'A6000', 'A6000', 'A6000', 'A10', 'A10']",[42],31.2961368560791,30.523855209350586,0.7722809314727783,0.0,True,42.815818786621094,14112017.084314954,1.1289613667451963,41-41,3,5,465,0
1,8,4,1,8,zero1,False,"['A6000', 'A6000', 'A6000', 'A6000', 'A10', 'A10', 'A10', 'A6000']",[42],31.2961368560791,30.523855209350586,0.7722809314727783,0.0,True,166.95645141601562,14112017.084314954,1.1289613667451963,41-41,3,5,465,0
4,2,4,1,8,zero1,False,"['A10', 'A6000', 'A6000', 'A6000', 'A6000', 'A6000', 'A10', 'A10']",[42],31.2961368560791,30.523855209350586,0.7722809314727783,0.0,True,60.550193786621094,14112017.084314954,1.1289613667451963,41-41,3,5,465,0
4,2,4,1,8,zero0,False,"['A10', 'A6000', 'A6000', 'A6000', 'A6000', 'A6000', 'A10', 'A10']",[42],31.2961368560791,30.523855209350586,0.7722809314727783,0.0,True,88.27178955078125,14112017.084314954,1.1289613667451963,41-41,3,5,465,0
4,2,4,1,8,zero1,False,"['A6000', 'A6000', 'A6000', 'A6000', 'A10', 'A10', 'A10', 'A6000']",[42],31.2961368560791,30.523855209350586,0.7722809314727783,0.0,True,60.550193786621094,14112017.084314954,1.1289613667451963,41-41,3,5,465,0
2,4,4,1,8,zero0,False,"['A10', 'A6000', 'A6000', 'A6000', 'A6000', 'A6000', 'A10', 'A10']",[42],31.2961368560791,30.523855209350586,0.7722809314727783,0.0,True,123.74053955078125,14112017.084314954,1.1289613667451963,41-41,3,5,465,0
1,8,4,1,8,zero2,False,"['A6000', 'A6000', 'A6000', 'A6000', 'A10', 'A10', 'A10', 'A6000']",[42],31.2961368560791,30.523855209350586,0.7722809314727783,0.0,True,157.71591186523438,14112017.084314954,1.1289613667451963,41-41,3,5,465,0
4,2,4,1,8,zero1,False,"['A10', 'A10', 'A10', 'A6000', 'A6000', 'A6000', 'A6000', 'A6000']",[42],31.2961368560791,30.523855209350586,0.7722809314727783,0.0,True,60.550193786621094,14112017.084314954,1.1289613667451963,41-41,3,5,465,0
2,4,4,1,8,zero1,False,"['A6000', 'A6000', 'A6000', 'A6000', 'A10', 'A10', 'A10', 'A6000']",[42],31.2961368560791,30.523855209350586,0.7722809314727783,0.0,True,96.0189437866211,14112017.084314954,1.1289613667451963,41-41,3,5,465,0
2,4,4,1,8,zero1,False,"['A10', 'A6000', 'A6000', 'A6000', 'A6000', 'A6000', 'A10', 'A10']",[42],31.2961368560791,30.523855209350586,0.7722809314727783,0.0,True,96.0189437866211,14112017.084314954,1.1289613667451963,41-41,3,5,465,0
4,2,4,1,8,zero1,False,"['A6000', 'A6000', 'A10', 'A10', 'A10', 'A6000', 'A6000', 'A6000']",[42],31.2961368560791,30.523855209350586,0.7722809314727783,0.0,True,60.550193786621094,14112017.084314954,1.1289613667451963,41-41,3,5,465,0
1,8,4,1,8,zero0,False,"['A6000', 'A6000', 'A6000', 'A6000', 'A10', 'A10', 'A10', 'A6000']",[42],31.2961368560791,30.523855209350586,0.7722809314727783,0.0,True,194.67803955078125,14112017.084314954,1.1289613667451963,41-41,3,5,465,0
8,1,4,1,8,zero0,False,"['A6000', 'A10', 'A10', 'A10', 'A6000', 'A6000', 'A6000', 'A6000']",[42],31.2961368560791,30.523855209350586,0.7722809314727783,0.0,True,70.53741455078125,14112017.084314954,1.1289613667451963,41-41,3,5,465,0
2,4,4,1,8,zero1,False,"['A6000', 'A6000', 'A10', 'A10', 'A10', 'A6000', 'A6000', 'A6000']",[42],31.2961368560791,30.523855209350586,0.7722809314727783,0.0,True,96.0189437866211,14112017.084314954,1.1289613667451963,41-41,3,5,465,0
4,2,4,1,8,zero1,False,"['A6000', 'A6000', 'A6000', 'A10', 'A10', 'A10', 'A6000', 'A6000']",[42],31.2961368560791,30.523855209350586,0.7722809314727783,0.0,True,60.550193786621094,14112017.084314954,1.1289613667451963,41-41,3,5,465,0
1,8,4,1,8,zero0,False,"['A6000', 'A6000', 'A6000', 'A10', 'A10', 'A10', 'A6000', 'A6000']",[42],31.2961368560791,30.523855209350586,0.7722809314727783,0.0,True,194.67803955078125,14112017.084314954,1.1289613667451963,41-41,3,5,465,0
2,4,4,1,8,zero0,False,"['A6000', 'A6000', 'A6000', 'A6000', 'A6000', 'A10', 'A10', 'A10']",[42],31.2961368560791,30.523855209350586,0.7722809314727783,0.0,True,123.74053955078125,14112017.084314954,1.1289613667451963,41-41,3,5,465,0
2,4,4,1,8,zero1,False,"['A6000', 'A6000', 'A6000', 'A6000', 'A6000', 'A10', 'A10', 'A10']",[42],31.2961368560791,30.523855209350586,0.7722809314727783,0.0,True,96.0189437866211,14112017.084314954,1.1289613667451963,41-41,3,5,465,0
2,4,4,1,8,zero0,False,"['A6000', 'A10', 'A10', 'A10', 'A6000', 'A6000', 'A6000', 'A6000']",[42],31.2961368560791,30.523855209350586,0.7722809314727783,0.0,True,123.74053955078125,14112017.084314954,1.1289613667451963,41-41,3,5,465,0
8,1,4,1,8,zero1,False,"['A6000', 'A6000', 'A6000', 'A6000', 'A10', 'A10', 'A10', 'A6000']",[42],31.2961368560791,30.523855209350586,0.7722809314727783,0.0,True,42.815818786621094,14112017.084314954,1.1289613667451963,41-41,3,5,465,0
8,1,4,1,8,zero0,False,"['A10', 'A10', 'A10', 'A6000', 'A6000', 'A6000', 'A6000', 'A6000']",[42],31.2961368560791,30.523855209350586,0.7722809314727783,0.0,True,70.53741455078125,14112017.084314954,1.1289613667451963,41-41,3,5,465,0
1,8,4,1,8,zero1,False,"['A10', 'A10', 'A10', 'A6000', 'A6000', 'A6000', 'A6000', 'A6000']",[42],31.2961368560791,30.523855209350586,0.7722809314727783,0.0,True,166.95645141601562,14112017.084314954,1.1289613667451963,41-41,3,5,465,0
8,1,4,1,8,zero0,False,"['A6000', 'A6000', 'A6000', 'A6000', 'A10', 'A10', 'A10', 'A6000']",[42],31.2961368560791,30.523855209350586,0.7722809314727783,0.0,True,70.53741455078125,14112017.084314954,1.1289613667451963,41-41,3,5,465,0
1,8,4,1,8,zero2,False,"['A6000', 'A6000', 'A6000', 'A10', 'A10', 'A10', 'A6000', 'A6000']",[42],31.2961368560791,30.523855209350586,0.7722809314727783,0.0,True,157.71591186523438,14112017.084314954,1.1289613667451963,41-41,3,5,465,0
1,8,4,1,8,zero1,False,"['A6000', 'A6000', 'A6000', 'A10', 'A10', 'A10', 'A6000', 'A6000']",[42],31.2961368560791,30.523855209350586,0.7722809314727783,0.0,True,166.95645141601562,14112017.084314954,1.1289613667451963,41-41,3,5,465,0
1,8,4,1,8,zero2,False,"['A10', 'A10', 'A10', 'A6000', 'A6000', 'A6000', 'A6000', 'A6000']",[42],31.2961368560791,30.523855209350586,0.7722809314727783,0.0,True,157.71591186523438,14112017.084314954,1.1289613667451963,41-41,3,5,465,0
8,1,4,1,8,zero0,False,"['A6000', 'A6000', 'A10', 'A10', 'A10', 'A6000', 'A6000', 'A6000']",[42],31.2961368560791,30.523855209350586,0.7722809314727783,0.0,True,70.53741455078125,14112017.084314954,1.1289613667451963,41-41,3,5,465,0
1,8,4,1,8,zero1,False,"['A6000', 'A10', 'A10', 'A10', 'A6000', 'A6000', 'A6000', 'A6000']",[42],31.2961368560791,30.523855209350586,0.7722809314727783,0.0,True,166.95645141601562,14112017.084314954,1.1289613667451963,41-41,3,5,465,0
1,8,4,1,8,zero2,False,"['A6000', 'A10', 'A10', 'A10', 'A6000', 'A6000', 'A6000', 'A6000']",[42],31.2961368560791,30.523855209350586,0.7722809314727783,0.0,True,157.71591186523438,14112017.084314954,1.1289613667451963,41-41,3,5,465,0
2,4,4,1,8,zero1,False,"['A6000', 'A10', 'A10', 'A10', 'A6000', 'A6000', 'A6000', 'A6000']",[42],31.2961368560791,30.523855209350586,0.7722809314727783,0.0,True,96.0189437866211,14112017.084314954,1.1289613667451963,41-41,3,5,465,0
2,4,4,1,8,zero0,False,"['A6000', 'A6000', 'A10', 'A10', 'A10', 'A6000', 'A6000', 'A6000']",[42],31.2961368560791,30.523855209350586,0.7722809314727783,0.0,True,123.74053955078125,14112017.084314954,1.1289613667451963,41-41,3,5,465,0
2,4,4,1,8,zero1,False,"['A10', 'A10', 'A10', 'A6000', 'A6000', 'A6000', 'A6000', 'A6000']",[42],31.2961368560791,30.523855209350586,0.7722809314727783,0.0,True,96.0189437866211,14112017.084314954,1.1289613667451963,41-41,3,5,465,0
2,4,4,1,8,zero0,False,"['A10', 'A10', 'A10', 'A6000', 'A6000', 'A6000', 'A6000', 'A6000']",[42],31.2961368560791,30.523855209350586,0.7722809314727783,0.0,True,123.74053955078125,14112017.084314954,1.1289613667451963,41-41,3,5,465,0
4,2,4,1,8,zero0,False,"['A10', 'A10', 'A10', 'A6000', 'A6000', 'A6000', 'A6000', 'A6000']",[42],31.2961368560791,30.523855209350586,0.7722809314727783,0.0,True,88.27178955078125,14112017.084314954,1.1289613667451963,41-41,3,5,465,0
1,8,4,1,8,zero0,False,"['A10', 'A10', 'A10', 'A6000', 'A6000', 'A6000', 'A6000', 'A6000']",[42],31.2961368560791,30.523855209350586,0.7722809314727783,0.0,True,194.67803955078125,14112017.084314954,1.1289613667451963,41-41,3,5,465,0
1,8,4,1,8,zero0,False,"['A6000', 'A10', 'A10', 'A10', 'A6000', 'A6000', 'A6000', 'A6000']",[42],31.2961368560791,30.523855209350586,0.7722809314727783,0.0,True,194.67803955078125,14112017.084314954,1.1289613667451963,41-41,3,5,465,0
8,1,4,1,8,zero1,False,"['A6000', 'A6000', 'A6000', 'A10', 'A10', 'A10', 'A6000', 'A6000']",[42],31.2961368560791,30.523855209350586,0.7722809314727783,0.0,True,42.815818786621094,14112017.084314954,1.1289613667451963,41-41,3,5,465,0
4,4,4,2,4,zero0,False,"['A6000', 'A10', 'A10', 'A10', 'A6000', 'A6000', 'A6000', 'A6000']","[17, 25]",31.484785079956055,31.17849685032496,0.2844429016113281,0.02184533327817917,True,92.2113037109375,14197082.11871584,1.1357665694972672,16-24,3,5,537,0
4,4,4,2,4,zero0,False,"['A10', 'A10', 'A10', 'A6000', 'A6000', 'A6000', 'A6000', 'A6000']","[17, 25]",31.484785079956055,31.17849685032496,0.2844429016113281,0.02184533327817917,True,92.2113037109375,14197082.11871584,1.1357665694972672,16-24,3,5,537,0
4,4,4,2,4,zero1,False,"['A10', 'A10', 'A10', 'A6000', 'A6000', 'A6000', 'A6000', 'A6000']","[17, 25]",31.484785079956055,31.17849685032496,0.2844429016113281,0.02184533327817917,True,82.63809204101562,14197082.11871584,1.1357665694972672,16-24,3,5,537,0
4,4,4,2,4,zero1,False,"['A6000', 'A10', 'A10', 'A10', 'A6000', 'A6000', 'A6000', 'A6000']","[17, 25]",31.484785079956055,31.17849685032496,0.2844429016113281,0.02184533327817917,True,82.63809204101562,14197082.11871584,1.1357665694972672,16-24,3,5,537,0
2,4,2,2,8,zero0,False,"['A6000', 'A6000', 'A6000', 'A6000', 'A10', 'A10', 'A10', 'A6000']","[26, 16]",31.67778968811035,30.678306067634978,0.9557942152023315,0.04369066655635834,True,238.4691162109375,14284111.528772114,1.1427289223017691,25-15,3,5,541,0
2,4,2,2,8,zero1,False,"['A6000', 'A6000', 'A6000', 'A6000', 'A6000', 'A10', 'A10', 'A10']","[26, 16]",31.67778968811035,30.678306067634978,0.9557942152023315,0.04369066655635834,True,204.0198974609375,14284111.528772114,1.1427289223017691,25-15,3,5,541,0
2,4,2,2,8,zero0,False,"['A6000', 'A6000', 'A6000', 'A6000', 'A6000', 'A10', 'A10', 'A10']","[26, 16]",31.67778968811035,30.678306067634978,0.9557942152023315,0.04369066655635834,True,238.4691162109375,14284111.528772114,1.1427289223017691,25-15,3,5,541,0
2,4,2,2,8,zero1,False,"['A6000', 'A6000', 'A6000', 'A6000', 'A10', 'A10', 'A10', 'A6000']","[26, 16]",31.67778968811035,30.678306067634978,0.9557942152023315,0.04369066655635834,True,204.0198974609375,14284111.528772114,1.1427289223017691,25-15,3,5,541,0
2,4,4,1,8,zero2,False,"['A6000', 'A6000', 'A6000', 'A6000', 'A6000', 'A10', 'A10', 'A10']",[42],31.682275772094727,30.523855209350586,1.1584213972091675,0.0,True,86.77841186523438,14286134.388466276,1.142890751077302,41-41,3,5,545,0
2,4,4,1,8,zero2,False,"['A6000', 'A6000', 'A10', 'A10', 'A10', 'A6000', 'A6000', 'A6000']",[42],31.682275772094727,30.523855209350586,1.1584213972091675,0.0,True,86.77841186523438,14286134.388466276,1.142890751077302,41-41,3,5,545,0
2,4,4,1,8,zero2,False,"['A10', 'A10', 'A10', 'A6000', 'A6000', 'A6000', 'A6000', 'A6000']",[42],31.682275772094727,30.523855209350586,1.1584213972091675,0.0,True,86.77841186523438,14286134.388466276,1.142890751077302,41-41,3,5,545,0
2,4,4,1,8,zero2,False,"['A6000', 'A10', 'A10', 'A10', 'A6000', 'A6000', 'A6000', 'A6000']",[42],31.682275772094727,30.523855209350586,1.1584213972091675,0.0,True,86.77841186523438,14286134.388466276,1.142890751077302,41-41,3,5,545,0
2,4,4,1,8,zero2,False,"['A6000', 'A6000', 'A6000', 'A6000', 'A10', 'A10', 'A10', 'A6000']",[42],31.682275772094727,30.523855209350586,1.1584213972091675,0.0,True,86.77841186523438,14286134.388466276,1.142890751077302,41-41,3,5,545,0
2,4,4,1,8,zero2,False,"['A10', 'A10', 'A6000', 'A6000', 'A6000', 'A6000', 'A6000', 'A10']",[42],31.682275772094727,30.523855209350586,1.1584213972091675,0.0,True,86.77841186523438,14286134.388466276,1.142890751077302,41-41,3,5,545,0
2,4,4,1,8,zero2,False,"['A10', 'A6000', 'A6000', 'A6000', 'A6000', 'A6000', 'A10', 'A10']",[42],31.682275772094727,30.523855209350586,1.1584213972091675,0.0,True,86.77841186523438,14286134.388466276,1.142890751077302,41-41,3,5,545,0
2,4,4,1,8,zero2,False,"['A6000', 'A6000', 'A6000', 'A10', 'A10', 'A10', 'A6000', 'A6000']",[42],31.682275772094727,30.523855209350586,1.1584213972091675,0.0,True,86.77841186523438,14286134.388466276,1.142890751077302,41-41,3,5,545,0
4,4,4,2,4,zero1,False,"['A6000', 'A6000', 'A6000', 'A6000', 'A6000', 'A10', 'A10', 'A10']","[25, 17]",31.79774284362793,31.36561773352496,0.41028040647506714,0.02184533327817917,True,123.74732971191406,14338200.664046735,1.1470560531237388,24-16,3,5,553,0
4,4,4,2,4,zero0,False,"['A6000', 'A6000', 'A6000', 'A6000', 'A6000', 'A10', 'A10', 'A10']","[25, 17]",31.79774284362793,31.36561773352496,0.41028040647506714,0.02184533327817917,True,137.93548583984375,14338200.664046735,1.1470560531237388,24-16,3,5,553,0
4,4,4,2,4,zero1,False,"['A6000', 'A6000', 'A6000', 'A6000', 'A10', 'A10', 'A10', 'A6000']","[25, 17]",31.79774284362793,31.36561773352496,0.41028040647506714,0.02184533327817917,True,123.74732971191406,14338200.664046735,1.1470560531237388,24-16,3,5,553,0
4,4,4,2,4,zero0,False,"['A6000', 'A6000', 'A6000', 'A6000', 'A10', 'A10', 'A10', 'A6000']","[25, 17]",31.79774284362793,31.36561773352496,0.41028040647506714,0.02184533327817917,True,137.93548583984375,14338200.664046735,1.1470560531237388,24-16,3,5,553,0
2,4,2,2,8,zero0,False,"['A6000', 'A10', 'A10', 'A10', 'A6000', 'A6000', 'A6000', 'A6000']","[16, 26]",31.82018280029297,31.18772552843498,0.5887681245803833,0.04369066655635834,True,143.69183349609375,14348319.262814522,1.1478655410251617,15-25,3,5,557,0
2,4,2,2,8,zero0,False,"['A10', 'A10', 'A10', 'A6000', 'A6000', 'A6000', 'A6000', 'A6000']","[16, 26]",31.82018280029297,31.18772552843498,0.5887681245803833,0.04369066655635834,True,143.69183349609375,14348319.262814522,1.1478655410251617,15-25,3,5,557,0
2,4,2,2,8,zero1,False,"['A6000', 'A10', 'A10', 'A10', 'A6000', 'A6000', 'A6000', 'A6000']","[16, 26]",31.82018280029297,31.18772552843498,0.5887681245803833,0.04369066655635834,True,122.70185852050781,14348319.262814522,1.1478655410251617,15-25,3,5,557,0
2,4,2,2,8,zero1,False,"['A10', 'A10', 'A10', 'A6000', 'A6000', 'A6000', 'A6000', 'A6000']","[16, 26]",31.82018280029297,31.18772552843498,0.5887681245803833,0.04369066655635834,True,122.70185852050781,14348319.262814522,1.1478655410251617,15-25,3,5,557,0
1,4,1,2,16,zero0,False,"['A10', 'A10', 'A10', 'A6000', 'A6000', 'A6000', 'A6000', 'A6000']","[17, 25]",32.4327392578125,31.046026326689997,1.2993342876434326,0.08738133311271667,True,180.0860595703125,14624532.497482298,1.1699625997985839,16-24,3,5,561,0
1,4,1,2,16,zero1,False,"['A10', 'A10', 'A10', 'A6000', 'A6000', 'A6000', 'A6000', 'A6000']","[17, 25]",32.4327392578125,31.046026326689997,1.2993342876434326,0.08738133311271667,True,132.22515869140625,14624532.497482298,1.1699625997985839,16-24,3,5,561,0
1,4,1,2,16,zero0,False,"['A6000', 'A10', 'A10', 'A10', 'A6000', 'A6000', 'A6000', 'A6000']","[17, 25]",32.4327392578125,31.046026326689997,1.2993342876434326,0.08738133311271667,True,180.0860595703125,14624532.497482298,1.1699625997985839,16-24,3,5,561,0
1,4,1,2,16,zero1,False,"['A6000', 'A10', 'A10', 'A10', 'A6000', 'A6000', 'A6000', 'A6000']","[17, 25]",32.4327392578125,31.046026326689997,1.2993342876434326,0.08738133311271667,True,132.22515869140625,14624532.497482298,1.1699625997985839,16-24,3,5,561,0
4,2,4,1,8,zero2,False,"['A10', 'A10', 'A6000', 'A6000', 'A6000', 'A6000', 'A6000', 'A10']",[42],32.454559326171875,30.523855209350586,1.9307023286819458,0.0,True,51.309661865234375,14634371.576947106,1.1707497261557684,41-41,3,5,565,0
4,2,4,1,8,zero2,False,"['A10', 'A10', 'A10', 'A6000', 'A6000', 'A6000', 'A6000', 'A6000']",[42],32.454559326171875,30.523855209350586,1.9307023286819458,0.0,True,51.309661865234375,14634371.576947106,1.1707497261557684,41-41,3,5,565,0
4,2,4,1,8,zero2,False,"['A6000', 'A6000', 'A6000', 'A6000', 'A10', 'A10', 'A10', 'A6000']",[42],32.454559326171875,30.523855209350586,1.9307023286819458,0.0,True,51.309661865234375,14634371.576947106,1.1707497261557684,41-41,3,5,565,0
4,2,4,1,8,zero2,False,"['A6000', 'A6000', 'A10', 'A10', 'A10', 'A6000', 'A6000', 'A6000']",[42],32.454559326171875,30.523855209350586,1.9307023286819458,0.0,True,51.309661865234375,14634371.576947106,1.1707497261557684,41-41,3,5,565,0
4,2,4,1,8,zero2,False,"['A6000', 'A6000', 'A6000', 'A10', 'A10', 'A10', 'A6000', 'A6000']",[42],32.454559326171875,30.523855209350586,1.9307023286819458,0.0,True,51.309661865234375,14634371.576947106,1.1707497261557684,41-41,3,5,565,0
4,2,4,1,8,zero2,False,"['A6000', 'A10', 'A10', 'A10', 'A6000', 'A6000', 'A6000', 'A6000']",[42],32.454559326171875,30.523855209350586,1.9307023286819458,0.0,True,51.309661865234375,14634371.576947106,1.1707497261557684,41-41,3,5,565,0
4,2,4,1,8,zero2,False,"['A6000', 'A6000', 'A6000', 'A6000', 'A6000', 'A10', 'A10', 'A10']",[42],32.454559326171875,30.523855209350586,1.9307023286819458,0.0,True,51.309661865234375,14634371.576947106,1.1707497261557684,41-41,3,5,565,0
4,2,4,1,8,zero2,False,"['A10', 'A6000', 'A6000', 'A6000', 'A6000', 'A6000', 'A10', 'A10']",[42],32.454559326171875,30.523855209350586,1.9307023286819458,0.0,True,51.309661865234375,14634371.576947106,1.1707497261557684,41-41,3,5,565,0
1,4,1,2,16,zero0,False,"['A6000', 'A6000', 'A6000', 'A6000', 'A6000', 'A10', 'A10', 'A10']","[25, 17]",33.17905044555664,31.163148936289993,1.928521990776062,0.08738133311271667,True,268.60321044921875,14961058.257198067,1.1968846605758454,24-16,3,5,573,0
1,4,1,2,16,zero0,False,"['A6000', 'A6000', 'A6000', 'A6000', 'A10', 'A10', 'A10', 'A6000']","[25, 17]",33.17905044555664,31.163148936289993,1.928521990776062,0.08738133311271667,True,268.60321044921875,14961058.257198067,1.1968846605758454,24-16,3,5,573,0
1,4,1,2,16,zero1,False,"['A6000', 'A6000', 'A6000', 'A6000', 'A10', 'A10', 'A10', 'A6000']","[25, 17]",33.17905044555664,31.163148936289993,1.928521990776062,0.08738133311271667,True,197.67015075683594,14961058.257198067,1.1968846605758454,24-16,3,5,573,0
1,4,1,2,16,zero1,False,"['A6000', 'A6000', 'A6000', 'A6000', 'A6000', 'A10', 'A10', 'A10']","[25, 17]",33.17905044555664,31.163148936289993,1.928521990776062,0.08738133311271667,True,197.67015075683594,14961058.257198067,1.1968846605758454,24-16,3,5,573,0
16,1,4,2,4,zero1,False,"['A10', 'A6000', 'A6000', 'A6000', 'A6000', 'A6000', 'A10', 'A10']","[21, 21]",33.60465621948242,33.23544590581621,0.34736165404319763,0.02184533327817917,True,36.688804626464844,15152971.91032542,1.2122377528260335,20-20,3,5,577,0
16,1,4,2,4,zero0,False,"['A6000', 'A6000', 'A10', 'A10', 'A10', 'A6000', 'A6000', 'A6000']","[21, 21]",33.60465621948242,33.23544590581621,0.34736165404319763,0.02184533327817917,True,48.569488525390625,15152971.91032542,1.2122377528260335,20-20,3,5,577,0
16,1,4,2,4,zero1,False,"['A10', 'A10', 'A6000', 'A6000', 'A6000', 'A6000', 'A6000', 'A10']","[21, 21]",33.60465621948242,33.23544590581621,0.34736165404319763,0.02184533327817917,True,36.688804626464844,15152971.91032542,1.2122377528260335,20-20,3,5,577,0
16,1,4,2,4,zero0,False,"['A10', 'A10', 'A6000', 'A6000', 'A6000', 'A6000', 'A6000', 'A10']","[21, 21]",33.60465621948242,33.23544590581621,0.34736165404319763,0.02184533327817917,True,48.569488525390625,15152971.91032542,1.2122377528260335,20-20,3,5,577,0
16,1,4,2,4,zero1,False,"['A6000', 'A6000', 'A6000', 'A10', 'A10', 'A10', 'A6000', 'A6000']","[21, 21]",33.60465621948242,33.23544590581621,0.34736165404319763,0.02184533327817917,True,36.688804626464844,15152971.91032542,1.2122377528260335,20-20,3,5,577,0
16,1,4,2,4,zero0,False,"['A6000', 'A6000', 'A6000', 'A10', 'A10', 'A10', 'A6000', 'A6000']","[21, 21]",33.60465621948242,33.23544590581621,0.34736165404319763,0.02184533327817917,True,48.569488525390625,15152971.91032542,1.2122377528260335,20-20,3,5,577,0
16,1,4,2,4,zero1,False,"['A6000', 'A6000', 'A10', 'A10', 'A10', 'A6000', 'A6000', 'A6000']","[21, 21]",33.60465621948242,33.23544590581621,0.34736165404319763,0.02184533327817917,True,36.688804626464844,15152971.91032542,1.2122377528260335,20-20,3,5,577,0
16,1,4,2,4,zero0,False,"['A10', 'A6000', 'A6000', 'A6000', 'A6000', 'A6000', 'A10', 'A10']","[21, 21]",33.60465621948242,33.23544590581621,0.34736165404319763,0.02184533327817917,True,48.569488525390625,15152971.91032542,1.2122377528260335,20-20,3,5,577,0
32,2,1,32,1,zero0,False,"['A10', 'A10', 'A10', 'A6000', 'A6000', 'A6000', 'A6000', 'A6000']","[2, 1, 1, 1, 1, 1, 1, 1, 1, 1, 1, 1, 2, 2, 1, 2, 2, 2, 1, 1, 2, 1, 1, 1, 2, 1, 1, 1, 2, 1, 1, 2]",33.81932830810547,33.79747984747189,0.0,0.02184533327817917,True,120.99140167236328,15249771.595094996,1.2199817276075997,1-1-1-1-1-1-1-1-1-1-1-1-2-2-1-2-2-2-1-1-2-1-1-1-2-1-1-1-2-1-1-1,3,5,585,0
32,2,1,32,1,zero1,False,"['A10', 'A10', 'A10', 'A6000', 'A6000', 'A6000', 'A6000', 'A6000']","[2, 1, 1, 1, 1, 1, 1, 1, 1, 1, 1, 1, 2, 2, 1, 2, 2, 2, 1, 1, 2, 1, 1, 1, 2, 1, 1, 1, 2, 1, 1, 2]",33.81932830810547,33.79747984747189,0.0,0.02184533327817917,True,120.99140167236328,15249771.595094996,1.2199817276075997,1-1-1-1-1-1-1-1-1-1-1-1-2-2-1-2-2-2-1-1-2-1-1-1-2-1-1-1-2-1-1-1,3,5,585,0
32,2,1,32,1,zero1,False,"['A6000', 'A6000', 'A10', 'A10', 'A10', 'A6000', 'A6000', 'A6000']","[3, 1, 2, 1, 2, 1, 2, 2, 1, 1, 1, 1, 1, 1, 1, 1, 1, 1, 1, 1, 2, 1, 1, 1, 2, 1, 1, 1, 2, 1, 1, 2]",33.826515197753906,33.80466916587188,0.0,0.02184533327817917,True,238.93104553222656,15253012.298890747,1.2202409839112598,2-1-2-1-2-1-2-2-1-1-1-1-1-1-1-1-1-1-1-1-2-1-1-1-2-1-1-1-2-1-1-1,3,5,587,0
32,2,1,32,1,zero1,False,"['A6000', 'A6000', 'A6000', 'A6000', 'A10', 'A10', 'A10', 'A6000']","[3, 1, 2, 1, 2, 1, 2, 2, 2, 1, 1, 1, 2, 1, 1, 1, 1, 1, 1, 1, 1, 1, 1, 1, 1, 1, 1, 1, 2, 1, 1, 2]",33.826515197753906,33.80466916587188,0.0,0.02184533327817917,True,238.93104553222656,15253012.298890747,1.2202409839112598,2-1-2-1-2-1-2-2-2-1-1-1-2-1-1-1-1-1-1-1-1-1-1-1-1-1-1-1-2-1-1-1,3,5,587,0
32,2,1,32,1,zero0,False,"['A6000', 'A6000', 'A10', 'A10', 'A10', 'A6000', 'A6000', 'A6000']","[3, 1, 2, 1, 2, 1, 2, 2, 1, 1, 1, 1, 1, 1, 1, 1, 1, 1, 1, 1, 2, 1, 1, 1, 2, 1, 1, 1, 2, 1, 1, 2]",33.826515197753906,33.80466916587188,0.0,0.02184533327817917,True,238.93104553222656,15253012.298890747,1.2202409839112598,2-1-2-1-2-1-2-2-1-1-1-1-1-1-1-1-1-1-1-1-2-1-1-1-2-1-1-1-2-1-1-1,3,5,587,0
32,2,1,32,1,zero0,False,"['A6000', 'A10', 'A10', 'A10', 'A6000', 'A6000', 'A6000', 'A6000']","[3, 2, 1, 2, 1, 1, 1, 1, 1, 1, 1, 1, 1, 1, 1, 1, 2, 2, 1, 1, 2, 1, 1, 1, 2, 1, 1, 1, 2, 1, 1, 2]",33.826515197753906,33.80466916587188,0.0,0.02184533327817917,True,238.93104553222656,15253012.298890747,1.2202409839112598,2-2-1-2-1-1-1-1-1-1-1-1-1-1-1-1-2-2-1-1-2-1-1-1-2-1-1-1-2-1-1-1,3,5,587,0
32,2,1,32,1,zero1,False,"['A6000', 'A10', 'A10', 'A10', 'A6000', 'A6000', 'A6000', 'A6000']","[3, 2, 1, 2, 1, 1, 1, 1, 1, 1, 1, 1, 1, 1, 1, 1, 2, 2, 1, 1, 2, 1, 1, 1, 2, 1, 1, 1, 2, 1, 1, 2]",33.826515197753906,33.80466916587188,0.0,0.02184533327817917,True,238.93104553222656,15253012.298890747,1.2202409839112598,2-2-1-2-1-1-1-1-1-1-1-1-1-1-1-1-2-2-1-1-2-1-1-1-2-1-1-1-2-1-1-1,3,5,587,0
32,2,1,32,1,zero0,False,"['A6000', 'A6000', 'A6000', 'A6000', 'A10', 'A10', 'A10', 'A6000']","[3, 1, 2, 1, 2, 1, 2, 2, 2, 1, 1, 1, 2, 1, 1, 1, 1, 1, 1, 1, 1, 1, 1, 1, 1, 1, 1, 1, 2, 1, 1, 2]",33.826515197753906,33.80466916587188,0.0,0.02184533327817917,True,238.93104553222656,15253012.298890747,1.2202409839112598,2-1-2-1-2-1-2-2-2-1-1-1-2-1-1-1-1-1-1-1-1-1-1-1-1-1-1-1-2-1-1-1,3,5,587,0
32,2,1,32,1,zero1,False,"['A6000', 'A6000', 'A6000', 'A10', 'A10', 'A10', 'A6000', 'A6000']","[3, 1, 2, 1, 2, 1, 2, 2, 2, 1, 1, 1, 1, 1, 1, 1, 1, 1, 1, 1, 1, 1, 1, 1, 2, 1, 1, 1, 2, 1, 1, 2]",33.826515197753906,33.80466916587188,0.0,0.02184533327817917,True,238.93104553222656,15253012.298890747,1.2202409839112598,2-1-2-1-2-1-2-2-2-1-1-1-1-1-1-1-1-1-1-1-1-1-1-1-2-1-1-1-2-1-1-1,3,5,587,0
32,2,1,32,1,zero0,False,"['A6000', 'A6000', 'A6000', 'A10', 'A10', 'A10', 'A6000', 'A6000']","[3, 1, 2, 1, 2, 1, 2, 2, 2, 1, 1, 1, 1, 1, 1, 1, 1, 1, 1, 1, 1, 1, 1, 1, 2, 1, 1, 1, 2, 1, 1, 2]",33.826515197753906,33.80466916587188,0.0,0.02184533327817917,True,238.93104553222656,15253012.298890747,1.2202409839112598,2-1-2-1-2-1-2-2-2-1-1-1-1-1-1-1-1-1-1-1-1-1-1-1-2-1-1-1-2-1-1-1,3,5,587,0
8,1,4,1,8,zero2,False,"['A6000', 'A6000', 'A10', 'A10', 'A10', 'A6000', 'A6000', 'A6000']",[42],33.99911880493164,30.523855209350586,3.475264072418213,0.0,True,33.575286865234375,15330842.513671184,1.2264674010936947,41-41,3,5,595,0
8,1,4,1,8,zero2,False,"['A10', 'A10', 'A6000', 'A6000', 'A6000', 'A6000', 'A6000', 'A10']",[42],33.99911880493164,30.523855209350586,3.475264072418213,0.0,True,33.575286865234375,15330842.513671184,1.2264674010936947,41-41,3,5,595,0
8,1,4,1,8,zero2,False,"['A10', 'A6000', 'A6000', 'A6000', 'A6000', 'A6000', 'A10', 'A10']",[42],33.99911880493164,30.523855209350586,3.475264072418213,0.0,True,33.575286865234375,15330842.513671184,1.2264674010936947,41-41,3,5,595,0
8,1,4,1,8,zero2,False,"['A10', 'A10', 'A10', 'A6000', 'A6000', 'A6000', 'A6000', 'A6000']",[42],33.99911880493164,30.523855209350586,3.475264072418213,0.0,True,33.575286865234375,15330842.513671184,1.2264674010936947,41-41,3,5,595,0
8,1,4,1,8,zero2,False,"['A6000', 'A10', 'A10', 'A10', 'A6000', 'A6000', 'A6000', 'A6000']",[42],33.99911880493164,30.523855209350586,3.475264072418213,0.0,True,33.575286865234375,15330842.513671184,1.2264674010936947,41-41,3,5,595,0
8,1,4,1,8,zero2,False,"['A6000', 'A6000', 'A6000', 'A6000', 'A6000', 'A10', 'A10', 'A10']",[42],33.99911880493164,30.523855209350586,3.475264072418213,0.0,True,33.575286865234375,15330842.513671184,1.2264674010936947,41-41,3,5,595,0
8,1,4,1,8,zero2,False,"['A6000', 'A6000', 'A6000', 'A6000', 'A10', 'A10', 'A10', 'A6000']",[42],33.99911880493164,30.523855209350586,3.475264072418213,0.0,True,33.575286865234375,15330842.513671184,1.2264674010936947,41-41,3,5,595,0
8,1,4,1,8,zero2,False,"['A6000', 'A6000', 'A6000', 'A10', 'A10', 'A10', 'A6000', 'A6000']",[42],33.99911880493164,30.523855209350586,3.475264072418213,0.0,True,33.575286865234375,15330842.513671184,1.2264674010936947,41-41,3,5,595,0
8,4,4,4,2,zero0,False,"['A10', 'A10', 'A10', 'A6000', 'A6000', 'A6000', 'A6000', 'A6000']","[9, 8, 12, 13]",34.012001037597656,33.89534333003497,0.10573694854974747,0.010922666639089584,True,89.04962158203125,15336651.354816752,1.2269321083853402,8-8-12-12,3,5,603,0
8,4,4,4,2,zero0,False,"['A6000', 'A10', 'A10', 'A10', 'A6000', 'A6000', 'A6000', 'A6000']","[9, 8, 12, 13]",34.012001037597656,33.89534333003497,0.10573694854974747,0.010922666639089584,True,89.04962158203125,15336651.354816752,1.2269321083853402,8-8-12-12,3,5,603,0
8,4,4,4,2,zero1,False,"['A6000', 'A10', 'A10', 'A10', 'A6000', 'A6000', 'A6000', 'A6000']","[9, 8, 12, 13]",34.012001037597656,33.89534333003497,0.10573694854974747,0.010922666639089584,True,85.74411010742188,15336651.354816752,1.2269321083853402,8-8-12-12,3,5,603,0
8,4,4,4,2,zero1,False,"['A10', 'A10', 'A10', 'A6000', 'A6000', 'A6000', 'A6000', 'A6000']","[9, 8, 12, 13]",34.012001037597656,33.89534333003497,0.10573694854974747,0.010922666639089584,True,85.74411010742188,15336651.354816752,1.2269321083853402,8-8-12-12,3,5,603,0
4,2,2,2,8,zero1,False,"['A10', 'A10', 'A6000', 'A6000', 'A6000', 'A6000', 'A6000', 'A10']","[21, 21]",34.02965545654297,33.21368499476249,0.7722811102867126,0.04369066655635834,True,94.22026062011719,15344612.064565552,1.2275689651652442,20-20,3,5,607,0
4,2,2,2,8,zero0,False,"['A10', 'A10', 'A6000', 'A6000', 'A6000', 'A6000', 'A6000', 'A10']","[21, 21]",34.02965545654297,33.21368499476249,0.7722811102867126,0.04369066655635834,True,121.93984985351562,15344612.064565552,1.2275689651652442,20-20,3,5,607,0
4,2,2,2,8,zero1,False,"['A6000', 'A6000', 'A10', 'A10', 'A10', 'A6000', 'A6000', 'A6000']","[21, 21]",34.02965545654297,33.21368499476249,0.7722811102867126,0.04369066655635834,True,94.22026062011719,15344612.064565552,1.2275689651652442,20-20,3,5,607,0
4,2,2,2,8,zero0,False,"['A6000', 'A6000', 'A10', 'A10', 'A10', 'A6000', 'A6000', 'A6000']","[21, 21]",34.02965545654297,33.21368499476249,0.7722811102867126,0.04369066655635834,True,121.93984985351562,15344612.064565552,1.2275689651652442,20-20,3,5,607,0
4,2,2,2,8,zero0,False,"['A6000', 'A6000', 'A6000', 'A10', 'A10', 'A10', 'A6000', 'A6000']","[21, 21]",34.02965545654297,33.21368499476249,0.7722811102867126,0.04369066655635834,True,121.93984985351562,15344612.064565552,1.2275689651652442,20-20,3,5,607,0
4,2,2,2,8,zero1,False,"['A6000', 'A6000', 'A6000', 'A10', 'A10', 'A10', 'A6000', 'A6000']","[21, 21]",34.02965545654297,33.21368499476249,0.7722811102867126,0.04369066655635834,True,94.22026062011719,15344612.064565552,1.2275689651652442,20-20,3,5,607,0
4,2,2,2,8,zero0,False,"['A10', 'A6000', 'A6000', 'A6000', 'A6000', 'A6000', 'A10', 'A10']","[21, 21]",34.02965545654297,33.21368499476249,0.7722811102867126,0.04369066655635834,True,121.93984985351562,15344612.064565552,1.2275689651652442,20-20,3,5,607,0
4,2,2,2,8,zero1,False,"['A10', 'A6000', 'A6000', 'A6000', 'A6000', 'A6000', 'A10', 'A10']","[21, 21]",34.02965545654297,33.21368499476249,0.7722811102867126,0.04369066655635834,True,94.22026062011719,15344612.064565552,1.2275689651652442,20-20,3,5,607,0
8,4,4,4,2,zero0,False,"['A6000', 'A6000', 'A6000', 'A10', 'A10', 'A10', 'A6000', 'A6000']","[13, 8, 8, 13]",34.21475601196289,34.056152211052456,0.14768275618553162,0.010922666639089584,True,133.19296264648438,15428077.388494013,1.234246191079521,12-8-8-12,3,5,615,0
8,4,4,4,2,zero0,False,"['A6000', 'A6000', 'A10', 'A10', 'A10', 'A6000', 'A6000', 'A6000']","[13, 8, 8, 13]",34.21475601196289,34.056152211052456,0.14768275618553162,0.010922666639089584,True,133.19296264648438,15428077.388494013,1.234246191079521,12-8-8-12,3,5,615,0
8,4,4,4,2,zero1,False,"['A6000', 'A6000', 'A10', 'A10', 'A10', 'A6000', 'A6000', 'A6000']","[13, 8, 8, 13]",34.21475601196289,34.056152211052456,0.14768275618553162,0.010922666639089584,True,128.34913635253906,15428077.388494013,1.234246191079521,12-8-8-12,3,5,615,0
8,4,4,4,2,zero1,False,"['A6000', 'A6000', 'A6000', 'A10', 'A10', 'A10', 'A6000', 'A6000']","[13, 8, 8, 13]",34.21475601196289,34.056152211052456,0.14768275618553162,0.010922666639089584,True,128.34913635253906,15428077.388494013,1.234246191079521,12-8-8-12,3,5,615,0
1,2,1,1,32,zero3,False,"['A10', 'A10', 'A6000', 'A6000', 'A6000', 'A6000', 'A6000', 'A10']",[42],34.225311279296875,30.932186126708984,3.2931251525878906,0.0,True,104.601806640625,15432836.957179174,1.234626956574334,41-41,3,5,619,0
1,2,1,1,32,zero3,False,"['A6000', 'A10', 'A10', 'A10', 'A6000', 'A6000', 'A6000', 'A6000']",[42],34.225311279296875,30.932186126708984,3.2931251525878906,0.0,True,104.601806640625,15432836.957179174,1.234626956574334,41-41,3,5,619,0
1,2,1,1,32,zero3,False,"['A6000', 'A6000', 'A6000', 'A10', 'A10', 'A10', 'A6000', 'A6000']",[42],34.225311279296875,30.932186126708984,3.2931251525878906,0.0,True,104.601806640625,15432836.957179174,1.234626956574334,41-41,3,5,619,0
1,2,1,1,32,zero3,False,"['A6000', 'A6000', 'A6000', 'A6000', 'A6000', 'A10', 'A10', 'A10']",[42],34.225311279296875,30.932186126708984,3.2931251525878906,0.0,True,104.601806640625,15432836.957179174,1.234626956574334,41-41,3,5,619,0
1,2,1,1,32,zero3,False,"['A10', 'A6000', 'A6000', 'A6000', 'A6000', 'A6000', 'A10', 'A10']",[42],34.225311279296875,30.932186126708984,3.2931251525878906,0.0,True,104.601806640625,15432836.957179174,1.234626956574334,41-41,3,5,619,0
1,2,1,1,32,zero3,False,"['A6000', 'A6000', 'A10', 'A10', 'A10', 'A6000', 'A6000', 'A6000']",[42],34.225311279296875,30.932186126708984,3.2931251525878906,0.0,True,104.601806640625,15432836.957179174,1.234626956574334,41-41,3,5,619,0
1,2,1,1,32,zero3,False,"['A6000', 'A6000', 'A6000', 'A6000', 'A10', 'A10', 'A10', 'A6000']",[42],34.225311279296875,30.932186126708984,3.2931251525878906,0.0,True,104.601806640625,15432836.957179174,1.234626956574334,41-41,3,5,619,0
1,2,1,1,32,zero3,False,"['A10', 'A10', 'A10', 'A6000', 'A6000', 'A6000', 'A6000', 'A6000']",[42],34.225311279296875,30.932186126708984,3.2931251525878906,0.0,True,104.601806640625,15432836.957179174,1.234626956574334,41-41,3,5,619,0
16,4,4,8,1,zero0,False,"['A6000', 'A6000', 'A6000', 'A6000', 'A6000', 'A10', 'A10', 'A10']","[6, 6, 6, 6, 6, 4, 4, 4]",34.60303497314453,34.59757225781623,0.0,0.005461333319544792,True,109.1452407836914,15603159.679285154,1.2482527743428122,5-6-6-6-6-4-4-3,3,5,627,0
16,4,4,8,1,zero1,False,"['A6000', 'A6000', 'A6000', 'A6000', 'A6000', 'A10', 'A10', 'A10']","[6, 6, 6, 6, 6, 4, 4, 4]",34.60303497314453,34.59757225781623,0.0,0.005461333319544792,True,109.1452407836914,15603159.679285154,1.2482527743428122,5-6-6-6-6-4-4-3,3,5,627,0
32,2,1,32,1,zero0,False,"['A6000', 'A6000', 'A6000', 'A6000', 'A6000', 'A10', 'A10', 'A10']","[3, 1, 2, 1, 2, 1, 2, 2, 2, 1, 1, 1, 2, 1, 1, 1, 2, 1, 1, 1, 1, 1, 1, 1, 1, 1, 1, 1, 1, 1, 1, 2]",34.60508728027344,34.58324217548574,0.0,0.02184533327817917,True,238.93104553222656,15604085.103192858,1.2483268082554286,2-1-2-1-2-1-2-2-2-1-1-1-2-1-1-1-2-1-1-1-1-1-1-1-1-1-1-1-1-1-1-1,3,5,629,0
32,2,1,32,1,zero1,False,"['A6000', 'A6000', 'A6000', 'A6000', 'A6000', 'A10', 'A10', 'A10']","[3, 1, 2, 1, 2, 1, 2, 2, 2, 1, 1, 1, 2, 1, 1, 1, 2, 1, 1, 1, 1, 1, 1, 1, 1, 1, 1, 1, 1, 1, 1, 2]",34.60508728027344,34.58324217548574,0.0,0.02184533327817917,True,238.93104553222656,15604085.103192858,1.2483268082554286,2-1-2-1-2-1-2-2-2-1-1-1-2-1-1-1-2-1-1-1-1-1-1-1-1-1-1-1-1-1-1-1,3,5,629,0
32,2,1,32,1,zero1,False,"['A10', 'A10', 'A6000', 'A6000', 'A6000', 'A6000', 'A6000', 'A10']","[2, 1, 1, 1, 1, 1, 1, 1, 2, 2, 1, 2, 2, 2, 1, 1, 2, 1, 1, 1, 2, 1, 1, 1, 2, 1, 1, 1, 1, 1, 1, 2]",34.60551834106445,34.58366982348576,0.0,0.02184533327817917,True,120.99140167236328,15604279.476615852,1.248342358129268,1-1-1-1-1-1-1-1-2-2-1-2-2-2-1-1-2-1-1-1-2-1-1-1-2-1-1-1-1-1-1-1,3,5,631,0
32,2,1,32,1,zero0,False,"['A10', 'A6000', 'A6000', 'A6000', 'A6000', 'A6000', 'A10', 'A10']","[2, 1, 1, 1, 2, 2, 1, 2, 2, 2, 1, 1, 2, 1, 1, 1, 2, 1, 1, 1, 2, 1, 1, 1, 1, 1, 1, 1, 1, 1, 1, 2]",34.60551834106445,34.58366982348575,0.0,0.02184533327817917,True,120.99140167236328,15604279.476615852,1.248342358129268,1-1-1-1-2-2-1-2-2-2-1-1-2-1-1-1-2-1-1-1-2-1-1-1-1-1-1-1-1-1-1-1,3,5,631,0
32,2,1,32,1,zero1,False,"['A10', 'A6000', 'A6000', 'A6000', 'A6000', 'A6000', 'A10', 'A10']","[2, 1, 1, 1, 2, 2, 1, 2, 2, 2, 1, 1, 2, 1, 1, 1, 2, 1, 1, 1, 2, 1, 1, 1, 1, 1, 1, 1, 1, 1, 1, 2]",34.60551834106445,34.58366982348575,0.0,0.02184533327817917,True,120.99140167236328,15604279.476615852,1.248342358129268,1-1-1-1-2-2-1-2-2-2-1-1-2-1-1-1-2-1-1-1-2-1-1-1-1-1-1-1-1-1-1-1,3,5,631,0
32,2,1,32,1,zero0,False,"['A10', 'A10', 'A6000', 'A6000', 'A6000', 'A6000', 'A6000', 'A10']","[2, 1, 1, 1, 1, 1, 1, 1, 2, 2, 1, 2, 2, 2, 1, 1, 2, 1, 1, 1, 2, 1, 1, 1, 2, 1, 1, 1, 1, 1, 1, 2]",34.60551834106445,34.58366982348576,0.0,0.02184533327817917,True,120.99140167236328,15604279.476615852,1.248342358129268,1-1-1-1-1-1-1-1-2-2-1-2-2-2-1-1-2-1-1-1-2-1-1-1-2-1-1-1-1-1-1-1,3,5,631,0
8,4,4,4,2,zero0,False,"['A10', 'A10', 'A6000', 'A6000', 'A6000', 'A6000', 'A6000', 'A10']","[9, 12, 12, 9]",34.66722869873047,34.55057145585247,0.10573694854974747,0.010922666639089584,True,89.04962158203125,15632105.838242104,1.2505684670593684,8-12-12-8,3,5,635,0
8,4,4,4,2,zero1,False,"['A10', 'A6000', 'A6000', 'A6000', 'A6000', 'A6000', 'A10', 'A10']","[9, 12, 12, 9]",34.66722869873047,34.55057145585247,0.10573694854974747,0.010922666639089584,True,85.74411010742188,15632105.838242104,1.2505684670593684,8-12-12-8,3,5,635,0
8,4,4,4,2,zero1,False,"['A10', 'A10', 'A6000', 'A6000', 'A6000', 'A6000', 'A6000', 'A10']","[9, 12, 12, 9]",34.66722869873047,34.55057145585247,0.10573694854974747,0.010922666639089584,True,85.74411010742188,15632105.838242104,1.2505684670593684,8-12-12-8,3,5,635,0
8,4,4,4,2,zero0,False,"['A10', 'A6000', 'A6000', 'A6000', 'A6000', 'A6000', 'A10', 'A10']","[9, 12, 12, 9]",34.66722869873047,34.55057145585247,0.10573694854974747,0.010922666639089584,True,89.04962158203125,15632105.838242104,1.2505684670593684,8-12-12-8,3,5,635,0
8,4,4,4,2,zero1,False,"['A6000', 'A6000', 'A6000', 'A6000', 'A6000', 'A10', 'A10', 'A10']","[13, 12, 8, 9]",34.70811080932617,34.549507315052466,0.14768275618553162,0.010922666639089584,True,128.34913635253906,15650540.351288317,1.2520432281030653,12-12-8-8,3,5,639,0
8,4,4,4,2,zero0,False,"['A6000', 'A6000', 'A6000', 'A6000', 'A6000', 'A10', 'A10', 'A10']","[13, 12, 8, 9]",34.70811080932617,34.549507315052466,0.14768275618553162,0.010922666639089584,True,133.19296264648438,15650540.351288317,1.2520432281030653,12-12-8-8,3,5,639,0
8,4,4,4,2,zero0,False,"['A6000', 'A6000', 'A6000', 'A6000', 'A10', 'A10', 'A10', 'A6000']","[13, 12, 8, 9]",34.70811080932617,34.549507315052466,0.14768275618553162,0.010922666639089584,True,133.19296264648438,15650540.351288317,1.2520432281030653,12-12-8-8,3,5,639,0
8,4,4,4,2,zero1,False,"['A6000', 'A6000', 'A6000', 'A6000', 'A10', 'A10', 'A10', 'A6000']","[13, 12, 8, 9]",34.70811080932617,34.549507315052466,0.14768275618553162,0.010922666639089584,True,128.34913635253906,15650540.351288317,1.2520432281030653,12-12-8-8,3,5,639,0
16,4,4,8,1,zero1,False,"['A6000', 'A6000', 'A6000', 'A10', 'A10', 'A10', 'A6000', 'A6000']","[6, 6, 6, 4, 3, 4, 6, 7]",34.967586517333984,34.962124467416224,0.0,0.005461333319544792,True,109.1452407836914,15767542.831217712,1.261403426497417,5-6-6-4-3-4-6-6,3,5,643,0
16,4,4,8,1,zero0,False,"['A6000', 'A6000', 'A10', 'A10', 'A10', 'A6000', 'A6000', 'A6000']","[6, 6, 4, 3, 4, 6, 6, 7]",34.967586517333984,34.962124467416224,0.0,0.005461333319544792,True,109.1452407836914,15767542.831217712,1.261403426497417,5-6-4-3-4-6-6-6,3,5,643,0
16,4,4,8,1,zero1,False,"['A6000', 'A10', 'A10', 'A10', 'A6000', 'A6000', 'A6000', 'A6000']","[6, 4, 3, 4, 6, 6, 6, 7]",34.967586517333984,34.96212446741622,0.0,0.005461333319544792,True,109.1452407836914,15767542.831217712,1.261403426497417,5-4-3-4-6-6-6-6,3,5,643,0
16,4,4,8,1,zero0,False,"['A6000', 'A6000', 'A6000', 'A10', 'A10', 'A10', 'A6000', 'A6000']","[6, 6, 6, 4, 3, 4, 6, 7]",34.967586517333984,34.962124467416224,0.0,0.005461333319544792,True,109.1452407836914,15767542.831217712,1.261403426497417,5-6-6-4-3-4-6-6,3,5,643,0
16,4,4,8,1,zero1,False,"['A6000', 'A6000', 'A6000', 'A6000', 'A10', 'A10', 'A10', 'A6000']","[6, 6, 6, 6, 4, 3, 4, 7]",34.967586517333984,34.962124467416224,0.0,0.005461333319544792,True,109.1452407836914,15767542.831217712,1.261403426497417,5-6-6-6-4-3-4-6,3,5,643,0
16,4,4,8,1,zero1,False,"['A6000', 'A6000', 'A10', 'A10', 'A10', 'A6000', 'A6000', 'A6000']","[6, 6, 4, 3, 4, 6, 6, 7]",34.967586517333984,34.962124467416224,0.0,0.005461333319544792,True,109.1452407836914,15767542.831217712,1.261403426497417,5-6-4-3-4-6-6-6,3,5,643,0
16,4,4,8,1,zero0,False,"['A6000', 'A6000', 'A6000', 'A6000', 'A10', 'A10', 'A10', 'A6000']","[6, 6, 6, 6, 4, 3, 4, 7]",34.967586517333984,34.962124467416224,0.0,0.005461333319544792,True,109.1452407836914,15767542.831217712,1.261403426497417,5-6-6-6-4-3-4-6,3,5,643,0
16,4,4,8,1,zero0,False,"['A6000', 'A10', 'A10', 'A10', 'A6000', 'A6000', 'A6000', 'A6000']","[6, 4, 3, 4, 6, 6, 6, 7]",34.967586517333984,34.96212446741622,0.0,0.005461333319544792,True,109.1452407836914,15767542.831217712,1.261403426497417,5-4-3-4-6-6-6-6,3,5,643,0
16,4,4,8,1,zero0,False,"['A10', 'A10', 'A10', 'A6000', 'A6000', 'A6000', 'A6000', 'A6000']","[4, 4, 4, 6, 6, 6, 5, 7]",34.968650817871094,34.96318860821622,0.0,0.005461333319544792,True,65.79232025146484,15768022.74435944,1.2614418195487551,3-4-4-6-6-6-5-6,3,5,651,0
16,4,4,8,1,zero1,False,"['A10', 'A10', 'A10', 'A6000', 'A6000', 'A6000', 'A6000', 'A6000']","[4, 4, 4, 6, 6, 6, 5, 7]",34.968650817871094,34.96318860821622,0.0,0.005461333319544792,True,65.79232025146484,15768022.74435944,1.2614418195487551,3-4-4-6-6-6-5-6,3,5,651,0
8,2,4,2,4,zero0,False,"['A10', 'A10', 'A6000', 'A6000', 'A6000', 'A6000', 'A6000', 'A10']","[21, 21]",35.55815887451172,35.188950543852464,0.34736165404319763,0.02184533327817917,True,70.73745727539062,16033843.021312818,1.2827074417050255,20-20,3,5,653,0
8,2,4,2,4,zero1,False,"['A10', 'A10', 'A6000', 'A6000', 'A6000', 'A6000', 'A6000', 'A10']","[21, 21]",35.55815887451172,35.188950543852464,0.34736165404319763,0.02184533327817917,True,58.856773376464844,16033843.021312818,1.2827074417050255,20-20,3,5,653,0
8,2,4,2,4,zero1,False,"['A6000', 'A6000', 'A10', 'A10', 'A10', 'A6000', 'A6000', 'A6000']","[21, 21]",35.55815887451172,35.188950543852464,0.34736165404319763,0.02184533327817917,True,58.856773376464844,16033843.021312818,1.2827074417050255,20-20,3,5,653,0
8,2,4,2,4,zero0,False,"['A6000', 'A6000', 'A6000', 'A10', 'A10', 'A10', 'A6000', 'A6000']","[21, 21]",35.55815887451172,35.188950543852464,0.34736165404319763,0.02184533327817917,True,70.73745727539062,16033843.021312818,1.2827074417050255,20-20,3,5,653,0
8,2,4,2,4,zero1,False,"['A10', 'A6000', 'A6000', 'A6000', 'A6000', 'A6000', 'A10', 'A10']","[21, 21]",35.55815887451172,35.188950543852464,0.34736165404319763,0.02184533327817917,True,58.856773376464844,16033843.021312818,1.2827074417050255,20-20,3,5,653,0
8,2,4,2,4,zero0,False,"['A10', 'A6000', 'A6000', 'A6000', 'A6000', 'A6000', 'A10', 'A10']","[21, 21]",35.55815887451172,35.188950543852464,0.34736165404319763,0.02184533327817917,True,70.73745727539062,16033843.021312818,1.2827074417050255,20-20,3,5,653,0
8,2,4,2,4,zero1,False,"['A6000', 'A6000', 'A6000', 'A10', 'A10', 'A10', 'A6000', 'A6000']","[21, 21]",35.55815887451172,35.188950543852464,0.34736165404319763,0.02184533327817917,True,58.856773376464844,16033843.021312818,1.2827074417050255,20-20,3,5,653,0
8,2,4,2,4,zero0,False,"['A6000', 'A6000', 'A10', 'A10', 'A10', 'A6000', 'A6000', 'A6000']","[21, 21]",35.55815887451172,35.188950543852464,0.34736165404319763,0.02184533327817917,True,70.73745727539062,16033843.021312818,1.2827074417050255,20-20,3,5,653,0
16,4,4,8,1,zero0,False,"['A10', 'A10', 'A6000', 'A6000', 'A6000', 'A6000', 'A6000', 'A10']","[4, 4, 6, 6, 6, 6, 5, 5]",35.861717224121094,35.856253392216196,0.0,0.005461333319544792,True,65.79232025146484,16170723.19395118,1.2936578555160945,3-4-6-6-6-6-5-4,3,5,661,0
16,4,4,8,1,zero0,False,"['A10', 'A6000', 'A6000', 'A6000', 'A6000', 'A6000', 'A10', 'A10']","[4, 6, 6, 6, 6, 5, 4, 5]",35.861717224121094,35.8562533922162,0.0,0.005461333319544792,True,65.79232025146484,16170723.19395118,1.2936578555160945,3-6-6-6-6-5-4-4,3,5,661,0
16,4,4,8,1,zero1,False,"['A10', 'A6000', 'A6000', 'A6000', 'A6000', 'A6000', 'A10', 'A10']","[4, 6, 6, 6, 6, 5, 4, 5]",35.861717224121094,35.8562533922162,0.0,0.005461333319544792,True,65.79232025146484,16170723.19395118,1.2936578555160945,3-6-6-6-6-5-4-4,3,5,661,0
16,4,4,8,1,zero1,False,"['A10', 'A10', 'A6000', 'A6000', 'A6000', 'A6000', 'A6000', 'A10']","[4, 4, 6, 6, 6, 6, 5, 5]",35.861717224121094,35.856253392216196,0.0,0.005461333319544792,True,65.79232025146484,16170723.19395118,1.2936578555160945,3-4-6-6-6-6-5-4,3,5,661,0
8,4,2,8,2,zero0,False,"['A10', 'A10', 'A6000', 'A6000', 'A6000', 'A6000', 'A6000', 'A10']","[5, 4, 6, 6, 6, 6, 5, 4]",36.25672149658203,36.152269064144996,0.08260700106620789,0.02184533327817917,True,138.99929809570312,16348838.05416478,1.3079070443331824,4-4-6-6-6-6-5-3,3,5,665,0
8,4,2,8,2,zero1,False,"['A10', 'A10', 'A6000', 'A6000', 'A6000', 'A6000', 'A6000', 'A10']","[5, 4, 6, 6, 6, 6, 5, 4]",36.25672149658203,36.152269064144996,0.08260700106620789,0.02184533327817917,True,135.4651336669922,16348838.05416478,1.3079070443331824,4-4-6-6-6-6-5-3,3,5,665,0
4,4,2,4,4,zero0,False,"['A10', 'A10', 'A10', 'A6000', 'A6000', 'A6000', 'A6000', 'A6000']","[9, 8, 12, 13]",36.37504959106445,36.046915093962475,0.28444284200668335,0.04369066655635834,True,143.72271728515625,16402194.418835903,1.3121755535068722,8-8-12-12,3,5,667,0
4,4,2,4,4,zero1,False,"['A10', 'A10', 'A10', 'A6000', 'A6000', 'A6000', 'A6000', 'A6000']","[9, 8, 12, 13]",36.37504959106445,36.046915093962475,0.28444284200668335,0.04369066655635834,True,133.80686950683594,16402194.418835903,1.3121755535068722,8-8-12-12,3,5,667,0
4,4,2,4,4,zero1,False,"['A6000', 'A10', 'A10', 'A10', 'A6000', 'A6000', 'A6000', 'A6000']","[9, 8, 12, 13]",36.37504959106445,36.046915093962475,0.28444284200668335,0.04369066655635834,True,133.80686950683594,16402194.418835903,1.3121755535068722,8-8-12-12,3,5,667,0
4,4,2,4,4,zero0,False,"['A6000', 'A10', 'A10', 'A10', 'A6000', 'A6000', 'A6000', 'A6000']","[9, 8, 12, 13]",36.37504959106445,36.046915093962475,0.28444284200668335,0.04369066655635834,True,143.72271728515625,16402194.418835903,1.3121755535068722,8-8-12-12,3,5,667,0
4,4,2,4,4,zero1,False,"['A6000', 'A6000', 'A10', 'A10', 'A10', 'A6000', 'A6000', 'A6000']","[13, 8, 8, 13]",36.79590606689453,36.34193444756248,0.4102802574634552,0.04369066655635834,True,200.29067993164062,16591966.524072751,1.3273573219258201,12-8-8-12,3,5,671,0
4,4,2,4,4,zero1,False,"['A6000', 'A6000', 'A6000', 'A10', 'A10', 'A10', 'A6000', 'A6000']","[13, 8, 8, 13]",36.79590606689453,36.34193444756248,0.4102802574634552,0.04369066655635834,True,200.29067993164062,16591966.524072751,1.3273573219258201,12-8-8-12,3,5,671,0
4,4,2,4,4,zero0,False,"['A6000', 'A6000', 'A6000', 'A10', 'A10', 'A10', 'A6000', 'A6000']","[13, 8, 8, 13]",36.79590606689453,36.34193444756248,0.4102802574634552,0.04369066655635834,True,214.82113647460938,16591966.524072751,1.3273573219258201,12-8-8-12,3,5,671,0
4,4,2,4,4,zero0,False,"['A6000', 'A6000', 'A10', 'A10', 'A10', 'A6000', 'A6000', 'A6000']","[13, 8, 8, 13]",36.79590606689453,36.34193444756248,0.4102802574634552,0.04369066655635834,True,214.82113647460938,16591966.524072751,1.3273573219258201,12-8-8-12,3,5,671,0
8,4,2,8,2,zero0,False,"['A10', 'A10', 'A10', 'A6000', 'A6000', 'A6000', 'A6000', 'A6000']","[4, 4, 4, 6, 6, 6, 6, 6]",36.80324935913086,36.71517897272623,0.0662219226360321,0.02184533327817917,True,104.63094329833984,16595277.75273879,1.3276222202191033,3-4-4-6-6-6-6-5,3,5,675,0
8,4,2,8,2,zero1,False,"['A10', 'A10', 'A10', 'A6000', 'A6000', 'A6000', 'A6000', 'A6000']","[4, 4, 4, 6, 6, 6, 6, 6]",36.80324935913086,36.71517897272623,0.0662219226360321,0.02184533327817917,True,101.86587524414062,16595277.75273879,1.3276222202191033,3-4-4-6-6-6-6-5,3,5,675,0
8,4,2,8,2,zero1,False,"['A6000', 'A10', 'A10', 'A10', 'A6000', 'A6000', 'A6000', 'A6000']","[7, 4, 3, 4, 6, 6, 6, 6]",36.966636657714844,36.82941564014499,0.11537715792655945,0.02184533327817917,True,202.66363525390625,16668952.1605285,1.33351617284228,6-4-3-4-6-6-6-5,3,5,677,0
8,4,2,8,2,zero0,False,"['A6000', 'A10', 'A10', 'A10', 'A6000', 'A6000', 'A6000', 'A6000']","[7, 4, 3, 4, 6, 6, 6, 6]",36.966636657714844,36.82941564014499,0.11537715792655945,0.02184533327817917,True,207.7360076904297,16668952.1605285,1.33351617284228,6-4-3-4-6-6-6-5,3,5,677,0
8,4,2,8,2,zero0,False,"['A6000', 'A6000', 'A10', 'A10', 'A10', 'A6000', 'A6000', 'A6000']","[7, 6, 4, 3, 4, 6, 6, 6]",37.083885192871094,36.94666452014499,0.11537715792655945,0.02184533327817917,True,207.7360076904297,16721821.731582746,1.3377457385266196,6-6-4-3-4-6-6-5,3,5,679,0
8,4,2,8,2,zero1,False,"['A6000', 'A6000', 'A10', 'A10', 'A10', 'A6000', 'A6000', 'A6000']","[7, 6, 4, 3, 4, 6, 6, 6]",37.083885192871094,36.94666452014499,0.11537715792655945,0.02184533327817917,True,202.66363525390625,16721821.731582746,1.3377457385266196,6-6-4-3-4-6-6-5,3,5,679,0
8,4,2,8,2,zero0,False,"['A6000', 'A6000', 'A6000', 'A10', 'A10', 'A10', 'A6000', 'A6000']","[7, 6, 6, 4, 3, 4, 6, 6]",37.20113754272461,37.06391340014499,0.11537715792655945,0.02184533327817917,True,207.7360076904297,16774693.02275578,1.3419754418204624,6-6-6-4-3-4-6-5,3,5,681,0
8,4,2,8,2,zero1,False,"['A6000', 'A6000', 'A6000', 'A10', 'A10', 'A10', 'A6000', 'A6000']","[7, 6, 6, 4, 3, 4, 6, 6]",37.20113754272461,37.06391340014499,0.11537715792655945,0.02184533327817917,True,202.66363525390625,16774693.02275578,1.3419754418204624,6-6-6-4-3-4-6-5,3,5,681,0
4,4,2,4,4,zero1,False,"['A10', 'A6000', 'A6000', 'A6000', 'A6000', 'A6000', 'A10', 'A10']","[9, 12, 12, 9]",37.251888275146484,36.92375754516248,0.28444284200668335,0.04369066655635834,True,133.80686950683594,16797577.48310539,1.3438061986484313,8-12-12-8,3,5,683,0
4,4,2,4,4,zero0,False,"['A10', 'A10', 'A6000', 'A6000', 'A6000', 'A6000', 'A6000', 'A10']","[9, 12, 12, 9]",37.251888275146484,36.92375754516248,0.28444284200668335,0.04369066655635834,True,143.72271728515625,16797577.48310539,1.3438061986484313,8-12-12-8,3,5,683,0
4,4,2,4,4,zero1,False,"['A10', 'A10', 'A6000', 'A6000', 'A6000', 'A6000', 'A6000', 'A10']","[9, 12, 12, 9]",37.251888275146484,36.92375754516248,0.28444284200668335,0.04369066655635834,True,133.80686950683594,16797577.48310539,1.3438061986484313,8-12-12-8,3,5,683,0
4,4,2,4,4,zero0,False,"['A10', 'A6000', 'A6000', 'A6000', 'A6000', 'A6000', 'A10', 'A10']","[9, 12, 12, 9]",37.251888275146484,36.92375754516248,0.28444284200668335,0.04369066655635834,True,143.72271728515625,16797577.48310539,1.3438061986484313,8-12-12-8,3,5,683,0
4,4,2,4,4,zero0,False,"['A6000', 'A6000', 'A6000', 'A6000', 'A6000', 'A10', 'A10', 'A10']","[13, 12, 8, 9]",37.375099182128906,36.92112857876248,0.4102802574634552,0.04369066655635834,True,214.82113647460938,16853135.599824585,1.348250847985967,12-12-8-8,3,5,687,0
4,4,2,4,4,zero1,False,"['A6000', 'A6000', 'A6000', 'A6000', 'A10', 'A10', 'A10', 'A6000']","[13, 12, 8, 9]",37.375099182128906,36.92112857876248,0.4102802574634552,0.04369066655635834,True,200.29067993164062,16853135.599824585,1.348250847985967,12-12-8-8,3,5,687,0
4,4,2,4,4,zero1,False,"['A6000', 'A6000', 'A6000', 'A6000', 'A6000', 'A10', 'A10', 'A10']","[13, 12, 8, 9]",37.375099182128906,36.92112857876248,0.4102802574634552,0.04369066655635834,True,200.29067993164062,16853135.599824585,1.348250847985967,12-12-8-8,3,5,687,0
4,4,2,4,4,zero0,False,"['A6000', 'A6000', 'A6000', 'A6000', 'A10', 'A10', 'A10', 'A6000']","[13, 12, 8, 9]",37.375099182128906,36.92112857876248,0.4102802574634552,0.04369066655635834,True,214.82113647460938,16853135.599824585,1.348250847985967,12-12-8-8,3,5,687,0
2,8,4,2,4,zero1,False,"['A6000', 'A10', 'A10', 'A10', 'A6000', 'A6000', 'A6000', 'A6000']","[17, 25]",37.434574127197266,37.12828499606996,0.2844429016113281,0.02184533327817917,True,153.57559204101562,16879953.97184133,1.3503963177473066,16-24,3,5,691,0
2,8,4,2,4,zero0,False,"['A10', 'A10', 'A10', 'A6000', 'A6000', 'A6000', 'A6000', 'A6000']","[17, 25]",37.434574127197266,37.12828499606996,0.2844429016113281,0.02184533327817917,True,163.1488037109375,16879953.97184133,1.3503963177473066,16-24,3,5,691,0
2,8,4,2,4,zero0,False,"['A6000', 'A10', 'A10', 'A10', 'A6000', 'A6000', 'A6000', 'A6000']","[17, 25]",37.434574127197266,37.12828499606996,0.2844429016113281,0.02184533327817917,True,163.1488037109375,16879953.97184133,1.3503963177473066,16-24,3,5,691,0
2,8,4,2,4,zero1,False,"['A10', 'A10', 'A10', 'A6000', 'A6000', 'A6000', 'A6000', 'A6000']","[17, 25]",37.434574127197266,37.12828499606996,0.2844429016113281,0.02184533327817917,True,153.57559204101562,16879953.97184133,1.3503963177473066,16-24,3,5,691,0
8,4,2,8,2,zero1,False,"['A10', 'A6000', 'A6000', 'A6000', 'A6000', 'A6000', 'A10', 'A10']","[5, 6, 6, 6, 6, 5, 4, 4]",37.49110794067383,37.38665382232624,0.08260700106620789,0.02184533327817917,True,135.4651336669922,16905446.132272877,1.3524356905818302,4-6-6-6-6-5-4-3,3,5,695,0
8,4,2,8,2,zero0,False,"['A10', 'A6000', 'A6000', 'A6000', 'A6000', 'A6000', 'A10', 'A10']","[5, 6, 6, 6, 6, 5, 4, 4]",37.49110794067383,37.38665382232624,0.08260700106620789,0.02184533327817917,True,138.99929809570312,16905446.132272877,1.3524356905818302,4-6-6-6-6-5-4-3,3,5,695,0
8,4,2,8,2,zero0,False,"['A6000', 'A6000', 'A6000', 'A6000', 'A6000', 'A10', 'A10', 'A10']","[6, 6, 6, 6, 6, 4, 4, 4]",37.50486373901367,37.38402485592624,0.09899207949638367,0.02184533327817917,True,173.36764526367188,16911648.880620793,1.3529319104496635,5-6-6-6-6-4-4-3,3,5,697,0
8,4,2,8,2,zero1,False,"['A6000', 'A6000', 'A6000', 'A6000', 'A6000', 'A10', 'A10', 'A10']","[6, 6, 6, 6, 6, 4, 4, 4]",37.50486373901367,37.38402485592624,0.09899207949638367,0.02184533327817917,True,169.06439208984375,16911648.880620793,1.3529319104496635,5-6-6-6-6-4-4-3,3,5,697,0
2,1,1,1,32,zero3,False,"['A10', 'A10', 'A6000', 'A6000', 'A6000', 'A6000', 'A6000', 'A10']",[42],37.518436431884766,30.932186126708984,6.586250305175781,0.0,True,57.101806640625,16917769.06326691,1.3534215250613528,41-41,3,5,699,0
2,1,1,1,32,zero3,False,"['A6000', 'A6000', 'A6000', 'A10', 'A10', 'A10', 'A6000', 'A6000']",[42],37.518436431884766,30.932186126708984,6.586250305175781,0.0,True,57.101806640625,16917769.06326691,1.3534215250613528,41-41,3,5,699,0
2,1,1,1,32,zero3,False,"['A6000', 'A6000', 'A6000', 'A6000', 'A6000', 'A10', 'A10', 'A10']",[42],37.518436431884766,30.932186126708984,6.586250305175781,0.0,True,57.101806640625,16917769.06326691,1.3534215250613528,41-41,3,5,699,0
2,1,1,1,32,zero3,False,"['A10', 'A10', 'A10', 'A6000', 'A6000', 'A6000', 'A6000', 'A6000']",[42],37.518436431884766,30.932186126708984,6.586250305175781,0.0,True,57.101806640625,16917769.06326691,1.3534215250613528,41-41,3,5,699,0
2,1,1,1,32,zero3,False,"['A6000', 'A10', 'A10', 'A10', 'A6000', 'A6000', 'A6000', 'A6000']",[42],37.518436431884766,30.932186126708984,6.586250305175781,0.0,True,57.101806640625,16917769.06326691,1.3534215250613528,41-41,3,5,699,0
2,1,1,1,32,zero3,False,"['A6000', 'A6000', 'A10', 'A10', 'A10', 'A6000', 'A6000', 'A6000']",[42],37.518436431884766,30.932186126708984,6.586250305175781,0.0,True,57.101806640625,16917769.06326691,1.3534215250613528,41-41,3,5,699,0
2,1,1,1,32,zero3,False,"['A10', 'A6000', 'A6000', 'A6000', 'A6000', 'A6000', 'A10', 'A10']",[42],37.518436431884766,30.932186126708984,6.586250305175781,0.0,True,57.101806640625,16917769.06326691,1.3534215250613528,41-41,3,5,699,0
2,1,1,1,32,zero3,False,"['A6000', 'A6000', 'A6000', 'A6000', 'A10', 'A10', 'A10', 'A6000']",[42],37.518436431884766,30.932186126708984,6.586250305175781,0.0,True,57.101806640625,16917769.06326691,1.3534215250613528,41-41,3,5,699,0
8,4,2,8,2,zero1,False,"['A6000', 'A6000', 'A6000', 'A6000', 'A10', 'A10', 'A10', 'A6000']","[7, 6, 6, 6, 4, 3, 4, 6]",37.55326461791992,37.41604328632623,0.11537715792655945,0.02184533327817917,True,202.66363525390625,16933473.747797277,1.354677899823782,6-6-6-6-4-3-4-5,3,5,707,0
8,4,2,8,2,zero0,False,"['A6000', 'A6000', 'A6000', 'A6000', 'A10', 'A10', 'A10', 'A6000']","[7, 6, 6, 6, 4, 3, 4, 6]",37.55326461791992,37.41604328632623,0.11537715792655945,0.02184533327817917,True,207.7360076904297,16933473.747797277,1.354677899823782,6-6-6-6-4-3-4-5,3,5,707,0
2,8,4,2,4,zero1,False,"['A6000', 'A6000', 'A6000', 'A6000', 'A10', 'A10', 'A10', 'A6000']","[25, 17]",37.94758987426758,37.51546029206995,0.41028040647506714,0.02184533327817917,True,230.15357971191406,17111282.426866688,1.3689025941493351,24-16,3,5,709,0
2,8,4,2,4,zero0,False,"['A6000', 'A6000', 'A6000', 'A6000', 'A10', 'A10', 'A10', 'A6000']","[25, 17]",37.94758987426758,37.51546029206995,0.41028040647506714,0.02184533327817917,True,244.34173583984375,17111282.426866688,1.3689025941493351,24-16,3,5,709,0
2,8,4,2,4,zero1,False,"['A6000', 'A6000', 'A6000', 'A6000', 'A6000', 'A10', 'A10', 'A10']","[25, 17]",37.94758987426758,37.51546029206995,0.41028040647506714,0.02184533327817917,True,230.15357971191406,17111282.426866688,1.3689025941493351,24-16,3,5,709,0
2,8,4,2,4,zero0,False,"['A6000', 'A6000', 'A6000', 'A6000', 'A6000', 'A10', 'A10', 'A10']","[25, 17]",37.94758987426758,37.51546029206995,0.41028040647506714,0.02184533327817917,True,244.34173583984375,17111282.426866688,1.3689025941493351,24-16,3,5,709,0
16,4,2,16,1,zero1,False,"['A10', 'A10', 'A10', 'A6000', 'A6000', 'A6000', 'A6000', 'A6000']","[2, 2, 2, 2, 2, 2, 3, 3, 3, 3, 3, 3, 3, 3, 3, 3]",38.09403610229492,38.08311623314986,0.0,0.010922666639089584,True,69.08173370361328,17177317.78712087,1.3741854229696697,1-2-2-2-2-2-3-3-3-3-3-3-3-3-3-2,3,5,713,0
16,4,2,16,1,zero0,False,"['A10', 'A10', 'A10', 'A6000', 'A6000', 'A6000', 'A6000', 'A6000']","[2, 2, 2, 2, 2, 2, 3, 3, 3, 3, 3, 3, 3, 3, 3, 3]",38.09403610229492,38.08311623314986,0.0,0.010922666639089584,True,69.08173370361328,17177317.78712087,1.3741854229696697,1-2-2-2-2-2-3-3-3-3-3-3-3-3-3-2,3,5,713,0
16,4,2,16,1,zero1,False,"['A6000', 'A10', 'A10', 'A10', 'A6000', 'A6000', 'A6000', 'A6000']","[4, 3, 2, 2, 2, 1, 2, 2, 3, 3, 3, 3, 3, 3, 3, 3]",38.10419464111328,38.09327329561561,0.0,0.010922666639089584,True,204.19345092773438,17181898.463452123,1.37455187707617,3-3-2-2-2-1-2-2-3-3-3-3-3-3-3-2,3,5,715,0
16,4,2,16,1,zero0,False,"['A6000', 'A10', 'A10', 'A10', 'A6000', 'A6000', 'A6000', 'A6000']","[4, 3, 2, 2, 2, 1, 2, 2, 3, 3, 3, 3, 3, 3, 3, 3]",38.10419464111328,38.09327329561561,0.0,0.010922666639089584,True,204.19345092773438,17181898.463452123,1.37455187707617,3-3-2-2-2-1-2-2-3-3-3-3-3-3-3-2,3,5,715,0
16,4,2,16,1,zero1,False,"['A6000', 'A6000', 'A10', 'A10', 'A10', 'A6000', 'A6000', 'A6000']","[4, 3, 3, 3, 2, 2, 2, 1, 2, 2, 3, 3, 3, 3, 3, 3]",38.22144317626953,38.21052217561559,0.0,0.010922666639089584,True,204.19345092773438,17234768.034506373,1.3787814427605098,3-3-3-3-2-2-2-1-2-2-3-3-3-3-3-2,3,5,717,0
16,4,2,16,1,zero0,False,"['A6000', 'A6000', 'A10', 'A10', 'A10', 'A6000', 'A6000', 'A6000']","[4, 3, 3, 3, 2, 2, 2, 1, 2, 2, 3, 3, 3, 3, 3, 3]",38.22144317626953,38.21052217561559,0.0,0.010922666639089584,True,204.19345092773438,17234768.034506373,1.3787814427605098,3-3-3-3-2-2-2-1-2-2-3-3-3-3-3-2,3,5,717,0
16,4,2,16,1,zero0,False,"['A6000', 'A6000', 'A6000', 'A10', 'A10', 'A10', 'A6000', 'A6000']","[4, 3, 3, 3, 3, 3, 2, 2, 2, 1, 2, 2, 3, 3, 3, 3]",38.33869171142578,38.32777105561557,0.0,0.010922666639089584,True,204.19345092773438,17287637.60556062,1.3830110084448495,3-3-3-3-3-3-2-2-2-1-2-2-3-3-3-2,3,5,719,0
16,4,2,16,1,zero1,False,"['A6000', 'A6000', 'A6000', 'A10', 'A10', 'A10', 'A6000', 'A6000']","[4, 3, 3, 3, 3, 3, 2, 2, 2, 1, 2, 2, 3, 3, 3, 3]",38.33869171142578,38.32777105561557,0.0,0.010922666639089584,True,204.19345092773438,17287637.60556062,1.3830110084448495,3-3-3-3-3-3-2-2-2-1-2-2-3-3-3-2,3,5,719,0
16,4,2,16,1,zero0,False,"['A6000', 'A6000', 'A6000', 'A6000', 'A10', 'A10', 'A10', 'A6000']","[4, 3, 3, 3, 3, 3, 3, 3, 2, 2, 2, 1, 2, 2, 3, 3]",38.45594024658203,38.44501993561556,0.0,0.010922666639089584,True,204.19345092773438,17340507.176614866,1.3872405741291893,3-3-3-3-3-3-3-3-2-2-2-1-2-2-3-2,3,5,721,0
16,4,2,16,1,zero1,False,"['A6000', 'A6000', 'A6000', 'A6000', 'A10', 'A10', 'A10', 'A6000']","[4, 3, 3, 3, 3, 3, 3, 3, 2, 2, 2, 1, 2, 2, 3, 3]",38.45594024658203,38.44501993561556,0.0,0.010922666639089584,True,204.19345092773438,17340507.176614866,1.3872405741291893,3-3-3-3-3-3-3-3-2-2-2-1-2-2-3-2,3,5,721,0
16,4,2,16,1,zero1,False,"['A6000', 'A6000', 'A6000', 'A6000', 'A6000', 'A10', 'A10', 'A10']","[3, 3, 3, 3, 3, 3, 3, 3, 3, 3, 2, 2, 2, 2, 2, 2]",38.9860725402832,38.97515018502165,0.0,0.010922666639089584,True,136.63758850097656,17579553.804639976,1.406364304371198,2-3-3-3-3-3-3-3-3-3-2-2-2-2-2-1,3,5,723,0
16,4,2,16,1,zero0,False,"['A6000', 'A6000', 'A6000', 'A6000', 'A6000', 'A10', 'A10', 'A10']","[3, 3, 3, 3, 3, 3, 3, 3, 3, 3, 2, 2, 2, 2, 2, 2]",38.9860725402832,38.97515018502165,0.0,0.010922666639089584,True,136.63758850097656,17579553.804639976,1.406364304371198,2-3-3-3-3-3-3-3-3-3-2-2-2-2-2-1,3,5,723,0
16,4,2,16,1,zero1,False,"['A10', 'A6000', 'A6000', 'A6000', 'A6000', 'A6000', 'A10', 'A10']","[3, 2, 3, 3, 3, 3, 3, 3, 3, 3, 3, 2, 2, 2, 2, 2]",38.99687576293945,38.9859538811498,0.0,0.010922666639089584,True,136.63758850097656,17584425.181046326,1.406754014483706,2-2-3-3-3-3-3-3-3-3-3-2-2-2-2-1,3,5,725,0
16,4,2,16,1,zero0,False,"['A10', 'A10', 'A6000', 'A6000', 'A6000', 'A6000', 'A6000', 'A10']","[3, 2, 2, 2, 3, 3, 3, 3, 3, 3, 3, 3, 3, 2, 2, 2]",38.99687576293945,38.98595388114981,0.0,0.010922666639089584,True,136.63758850097656,17584425.181046326,1.406754014483706,2-2-2-2-3-3-3-3-3-3-3-3-3-2-2-1,3,5,725,0
16,4,2,16,1,zero1,False,"['A10', 'A10', 'A6000', 'A6000', 'A6000', 'A6000', 'A6000', 'A10']","[3, 2, 2, 2, 3, 3, 3, 3, 3, 3, 3, 3, 3, 2, 2, 2]",38.99687576293945,38.98595388114981,0.0,0.010922666639089584,True,136.63758850097656,17584425.181046326,1.406754014483706,2-2-2-2-3-3-3-3-3-3-3-3-3-2-2-1,3,5,725,0
16,4,2,16,1,zero0,False,"['A10', 'A6000', 'A6000', 'A6000', 'A6000', 'A6000', 'A10', 'A10']","[3, 2, 3, 3, 3, 3, 3, 3, 3, 3, 3, 2, 2, 2, 2, 2]",38.99687576293945,38.9859538811498,0.0,0.010922666639089584,True,136.63758850097656,17584425.181046326,1.406754014483706,2-2-3-3-3-3-3-3-3-3-3-2-2-2-2-1,3,5,725,0
2,4,1,4,8,zero0,False,"['A10', 'A10', 'A10', 'A6000', 'A6000', 'A6000', 'A6000', 'A6000']","[9, 8, 12, 13]",39.40773010253906,38.69488260901749,0.6254706382751465,0.08738133311271667,True,148.56890869140625,17769687.13482221,1.4215749707857765,8-8-12-12,3,5,729,0
2,4,1,4,8,zero1,False,"['A10', 'A10', 'A10', 'A6000', 'A6000', 'A6000', 'A6000', 'A6000']","[9, 8, 12, 13]",39.40773010253906,38.69488260901749,0.6254706382751465,0.08738133311271667,True,125.43273162841797,17769687.13482221,1.4215749707857765,8-8-12-12,3,5,729,0
2,4,1,4,8,zero0,False,"['A6000', 'A10', 'A10', 'A10', 'A6000', 'A6000', 'A6000', 'A6000']","[9, 8, 12, 13]",39.40773010253906,38.69488260901749,0.6254706382751465,0.08738133311271667,True,148.56890869140625,17769687.13482221,1.4215749707857765,8-8-12-12,3,5,729,0
2,4,1,4,8,zero1,False,"['A6000', 'A10', 'A10', 'A10', 'A6000', 'A6000', 'A6000', 'A6000']","[9, 8, 12, 13]",39.40773010253906,38.69488260901749,0.6254706382751465,0.08738133311271667,True,125.43273162841797,17769687.13482221,1.4215749707857765,8-8-12-12,3,5,729,0
4,4,4,2,4,zero1,False,"['A6000', 'A6000', 'A10', 'A10', 'A10', 'A6000', 'A6000', 'A6000']","[21, 21]",39.46516799926758,39.09595981992495,0.34736165404319763,0.02184533327817917,True,103.19271087646484,17795586.963406403,1.423646957072512,20-20,3,5,733,0
4,4,4,2,4,zero1,False,"['A10', 'A6000', 'A6000', 'A6000', 'A6000', 'A6000', 'A10', 'A10']","[21, 21]",39.46516799926758,39.09595981992495,0.34736165404319763,0.02184533327817917,True,103.19271087646484,17795586.963406403,1.423646957072512,20-20,3,5,733,0
4,4,4,2,4,zero0,False,"['A10', 'A6000', 'A6000', 'A6000', 'A6000', 'A6000', 'A10', 'A10']","[21, 21]",39.46516799926758,39.09595981992495,0.34736165404319763,0.02184533327817917,True,115.07339477539062,17795586.963406403,1.423646957072512,20-20,3,5,733,0
4,4,4,2,4,zero0,False,"['A10', 'A10', 'A6000', 'A6000', 'A6000', 'A6000', 'A6000', 'A10']","[21, 21]",39.46516799926758,39.09595981992495,0.34736165404319763,0.02184533327817917,True,115.07339477539062,17795586.963406403,1.423646957072512,20-20,3,5,733,0
4,4,4,2,4,zero1,False,"['A10', 'A10', 'A6000', 'A6000', 'A6000', 'A6000', 'A6000', 'A10']","[21, 21]",39.46516799926758,39.09595981992495,0.34736165404319763,0.02184533327817917,True,103.19271087646484,17795586.963406403,1.423646957072512,20-20,3,5,733,0
4,4,4,2,4,zero0,False,"['A6000', 'A6000', 'A10', 'A10', 'A10', 'A6000', 'A6000', 'A6000']","[21, 21]",39.46516799926758,39.09595981992495,0.34736165404319763,0.02184533327817917,True,115.07339477539062,17795586.963406403,1.423646957072512,20-20,3,5,733,0
4,4,4,2,4,zero1,False,"['A6000', 'A6000', 'A6000', 'A10', 'A10', 'A10', 'A6000', 'A6000']","[21, 21]",39.46516799926758,39.09595981992495,0.34736165404319763,0.02184533327817917,True,103.19271087646484,17795586.963406403,1.423646957072512,20-20,3,5,733,0
4,4,4,2,4,zero0,False,"['A6000', 'A6000', 'A6000', 'A10', 'A10', 'A10', 'A6000', 'A6000']","[21, 21]",39.46516799926758,39.09595981992495,0.34736165404319763,0.02184533327817917,True,115.07339477539062,17795586.963406403,1.423646957072512,20-20,3,5,733,0
2,4,1,4,8,zero1,False,"['A6000', 'A6000', 'A6000', 'A10', 'A10', 'A10', 'A6000', 'A6000']","[13, 8, 8, 13]",39.700496673583984,38.69402731301749,0.9190912246704102,0.08738133311271667,True,187.42430114746094,17901701.09141058,1.4321360873128466,12-8-8-12,3,5,741,0
2,4,1,4,8,zero0,False,"['A6000', 'A6000', 'A10', 'A10', 'A10', 'A6000', 'A6000', 'A6000']","[13, 8, 8, 13]",39.700496673583984,38.69402731301749,0.9190912246704102,0.08738133311271667,True,221.32748413085938,17901701.09141058,1.4321360873128466,12-8-8-12,3,5,741,0
2,4,1,4,8,zero1,False,"['A6000', 'A6000', 'A10', 'A10', 'A10', 'A6000', 'A6000', 'A6000']","[13, 8, 8, 13]",39.700496673583984,38.69402731301749,0.9190912246704102,0.08738133311271667,True,187.42430114746094,17901701.09141058,1.4321360873128466,12-8-8-12,3,5,741,0
2,4,1,4,8,zero0,False,"['A6000', 'A6000', 'A6000', 'A10', 'A10', 'A10', 'A6000', 'A6000']","[13, 8, 8, 13]",39.700496673583984,38.69402731301749,0.9190912246704102,0.08738133311271667,True,221.32748413085938,17901701.09141058,1.4321360873128466,12-8-8-12,3,5,741,0
2,4,1,4,8,zero1,False,"['A10', 'A6000', 'A6000', 'A6000', 'A6000', 'A6000', 'A10', 'A10']","[9, 12, 12, 9]",39.745304107666016,39.03245705061749,0.6254706382751465,0.08738133311271667,True,125.43273162841797,17921905.60668919,1.433752448535135,8-12-12-8,3,5,745,0
2,4,1,4,8,zero0,False,"['A10', 'A6000', 'A6000', 'A6000', 'A6000', 'A6000', 'A10', 'A10']","[9, 12, 12, 9]",39.745304107666016,39.03245705061749,0.6254706382751465,0.08738133311271667,True,148.56890869140625,17921905.60668919,1.433752448535135,8-12-12-8,3,5,745,0
2,4,1,4,8,zero1,False,"['A10', 'A10', 'A6000', 'A6000', 'A6000', 'A6000', 'A6000', 'A10']","[9, 12, 12, 9]",39.745304107666016,39.03245705061749,0.6254706382751465,0.08738133311271667,True,125.43273162841797,17921905.60668919,1.433752448535135,8-12-12-8,3,5,745,0
2,4,1,4,8,zero0,False,"['A10', 'A10', 'A6000', 'A6000', 'A6000', 'A6000', 'A6000', 'A10']","[9, 12, 12, 9]",39.745304107666016,39.03245705061749,0.6254706382751465,0.08738133311271667,True,148.56890869140625,17921905.60668919,1.433752448535135,8-12-12-8,3,5,745,0
4,4,1,8,4,zero0,False,"['A10', 'A10', 'A6000', 'A6000', 'A6000', 'A6000', 'A6000', 'A10']","[5, 4, 6, 6, 6, 6, 5, 4]",39.752098083496094,39.44249649454499,0.2222210019826889,0.08738133311271667,True,132.81033325195312,17924969.13824982,1.4339975310599855,4-4-6-6-6-6-5-3,3,5,749,0
4,4,1,8,4,zero1,False,"['A10', 'A10', 'A6000', 'A6000', 'A6000', 'A6000', 'A6000', 'A10']","[5, 4, 6, 6, 6, 6, 5, 4]",39.752098083496094,39.44249649454499,0.2222210019826889,0.08738133311271667,True,122.20818328857422,17924969.13824982,1.4339975310599855,4-4-6-6-6-6-5-3,3,5,749,0
2,4,1,4,8,zero0,False,"['A6000', 'A6000', 'A6000', 'A6000', 'A10', 'A10', 'A10', 'A6000']","[13, 12, 8, 9]",40.03807067871094,39.03160175461749,0.9190912246704102,0.08738133311271667,True,221.32748413085938,18053919.56327756,1.4443135650622048,12-12-8-8,3,5,751,0
2,4,1,4,8,zero1,False,"['A6000', 'A6000', 'A6000', 'A6000', 'A6000', 'A10', 'A10', 'A10']","[13, 12, 8, 9]",40.03807067871094,39.03160175461749,0.9190912246704102,0.08738133311271667,True,187.42430114746094,18053919.56327756,1.4443135650622048,12-12-8-8,3,5,751,0
2,4,1,4,8,zero0,False,"['A6000', 'A6000', 'A6000', 'A6000', 'A6000', 'A10', 'A10', 'A10']","[13, 12, 8, 9]",40.03807067871094,39.03160175461749,0.9190912246704102,0.08738133311271667,True,221.32748413085938,18053919.56327756,1.4443135650622048,12-12-8-8,3,5,751,0
2,4,1,4,8,zero1,False,"['A6000', 'A6000', 'A6000', 'A6000', 'A10', 'A10', 'A10', 'A6000']","[13, 12, 8, 9]",40.03807067871094,39.03160175461749,0.9190912246704102,0.08738133311271667,True,187.42430114746094,18053919.56327756,1.4443135650622048,12-12-8-8,3,5,751,0
4,4,1,8,4,zero0,False,"['A10', 'A10', 'A10', 'A6000', 'A6000', 'A6000', 'A6000', 'A6000']","[5, 4, 3, 6, 6, 6, 6, 6]",40.471534729003906,40.16193259978124,0.2222210019826889,0.08738133311271667,True,132.81033325195312,18249376.661107272,1.4599501328885818,4-4-3-6-6-6-6-5,3,5,755,0
4,4,1,8,4,zero1,False,"['A10', 'A10', 'A10', 'A6000', 'A6000', 'A6000', 'A6000', 'A6000']","[5, 4, 3, 6, 6, 6, 6, 6]",40.471534729003906,40.16193259978124,0.2222210019826889,0.08738133311271667,True,122.20818328857422,18249376.661107272,1.4599501328885818,4-4-3-6-6-6-6-5,3,5,755,0
4,4,1,8,4,zero1,False,"['A10', 'A6000', 'A6000', 'A6000', 'A6000', 'A6000', 'A10', 'A10']","[5, 6, 6, 6, 6, 5, 4, 4]",40.531707763671875,40.222106460581244,0.2222210019826889,0.08738133311271667,True,122.20818328857422,18276509.814862143,1.4621207851889715,4-6-6-6-6-5-4-3,3,5,757,0
4,4,1,8,4,zero0,False,"['A10', 'A6000', 'A6000', 'A6000', 'A6000', 'A6000', 'A10', 'A10']","[5, 6, 6, 6, 6, 5, 4, 4]",40.531707763671875,40.222106460581244,0.2222210019826889,0.08738133311271667,True,132.81033325195312,18276509.814862143,1.4621207851889715,4-6-6-6-6-5-4-3,3,5,757,0
4,4,1,8,4,zero0,False,"['A6000', 'A10', 'A10', 'A10', 'A6000', 'A6000', 'A6000', 'A6000']","[7, 4, 3, 4, 6, 6, 6, 6]",40.56898498535156,40.16107730378124,0.3205314576625824,0.08738133311271667,True,197.6896209716797,18293318.815654118,1.4634655052523293,6-4-3-4-6-6-6-5,3,5,759,0
4,4,1,8,4,zero1,False,"['A6000', 'A6000', 'A10', 'A10', 'A10', 'A6000', 'A6000', 'A6000']","[7, 6, 4, 3, 4, 6, 6, 6]",40.56898498535156,40.16107730378124,0.3205314576625824,0.08738133311271667,True,182.47303771972656,18293318.815654118,1.4634655052523293,6-6-4-3-4-6-6-5,3,5,759,0
4,4,1,8,4,zero1,False,"['A6000', 'A10', 'A10', 'A10', 'A6000', 'A6000', 'A6000', 'A6000']","[7, 4, 3, 4, 6, 6, 6, 6]",40.56898498535156,40.16107730378124,0.3205314576625824,0.08738133311271667,True,182.47303771972656,18293318.815654118,1.4634655052523293,6-4-3-4-6-6-6-5,3,5,759,0
4,4,1,8,4,zero0,False,"['A6000', 'A6000', 'A10', 'A10', 'A10', 'A6000', 'A6000', 'A6000']","[7, 6, 4, 3, 4, 6, 6, 6]",40.56898498535156,40.16107730378124,0.3205314576625824,0.08738133311271667,True,197.6896209716797,18293318.815654118,1.4634655052523293,6-6-4-3-4-6-6-5,3,5,759,0
4,4,1,8,4,zero0,False,"['A6000', 'A6000', 'A6000', 'A10', 'A10', 'A10', 'A6000', 'A6000']","[7, 6, 6, 4, 3, 4, 6, 6]",40.572818756103516,40.16491041774499,0.3205314576625824,0.08738133311271667,True,197.6896209716797,18295047.535035606,1.4636038028028486,6-6-6-4-3-4-6-5,3,5,763,0
4,4,1,8,4,zero1,False,"['A6000', 'A6000', 'A6000', 'A10', 'A10', 'A10', 'A6000', 'A6000']","[7, 6, 6, 4, 3, 4, 6, 6]",40.572818756103516,40.16491041774499,0.3205314576625824,0.08738133311271667,True,182.47303771972656,18295047.535035606,1.4636038028028486,6-6-6-4-3-4-6-5,3,5,763,0
4,4,1,8,4,zero0,False,"['A6000', 'A6000', 'A6000', 'A6000', 'A6000', 'A10', 'A10', 'A10']","[7, 6, 6, 6, 5, 4, 4, 4]",40.6291618347168,40.22125116458125,0.3205314576625824,0.08738133311271667,True,197.6896209716797,18320453.689527772,1.465636295162222,6-6-6-6-5-4-4-3,3,5,765,0
4,4,1,8,4,zero1,False,"['A6000', 'A6000', 'A6000', 'A6000', 'A6000', 'A10', 'A10', 'A10']","[7, 6, 6, 6, 5, 4, 4, 4]",40.6291618347168,40.22125116458125,0.3205314576625824,0.08738133311271667,True,182.47303771972656,18320453.689527772,1.465636295162222,6-6-6-6-5-4-4-3,3,5,765,0
2,4,2,2,8,zero1,False,"['A6000', 'A6000', 'A6000', 'A10', 'A10', 'A10', 'A6000', 'A6000']","[21, 21]",40.64146041870117,39.825488674034986,0.7722811102867126,0.04369066655635834,True,163.3608856201172,18325999.352498848,1.4660799481999078,20-20,3,5,767,0
2,4,2,2,8,zero1,False,"['A6000', 'A6000', 'A10', 'A10', 'A10', 'A6000', 'A6000', 'A6000']","[21, 21]",40.64146041870117,39.825488674034986,0.7722811102867126,0.04369066655635834,True,163.3608856201172,18325999.352498848,1.4660799481999078,20-20,3,5,767,0
2,4,2,2,8,zero0,False,"['A6000', 'A6000', 'A10', 'A10', 'A10', 'A6000', 'A6000', 'A6000']","[21, 21]",40.64146041870117,39.825488674034986,0.7722811102867126,0.04369066655635834,True,191.08047485351562,18325999.352498848,1.4660799481999078,20-20,3,5,767,0
2,4,2,2,8,zero0,False,"['A10', 'A6000', 'A6000', 'A6000', 'A6000', 'A6000', 'A10', 'A10']","[21, 21]",40.64146041870117,39.825488674034986,0.7722811102867126,0.04369066655635834,True,191.08047485351562,18325999.352498848,1.4660799481999078,20-20,3,5,767,0
2,4,2,2,8,zero0,False,"['A10', 'A10', 'A6000', 'A6000', 'A6000', 'A6000', 'A6000', 'A10']","[21, 21]",40.64146041870117,39.825488674034986,0.7722811102867126,0.04369066655635834,True,191.08047485351562,18325999.352498848,1.4660799481999078,20-20,3,5,767,0
2,4,2,2,8,zero1,False,"['A10', 'A10', 'A6000', 'A6000', 'A6000', 'A6000', 'A6000', 'A10']","[21, 21]",40.64146041870117,39.825488674034986,0.7722811102867126,0.04369066655635834,True,163.3608856201172,18325999.352498848,1.4660799481999078,20-20,3,5,767,0
2,4,2,2,8,zero0,False,"['A6000', 'A6000', 'A6000', 'A10', 'A10', 'A10', 'A6000', 'A6000']","[21, 21]",40.64146041870117,39.825488674034986,0.7722811102867126,0.04369066655635834,True,191.08047485351562,18325999.352498848,1.4660799481999078,20-20,3,5,767,0
2,4,2,2,8,zero1,False,"['A10', 'A6000', 'A6000', 'A6000', 'A6000', 'A6000', 'A10', 'A10']","[21, 21]",40.64146041870117,39.825488674034986,0.7722811102867126,0.04369066655635834,True,163.3608856201172,18325999.352498848,1.4660799481999078,20-20,3,5,767,0
4,4,1,8,4,zero0,False,"['A6000', 'A6000', 'A6000', 'A6000', 'A10', 'A10', 'A10', 'A6000']","[7, 6, 6, 6, 4, 3, 4, 6]",40.67060470581055,40.26269593418124,0.3205314576625824,0.08738133311271667,True,197.6896209716797,18339141.060035758,1.4671312848028606,6-6-6-6-4-3-4-5,3,5,775,0
4,4,1,8,4,zero1,False,"['A6000', 'A6000', 'A6000', 'A6000', 'A10', 'A10', 'A10', 'A6000']","[7, 6, 6, 6, 4, 3, 4, 6]",40.67060470581055,40.26269593418124,0.3205314576625824,0.08738133311271667,True,182.47303771972656,18339141.060035758,1.4671312848028606,6-6-6-6-4-3-4-5,3,5,775,0
1,4,1,2,16,zero0,False,"['A6000', 'A6000', 'A10', 'A10', 'A10', 'A6000', 'A6000', 'A6000']","[21, 21]",40.74235153198242,39.04104173629,1.6139280796051025,0.08738133311271667,True,224.34463500976562,18371493.054192066,1.4697194443353652,20-20,3,5,777,0
1,4,1,2,16,zero1,False,"['A10', 'A6000', 'A6000', 'A6000', 'A6000', 'A6000', 'A10', 'A10']","[21, 21]",40.74235153198242,39.04104173629,1.6139280796051025,0.08738133311271667,True,164.94766235351562,18371493.054192066,1.4697194443353652,20-20,3,5,777,0
1,4,1,2,16,zero0,False,"['A6000', 'A6000', 'A6000', 'A10', 'A10', 'A10', 'A6000', 'A6000']","[21, 21]",40.74235153198242,39.04104173629,1.6139280796051025,0.08738133311271667,True,224.34463500976562,18371493.054192066,1.4697194443353652,20-20,3,5,777,0
1,4,1,2,16,zero1,False,"['A6000', 'A6000', 'A6000', 'A10', 'A10', 'A10', 'A6000', 'A6000']","[21, 21]",40.74235153198242,39.04104173629,1.6139280796051025,0.08738133311271667,True,164.94766235351562,18371493.054192066,1.4697194443353652,20-20,3,5,777,0
1,4,1,2,16,zero1,False,"['A10', 'A10', 'A6000', 'A6000', 'A6000', 'A6000', 'A6000', 'A10']","[21, 21]",40.74235153198242,39.04104173629,1.6139280796051025,0.08738133311271667,True,164.94766235351562,18371493.054192066,1.4697194443353652,20-20,3,5,777,0
1,4,1,2,16,zero0,False,"['A10', 'A10', 'A6000', 'A6000', 'A6000', 'A6000', 'A6000', 'A10']","[21, 21]",40.74235153198242,39.04104173629,1.6139280796051025,0.08738133311271667,True,224.34463500976562,18371493.054192066,1.4697194443353652,20-20,3,5,777,0
1,4,1,2,16,zero0,False,"['A10', 'A6000', 'A6000', 'A6000', 'A6000', 'A6000', 'A10', 'A10']","[21, 21]",40.74235153198242,39.04104173629,1.6139280796051025,0.08738133311271667,True,224.34463500976562,18371493.054192066,1.4697194443353652,20-20,3,5,777,0
1,4,1,2,16,zero1,False,"['A6000', 'A6000', 'A10', 'A10', 'A10', 'A6000', 'A6000', 'A6000']","[21, 21]",40.74235153198242,39.04104173629,1.6139280796051025,0.08738133311271667,True,164.94766235351562,18371493.054192066,1.4697194443353652,20-20,3,5,777,0
1,8,2,2,8,zero1,False,"['A6000', 'A10', 'A10', 'A10', 'A6000', 'A6000', 'A6000', 'A6000']","[16, 26]",41.79778289794922,41.16532664697998,0.5887681245803833,0.04369066655635834,True,122.70185852050781,18847406.91973845,1.507792553579076,15-25,3,5,785,0
1,8,2,2,8,zero1,False,"['A10', 'A10', 'A10', 'A6000', 'A6000', 'A6000', 'A6000', 'A6000']","[16, 26]",41.79778289794922,41.16532664697998,0.5887681245803833,0.04369066655635834,True,122.70185852050781,18847406.91973845,1.507792553579076,15-25,3,5,785,0
1,8,2,2,8,zero0,False,"['A10', 'A10', 'A10', 'A6000', 'A6000', 'A6000', 'A6000', 'A6000']","[16, 26]",41.79778289794922,41.16532664697998,0.5887681245803833,0.04369066655635834,True,143.69183349609375,18847406.91973845,1.507792553579076,15-25,3,5,785,0
1,8,2,2,8,zero0,False,"['A6000', 'A10', 'A10', 'A10', 'A6000', 'A6000', 'A6000', 'A6000']","[16, 26]",41.79778289794922,41.16532664697998,0.5887681245803833,0.04369066655635834,True,143.69183349609375,18847406.91973845,1.507792553579076,15-25,3,5,785,0
8,4,1,16,2,zero1,False,"['A10', 'A10', 'A10', 'A6000', 'A6000', 'A6000', 'A6000', 'A6000']","[3, 2, 2, 1, 2, 2, 3, 3, 3, 3, 3, 3, 3, 3, 3, 3]",42.22164535522461,42.095348186046785,0.08260700106620789,0.04369066655635834,True,120.9392318725586,19038534.47857989,1.5230827582863913,2-2-2-1-2-2-3-3-3-3-3-3-3-3-3-2,3,5,789,0
8,4,1,16,2,zero0,False,"['A10', 'A10', 'A10', 'A6000', 'A6000', 'A6000', 'A6000', 'A6000']","[3, 2, 2, 1, 2, 2, 3, 3, 3, 3, 3, 3, 3, 3, 3, 3]",42.22164535522461,42.095348186046785,0.08260700106620789,0.04369066655635834,True,124.93104553222656,19038534.47857989,1.5230827582863913,2-2-2-1-2-2-3-3-3-3-3-3-3-3-3-2,3,5,789,0
1,8,2,2,8,zero0,False,"['A6000', 'A6000', 'A6000', 'A6000', 'A10', 'A10', 'A10', 'A6000']","[26, 16]",42.2462272644043,41.24674329977997,0.9557942152023315,0.04369066655635834,True,238.4691162109375,19049618.924046885,1.5239695139237508,25-15,3,5,791,0
1,8,2,2,8,zero1,False,"['A6000', 'A6000', 'A6000', 'A6000', 'A10', 'A10', 'A10', 'A6000']","[26, 16]",42.2462272644043,41.24674329977997,0.9557942152023315,0.04369066655635834,True,204.0198974609375,19049618.924046885,1.5239695139237508,25-15,3,5,791,0
1,8,2,2,8,zero0,False,"['A6000', 'A6000', 'A6000', 'A6000', 'A6000', 'A10', 'A10', 'A10']","[26, 16]",42.2462272644043,41.24674329977997,0.9557942152023315,0.04369066655635834,True,238.4691162109375,19049618.924046885,1.5239695139237508,25-15,3,5,791,0
1,8,2,2,8,zero1,False,"['A6000', 'A6000', 'A6000', 'A6000', 'A6000', 'A10', 'A10', 'A10']","[26, 16]",42.2462272644043,41.24674329977997,0.9557942152023315,0.04369066655635834,True,204.0198974609375,19049618.924046885,1.5239695139237508,25-15,3,5,791,0
8,4,1,16,2,zero1,False,"['A6000', 'A6000', 'A10', 'A10', 'A10', 'A6000', 'A6000', 'A6000']","[4, 3, 3, 3, 2, 2, 2, 1, 2, 2, 3, 3, 3, 3, 3, 3]",42.25355911254883,42.09449289004677,0.11537717282772064,0.04369066655635834,True,180.34072875976562,19052924.99235656,1.524233999388525,3-3-3-3-2-2-2-1-2-2-3-3-3-3-3-2,3,5,795,0
8,4,1,16,2,zero0,False,"['A6000', 'A6000', 'A10', 'A10', 'A10', 'A6000', 'A6000', 'A6000']","[4, 3, 3, 3, 2, 2, 2, 1, 2, 2, 3, 3, 3, 3, 3, 3]",42.25355911254883,42.09449289004677,0.11537717282772064,0.04369066655635834,True,185.87069702148438,19052924.99235656,1.524233999388525,3-3-3-3-2-2-2-1-2-2-3-3-3-3-3-2,3,5,795,0
8,4,1,16,2,zero0,False,"['A6000', 'A10', 'A10', 'A10', 'A6000', 'A6000', 'A6000', 'A6000']","[4, 3, 2, 2, 2, 1, 2, 2, 3, 3, 3, 3, 3, 3, 3, 3]",42.25355911254883,42.09449289004678,0.11537717282772064,0.04369066655635834,True,185.87069702148438,19052924.99235656,1.524233999388525,3-3-2-2-2-1-2-2-3-3-3-3-3-3-3-2,3,5,795,0
8,4,1,16,2,zero1,False,"['A6000', 'A6000', 'A6000', 'A6000', 'A10', 'A10', 'A10', 'A6000']","[4, 3, 3, 3, 3, 3, 3, 3, 2, 2, 2, 1, 2, 2, 3, 3]",42.25355911254883,42.09449289004675,0.11537717282772064,0.04369066655635834,True,180.34072875976562,19052924.99235656,1.524233999388525,3-3-3-3-3-3-3-3-2-2-2-1-2-2-3-2,3,5,795,0
8,4,1,16,2,zero1,False,"['A6000', 'A6000', 'A6000', 'A10', 'A10', 'A10', 'A6000', 'A6000']","[4, 3, 3, 3, 3, 3, 2, 2, 2, 1, 2, 2, 3, 3, 3, 3]",42.25355911254883,42.094492890046766,0.11537717282772064,0.04369066655635834,True,180.34072875976562,19052924.99235656,1.524233999388525,3-3-3-3-3-3-2-2-2-1-2-2-3-3-3-2,3,5,795,0
8,4,1,16,2,zero1,False,"['A6000', 'A10', 'A10', 'A10', 'A6000', 'A6000', 'A6000', 'A6000']","[4, 3, 2, 2, 2, 1, 2, 2, 3, 3, 3, 3, 3, 3, 3, 3]",42.25355911254883,42.09449289004678,0.11537717282772064,0.04369066655635834,True,180.34072875976562,19052924.99235656,1.524233999388525,3-3-2-2-2-1-2-2-3-3-3-3-3-3-3-2,3,5,795,0
8,4,1,16,2,zero0,False,"['A6000', 'A6000', 'A6000', 'A6000', 'A10', 'A10', 'A10', 'A6000']","[4, 3, 3, 3, 3, 3, 3, 3, 2, 2, 2, 1, 2, 2, 3, 3]",42.25355911254883,42.09449289004675,0.11537717282772064,0.04369066655635834,True,185.87069702148438,19052924.99235656,1.524233999388525,3-3-3-3-3-3-3-3-2-2-2-1-2-2-3-2,3,5,795,0
8,4,1,16,2,zero0,False,"['A6000', 'A6000', 'A6000', 'A10', 'A10', 'A10', 'A6000', 'A6000']","[4, 3, 3, 3, 3, 3, 2, 2, 2, 1, 2, 2, 3, 3, 3, 3]",42.25355911254883,42.094492890046766,0.11537717282772064,0.04369066655635834,True,185.87069702148438,19052924.99235656,1.524233999388525,3-3-3-3-3-3-2-2-2-1-2-2-3-3-3-2,3,5,795,0
8,4,1,16,2,zero1,False,"['A10', 'A10', 'A6000', 'A6000', 'A6000', 'A6000', 'A6000', 'A10']","[3, 2, 2, 2, 3, 3, 3, 3, 3, 3, 3, 3, 3, 2, 2, 2]",42.49822998046875,42.37193424204677,0.08260700106620789,0.04369066655635834,True,120.9392318725586,19163251.69127146,1.533060135301717,2-2-2-2-3-3-3-3-3-3-3-3-3-2-2-1,3,5,803,0
8,4,1,16,2,zero0,False,"['A10', 'A6000', 'A6000', 'A6000', 'A6000', 'A6000', 'A10', 'A10']","[3, 2, 3, 3, 3, 3, 3, 3, 3, 3, 3, 2, 2, 2, 2, 2]",42.49822998046875,42.371934242046756,0.08260700106620789,0.04369066655635834,True,124.93104553222656,19163251.69127146,1.533060135301717,2-2-3-3-3-3-3-3-3-3-3-2-2-2-2-1,3,5,803,0
8,4,1,16,2,zero1,False,"['A10', 'A6000', 'A6000', 'A6000', 'A6000', 'A6000', 'A10', 'A10']","[3, 2, 3, 3, 3, 3, 3, 3, 3, 3, 3, 2, 2, 2, 2, 2]",42.49822998046875,42.371934242046756,0.08260700106620789,0.04369066655635834,True,120.9392318725586,19163251.69127146,1.533060135301717,2-2-3-3-3-3-3-3-3-3-3-2-2-2-2-1,3,5,803,0
8,4,1,16,2,zero0,False,"['A10', 'A10', 'A6000', 'A6000', 'A6000', 'A6000', 'A6000', 'A10']","[3, 2, 2, 2, 3, 3, 3, 3, 3, 3, 3, 3, 3, 2, 2, 2]",42.49822998046875,42.37193424204677,0.08260700106620789,0.04369066655635834,True,124.93104553222656,19163251.69127146,1.533060135301717,2-2-2-2-3-3-3-3-3-3-3-3-3-2-2-1,3,5,803,0
8,4,1,16,2,zero0,False,"['A6000', 'A6000', 'A6000', 'A6000', 'A6000', 'A10', 'A10', 'A10']","[4, 3, 3, 3, 3, 3, 3, 3, 3, 2, 2, 2, 2, 2, 2, 2]",42.53014373779297,42.371078946046744,0.11537717282772064,0.04369066655635834,True,185.87069702148438,19177642.205048133,1.5342113764038507,3-3-3-3-3-3-3-3-3-2-2-2-2-2-2-1,3,5,807,0
8,4,1,16,2,zero1,False,"['A6000', 'A6000', 'A6000', 'A6000', 'A6000', 'A10', 'A10', 'A10']","[4, 3, 3, 3, 3, 3, 3, 3, 3, 2, 2, 2, 2, 2, 2, 2]",42.53014373779297,42.371078946046744,0.11537717282772064,0.04369066655635834,True,180.34072875976562,19177642.205048133,1.5342113764038507,3-3-3-3-3-3-3-3-3-2-2-2-2-2-2-1,3,5,807,0
4,8,4,4,2,zero1,False,"['A6000', 'A10', 'A10', 'A10', 'A6000', 'A6000', 'A6000', 'A6000']","[9, 8, 12, 13]",43.12846374511719,43.011805355924956,0.10573694854974747,0.010922666639089584,True,163.77536010742188,19447435.956400763,1.555794876512061,8-8-12-12,3,5,809,0
4,8,4,4,2,zero0,False,"['A6000', 'A10', 'A10', 'A10', 'A6000', 'A6000', 'A6000', 'A6000']","[9, 8, 12, 13]",43.12846374511719,43.011805355924956,0.10573694854974747,0.010922666639089584,True,167.08087158203125,19447435.956400763,1.555794876512061,8-8-12-12,3,5,809,0
4,8,4,4,2,zero1,False,"['A10', 'A10', 'A10', 'A6000', 'A6000', 'A6000', 'A6000', 'A6000']","[9, 8, 12, 13]",43.12846374511719,43.011805355924956,0.10573694854974747,0.010922666639089584,True,163.77536010742188,19447435.956400763,1.555794876512061,8-8-12-12,3,5,809,0
4,8,4,4,2,zero0,False,"['A10', 'A10', 'A10', 'A6000', 'A6000', 'A6000', 'A6000', 'A6000']","[9, 8, 12, 13]",43.12846374511719,43.011805355924956,0.10573694854974747,0.010922666639089584,True,167.08087158203125,19447435.956400763,1.555794876512061,8-8-12-12,3,5,809,0
4,8,4,4,2,zero1,False,"['A6000', 'A6000', 'A10', 'A10', 'A10', 'A6000', 'A6000', 'A6000']","[13, 8, 8, 13]",43.306358337402344,43.14775494952495,0.14768275618553162,0.010922666639089584,True,245.39601135253906,19527651.975939535,1.562212158075163,12-8-8-12,3,5,813,0
4,8,4,4,2,zero0,False,"['A6000', 'A6000', 'A10', 'A10', 'A10', 'A6000', 'A6000', 'A6000']","[13, 8, 8, 13]",43.306358337402344,43.14775494952495,0.14768275618553162,0.010922666639089584,True,250.23983764648438,19527651.975939535,1.562212158075163,12-8-8-12,3,5,813,0
4,8,4,4,2,zero1,False,"['A6000', 'A6000', 'A6000', 'A10', 'A10', 'A10', 'A6000', 'A6000']","[13, 8, 8, 13]",43.306358337402344,43.14775494952495,0.14768275618553162,0.010922666639089584,True,245.39601135253906,19527651.975939535,1.562212158075163,12-8-8-12,3,5,813,0
4,8,4,4,2,zero0,False,"['A6000', 'A6000', 'A6000', 'A10', 'A10', 'A10', 'A6000', 'A6000']","[13, 8, 8, 13]",43.306358337402344,43.14775494952495,0.14768275618553162,0.010922666639089584,True,250.23983764648438,19527651.975939535,1.562212158075163,12-8-8-12,3,5,813,0
4,8,4,4,2,zero0,False,"['A10', 'A6000', 'A6000', 'A6000', 'A6000', 'A6000', 'A10', 'A10']","[9, 12, 12, 9]",43.75080108642578,43.63414203432496,0.10573694854974747,0.010922666639089584,True,167.08087158203125,19728059.57563983,1.5782447660511862,8-12-12-8,3,5,817,0
4,8,4,4,2,zero1,False,"['A10', 'A10', 'A6000', 'A6000', 'A6000', 'A6000', 'A6000', 'A10']","[9, 12, 12, 9]",43.75080108642578,43.63414203432496,0.10573694854974747,0.010922666639089584,True,163.77536010742188,19728059.57563983,1.5782447660511862,8-12-12-8,3,5,817,0
4,8,4,4,2,zero0,False,"['A10', 'A10', 'A6000', 'A6000', 'A6000', 'A6000', 'A6000', 'A10']","[9, 12, 12, 9]",43.75080108642578,43.63414203432496,0.10573694854974747,0.010922666639089584,True,167.08087158203125,19728059.57563983,1.5782447660511862,8-12-12-8,3,5,817,0
4,8,4,4,2,zero1,False,"['A10', 'A6000', 'A6000', 'A6000', 'A6000', 'A6000', 'A10', 'A10']","[9, 12, 12, 9]",43.75080108642578,43.63414203432496,0.10573694854974747,0.010922666639089584,True,163.77536010742188,19728059.57563983,1.5782447660511862,8-12-12-8,3,5,817,0
4,8,4,4,2,zero1,False,"['A6000', 'A6000', 'A6000', 'A6000', 'A10', 'A10', 'A10', 'A6000']","[13, 12, 8, 9]",43.790618896484375,43.63201375272495,0.14768275618553162,0.010922666639089584,True,245.39601135253906,19746014.175544314,1.579681134043545,12-12-8-8,3,5,821,0
4,8,4,4,2,zero0,False,"['A6000', 'A6000', 'A6000', 'A6000', 'A10', 'A10', 'A10', 'A6000']","[13, 12, 8, 9]",43.790618896484375,43.63201375272495,0.14768275618553162,0.010922666639089584,True,250.23983764648438,19746014.175544314,1.579681134043545,12-12-8-8,3,5,821,0
4,8,4,4,2,zero0,False,"['A6000', 'A6000', 'A6000', 'A6000', 'A6000', 'A10', 'A10', 'A10']","[13, 12, 8, 9]",43.790618896484375,43.63201375272495,0.14768275618553162,0.010922666639089584,True,250.23983764648438,19746014.175544314,1.579681134043545,12-12-8-8,3,5,821,0
4,8,4,4,2,zero1,False,"['A6000', 'A6000', 'A6000', 'A6000', 'A6000', 'A10', 'A10', 'A10']","[13, 12, 8, 9]",43.790618896484375,43.63201375272495,0.14768275618553162,0.010922666639089584,True,245.39601135253906,19746014.175544314,1.579681134043545,12-12-8-8,3,5,821,0
8,8,4,8,1,zero1,False,"['A6000', 'A6000', 'A6000', 'A6000', 'A6000', 'A10', 'A10', 'A10']","[6, 6, 6, 6, 6, 4, 4, 4]",44.23605728149414,44.23059504305245,0.0,0.005461333319544792,True,211.11788940429688,19946870.726248156,1.5957496580998525,5-6-6-6-6-4-4-3,3,5,825,0
8,8,4,8,1,zero0,False,"['A6000', 'A6000', 'A6000', 'A6000', 'A6000', 'A10', 'A10', 'A10']","[6, 6, 6, 6, 6, 4, 4, 4]",44.23605728149414,44.23059504305245,0.0,0.005461333319544792,True,211.11788940429688,19946870.726248156,1.5957496580998525,5-6-6-6-6-4-4-3,3,5,825,0
8,8,4,8,1,zero0,False,"['A6000', 'A6000', 'A6000', 'A10', 'A10', 'A10', 'A6000', 'A6000']","[6, 6, 6, 4, 3, 4, 6, 7]",44.892391204833984,44.88692905585246,0.0,0.005461333319544792,True,211.11788940429688,20242824.0441219,1.619425923529752,5-6-6-4-3-4-6-6,3,5,827,0
8,8,4,8,1,zero1,False,"['A6000', 'A6000', 'A10', 'A10', 'A10', 'A6000', 'A6000', 'A6000']","[6, 6, 4, 3, 4, 6, 6, 7]",44.892391204833984,44.88692905585246,0.0,0.005461333319544792,True,211.11788940429688,20242824.0441219,1.619425923529752,5-6-4-3-4-6-6-6,3,5,827,0
8,8,4,8,1,zero0,False,"['A6000', 'A10', 'A10', 'A10', 'A6000', 'A6000', 'A6000', 'A6000']","[6, 4, 3, 4, 6, 6, 6, 7]",44.892391204833984,44.88692905585246,0.0,0.005461333319544792,True,211.11788940429688,20242824.0441219,1.619425923529752,5-4-3-4-6-6-6-6,3,5,827,0
8,8,4,8,1,zero1,False,"['A6000', 'A6000', 'A6000', 'A10', 'A10', 'A10', 'A6000', 'A6000']","[6, 6, 6, 4, 3, 4, 6, 7]",44.892391204833984,44.88692905585246,0.0,0.005461333319544792,True,211.11788940429688,20242824.0441219,1.619425923529752,5-6-6-4-3-4-6-6,3,5,827,0
8,8,4,8,1,zero0,False,"['A6000', 'A6000', 'A10', 'A10', 'A10', 'A6000', 'A6000', 'A6000']","[6, 6, 4, 3, 4, 6, 6, 7]",44.892391204833984,44.88692905585246,0.0,0.005461333319544792,True,211.11788940429688,20242824.0441219,1.619425923529752,5-6-4-3-4-6-6-6,3,5,827,0
8,8,4,8,1,zero1,False,"['A6000', 'A6000', 'A6000', 'A6000', 'A10', 'A10', 'A10', 'A6000']","[6, 6, 6, 6, 4, 3, 4, 7]",44.892391204833984,44.88692905585246,0.0,0.005461333319544792,True,211.11788940429688,20242824.0441219,1.619425923529752,5-6-6-6-4-3-4-6,3,5,827,0
8,8,4,8,1,zero1,False,"['A6000', 'A10', 'A10', 'A10', 'A6000', 'A6000', 'A6000', 'A6000']","[6, 4, 3, 4, 6, 6, 6, 7]",44.892391204833984,44.88692905585246,0.0,0.005461333319544792,True,211.11788940429688,20242824.0441219,1.619425923529752,5-4-3-4-6-6-6-6,3,5,827,0
8,8,4,8,1,zero0,False,"['A6000', 'A6000', 'A6000', 'A6000', 'A10', 'A10', 'A10', 'A6000']","[6, 6, 6, 6, 4, 3, 4, 7]",44.892391204833984,44.88692905585246,0.0,0.005461333319544792,True,211.11788940429688,20242824.0441219,1.619425923529752,5-6-6-6-4-3-4-6,3,5,827,0
8,8,4,8,1,zero0,False,"['A10', 'A10', 'A10', 'A6000', 'A6000', 'A6000', 'A6000', 'A6000']","[4, 4, 4, 6, 6, 6, 5, 7]",44.8945198059082,44.88905733745246,0.0,0.005461333319544792,True,126.97591400146484,20243783.870405354,1.6195027096324284,3-4-4-6-6-6-5-6,3,5,835,0
8,8,4,8,1,zero1,False,"['A10', 'A10', 'A10', 'A6000', 'A6000', 'A6000', 'A6000', 'A6000']","[4, 4, 4, 6, 6, 6, 5, 7]",44.8945198059082,44.88905733745246,0.0,0.005461333319544792,True,126.97591400146484,20243783.870405354,1.6195027096324284,3-4-4-6-6-6-5-6,3,5,835,0
8,8,4,8,1,zero1,False,"['A10', 'A10', 'A6000', 'A6000', 'A6000', 'A6000', 'A6000', 'A10']","[4, 4, 6, 6, 6, 6, 5, 5]",45.74851608276367,45.74305450225248,0.0,0.005461333319544792,True,126.97591400146484,20628866.863374975,1.6503093490699978,3-4-6-6-6-6-5-4,3,5,837,0
8,8,4,8,1,zero0,False,"['A10', 'A10', 'A6000', 'A6000', 'A6000', 'A6000', 'A6000', 'A10']","[4, 4, 6, 6, 6, 6, 5, 5]",45.74851608276367,45.74305450225248,0.0,0.005461333319544792,True,126.97591400146484,20628866.863374975,1.6503093490699978,3-4-6-6-6-6-5-4,3,5,837,0
8,8,4,8,1,zero0,False,"['A10', 'A6000', 'A6000', 'A6000', 'A6000', 'A6000', 'A10', 'A10']","[4, 6, 6, 6, 6, 5, 4, 5]",45.74851608276367,45.74305450225248,0.0,0.005461333319544792,True,126.97591400146484,20628866.863374975,1.6503093490699978,3-6-6-6-6-5-4-4,3,5,837,0
8,8,4,8,1,zero1,False,"['A10', 'A6000', 'A6000', 'A6000', 'A6000', 'A6000', 'A10', 'A10']","[4, 6, 6, 6, 6, 5, 4, 5]",45.74851608276367,45.74305450225248,0.0,0.005461333319544792,True,126.97591400146484,20628866.863374975,1.6503093490699978,3-6-6-6-6-5-4-4,3,5,837,0
2,8,4,2,4,zero1,False,"['A6000', 'A6000', 'A10', 'A10', 'A10', 'A6000', 'A6000', 'A6000']","[21, 21]",47.2791862487793,46.90997837206994,0.34736165404319763,0.02184533327817917,True,191.86459350585938,21319074.84759357,1.7055259878074855,20-20,3,5,841,0
2,8,4,2,4,zero0,False,"['A6000', 'A6000', 'A6000', 'A10', 'A10', 'A10', 'A6000', 'A6000']","[21, 21]",47.2791862487793,46.90997837206994,0.34736165404319763,0.02184533327817917,True,203.74526977539062,21319074.84759357,1.7055259878074855,20-20,3,5,841,0
2,8,4,2,4,zero0,False,"['A10', 'A10', 'A6000', 'A6000', 'A6000', 'A6000', 'A6000', 'A10']","[21, 21]",47.2791862487793,46.90997837206994,0.34736165404319763,0.02184533327817917,True,203.74526977539062,21319074.84759357,1.7055259878074855,20-20,3,5,841,0
2,8,4,2,4,zero1,False,"['A6000', 'A6000', 'A6000', 'A10', 'A10', 'A10', 'A6000', 'A6000']","[21, 21]",47.2791862487793,46.90997837206994,0.34736165404319763,0.02184533327817917,True,191.86459350585938,21319074.84759357,1.7055259878074855,20-20,3,5,841,0
2,8,4,2,4,zero0,False,"['A6000', 'A6000', 'A10', 'A10', 'A10', 'A6000', 'A6000', 'A6000']","[21, 21]",47.2791862487793,46.90997837206994,0.34736165404319763,0.02184533327817917,True,203.74526977539062,21319074.84759357,1.7055259878074855,20-20,3,5,841,0
2,8,4,2,4,zero1,False,"['A10', 'A10', 'A6000', 'A6000', 'A6000', 'A6000', 'A6000', 'A10']","[21, 21]",47.2791862487793,46.90997837206994,0.34736165404319763,0.02184533327817917,True,191.86459350585938,21319074.84759357,1.7055259878074855,20-20,3,5,841,0
2,8,4,2,4,zero0,False,"['A10', 'A6000', 'A6000', 'A6000', 'A6000', 'A6000', 'A10', 'A10']","[21, 21]",47.2791862487793,46.90997837206994,0.34736165404319763,0.02184533327817917,True,203.74526977539062,21319074.84759357,1.7055259878074855,20-20,3,5,841,0
2,8,4,2,4,zero1,False,"['A10', 'A6000', 'A6000', 'A6000', 'A6000', 'A6000', 'A10', 'A10']","[21, 21]",47.2791862487793,46.90997837206994,0.34736165404319763,0.02184533327817917,True,191.86459350585938,21319074.84759357,1.7055259878074855,20-20,3,5,841,0
16,4,1,32,1,zero1,False,"['A10', 'A10', 'A10', 'A6000', 'A6000', 'A6000', 'A6000', 'A6000']","[2, 1, 1, 1, 1, 1, 1, 1, 1, 1, 1, 1, 2, 2, 1, 2, 2, 2, 1, 1, 2, 1, 1, 1, 2, 1, 1, 1, 2, 1, 1, 2]",47.42432403564453,47.402475394143714,0.0,0.02184533327817917,True,120.99140167236328,21384520.20710362,1.7107616165682897,1-1-1-1-1-1-1-1-1-1-1-1-2-2-1-2-2-2-1-1-2-1-1-1-2-1-1-1-2-1-1-1,3,5,849,0
16,4,1,32,1,zero0,False,"['A10', 'A10', 'A10', 'A6000', 'A6000', 'A6000', 'A6000', 'A6000']","[2, 1, 1, 1, 1, 1, 1, 1, 1, 1, 1, 1, 2, 2, 1, 2, 2, 2, 1, 1, 2, 1, 1, 1, 2, 1, 1, 1, 2, 1, 1, 2]",47.42432403564453,47.402475394143714,0.0,0.02184533327817917,True,120.99140167236328,21384520.20710362,1.7107616165682897,1-1-1-1-1-1-1-1-1-1-1-1-2-2-1-2-2-2-1-1-2-1-1-1-2-1-1-1-2-1-1-1,3,5,849,0
16,4,1,32,1,zero1,False,"['A6000', 'A6000', 'A10', 'A10', 'A10', 'A6000', 'A6000', 'A6000']","[3, 1, 2, 1, 2, 1, 2, 2, 1, 1, 1, 1, 1, 1, 1, 1, 1, 1, 1, 1, 2, 1, 1, 1, 2, 1, 1, 1, 2, 1, 1, 2]",47.43870162963867,47.41685403094372,0.0,0.02184533327817917,True,238.93104553222656,21391003.33481391,1.7112802667851128,2-1-2-1-2-1-2-2-1-1-1-1-1-1-1-1-1-1-1-1-2-1-1-1-2-1-1-1-2-1-1-1,3,5,851,0
16,4,1,32,1,zero0,False,"['A6000', 'A6000', 'A10', 'A10', 'A10', 'A6000', 'A6000', 'A6000']","[3, 1, 2, 1, 2, 1, 2, 2, 1, 1, 1, 1, 1, 1, 1, 1, 1, 1, 1, 1, 2, 1, 1, 1, 2, 1, 1, 1, 2, 1, 1, 2]",47.43870162963867,47.41685403094372,0.0,0.02184533327817917,True,238.93104553222656,21391003.33481391,1.7112802667851128,2-1-2-1-2-1-2-2-1-1-1-1-1-1-1-1-1-1-1-1-2-1-1-1-2-1-1-1-2-1-1-1,3,5,851,0
16,4,1,32,1,zero1,False,"['A6000', 'A6000', 'A6000', 'A10', 'A10', 'A10', 'A6000', 'A6000']","[3, 1, 2, 1, 2, 1, 2, 2, 2, 1, 1, 1, 1, 1, 1, 1, 1, 1, 1, 1, 1, 1, 1, 1, 2, 1, 1, 1, 2, 1, 1, 2]",47.43870162963867,47.41685403094373,0.0,0.02184533327817917,True,238.93104553222656,21391003.33481391,1.7112802667851128,2-1-2-1-2-1-2-2-2-1-1-1-1-1-1-1-1-1-1-1-1-1-1-1-2-1-1-1-2-1-1-1,3,5,851,0
16,4,1,32,1,zero0,False,"['A6000', 'A6000', 'A6000', 'A10', 'A10', 'A10', 'A6000', 'A6000']","[3, 1, 2, 1, 2, 1, 2, 2, 2, 1, 1, 1, 1, 1, 1, 1, 1, 1, 1, 1, 1, 1, 1, 1, 2, 1, 1, 1, 2, 1, 1, 2]",47.43870162963867,47.41685403094373,0.0,0.02184533327817917,True,238.93104553222656,21391003.33481391,1.7112802667851128,2-1-2-1-2-1-2-2-2-1-1-1-1-1-1-1-1-1-1-1-1-1-1-1-2-1-1-1-2-1-1-1,3,5,851,0
16,4,1,32,1,zero1,False,"['A6000', 'A10', 'A10', 'A10', 'A6000', 'A6000', 'A6000', 'A6000']","[3, 2, 1, 2, 1, 1, 1, 1, 1, 1, 1, 1, 1, 1, 1, 1, 2, 2, 1, 1, 2, 1, 1, 1, 2, 1, 1, 1, 2, 1, 1, 2]",47.43870162963867,47.4168540309437,0.0,0.02184533327817917,True,238.93104553222656,21391003.33481391,1.7112802667851128,2-2-1-2-1-1-1-1-1-1-1-1-1-1-1-1-2-2-1-1-2-1-1-1-2-1-1-1-2-1-1-1,3,5,851,0
16,4,1,32,1,zero0,False,"['A6000', 'A6000', 'A6000', 'A6000', 'A10', 'A10', 'A10', 'A6000']","[3, 1, 2, 1, 2, 1, 2, 2, 2, 1, 1, 1, 2, 1, 1, 1, 1, 1, 1, 1, 1, 1, 1, 1, 1, 1, 1, 1, 2, 1, 1, 2]",47.43870162963867,47.416854030943746,0.0,0.02184533327817917,True,238.93104553222656,21391003.33481391,1.7112802667851128,2-1-2-1-2-1-2-2-2-1-1-1-2-1-1-1-1-1-1-1-1-1-1-1-1-1-1-1-2-1-1-1,3,5,851,0
16,4,1,32,1,zero0,False,"['A6000', 'A10', 'A10', 'A10', 'A6000', 'A6000', 'A6000', 'A6000']","[3, 2, 1, 2, 1, 1, 1, 1, 1, 1, 1, 1, 1, 1, 1, 1, 2, 2, 1, 1, 2, 1, 1, 1, 2, 1, 1, 1, 2, 1, 1, 2]",47.43870162963867,47.4168540309437,0.0,0.02184533327817917,True,238.93104553222656,21391003.33481391,1.7112802667851128,2-2-1-2-1-1-1-1-1-1-1-1-1-1-1-1-2-2-1-1-2-1-1-1-2-1-1-1-2-1-1-1,3,5,851,0
16,4,1,32,1,zero1,False,"['A6000', 'A6000', 'A6000', 'A6000', 'A10', 'A10', 'A10', 'A6000']","[3, 1, 2, 1, 2, 1, 2, 2, 2, 1, 1, 1, 2, 1, 1, 1, 1, 1, 1, 1, 1, 1, 1, 1, 1, 1, 1, 1, 2, 1, 1, 2]",47.43870162963867,47.416854030943746,0.0,0.02184533327817917,True,238.93104553222656,21391003.33481391,1.7112802667851128,2-1-2-1-2-1-2-2-2-1-1-1-2-1-1-1-1-1-1-1-1-1-1-1-1-1-1-1-2-1-1-1,3,5,851,0
16,4,1,32,1,zero0,False,"['A6000', 'A6000', 'A6000', 'A6000', 'A6000', 'A10', 'A10', 'A10']","[3, 1, 2, 1, 2, 1, 2, 2, 2, 1, 1, 1, 2, 1, 1, 1, 2, 1, 1, 1, 1, 1, 1, 1, 1, 1, 1, 1, 1, 1, 1, 2]",48.73371505737305,48.71186877542169,0.0,0.02184533327817917,True,238.93104553222656,21974949.2608126,1.7579959408650079,2-1-2-1-2-1-2-2-2-1-1-1-2-1-1-1-2-1-1-1-1-1-1-1-1-1-1-1-1-1-1-1,3,5,859,0
16,4,1,32,1,zero1,False,"['A6000', 'A6000', 'A6000', 'A6000', 'A6000', 'A10', 'A10', 'A10']","[3, 1, 2, 1, 2, 1, 2, 2, 2, 1, 1, 1, 2, 1, 1, 1, 2, 1, 1, 1, 1, 1, 1, 1, 1, 1, 1, 1, 1, 1, 1, 2]",48.73371505737305,48.71186877542169,0.0,0.02184533327817917,True,238.93104553222656,21974949.2608126,1.7579959408650079,2-1-2-1-2-1-2-2-2-1-1-1-2-1-1-1-2-1-1-1-1-1-1-1-1-1-1-1-1-1-1-1,3,5,859,0
16,4,1,32,1,zero0,False,"['A10', 'A10', 'A6000', 'A6000', 'A6000', 'A6000', 'A6000', 'A10']","[2, 1, 1, 1, 1, 1, 1, 1, 2, 2, 1, 2, 2, 2, 1, 1, 2, 1, 1, 1, 2, 1, 1, 1, 2, 1, 1, 1, 1, 1, 1, 2]",48.73456954956055,48.71272407142168,0.0,0.02184533327817917,True,120.99140167236328,21975334.567421008,1.7580267653936807,1-1-1-1-1-1-1-1-2-2-1-2-2-2-1-1-2-1-1-1-2-1-1-1-2-1-1-1-1-1-1-1,3,5,861,0
16,4,1,32,1,zero1,False,"['A10', 'A10', 'A6000', 'A6000', 'A6000', 'A6000', 'A6000', 'A10']","[2, 1, 1, 1, 1, 1, 1, 1, 2, 2, 1, 2, 2, 2, 1, 1, 2, 1, 1, 1, 2, 1, 1, 1, 2, 1, 1, 1, 1, 1, 1, 2]",48.73456954956055,48.71272407142168,0.0,0.02184533327817917,True,120.99140167236328,21975334.567421008,1.7580267653936807,1-1-1-1-1-1-1-1-2-2-1-2-2-2-1-1-2-1-1-1-2-1-1-1-2-1-1-1-1-1-1-1,3,5,861,0
16,4,1,32,1,zero1,False,"['A10', 'A6000', 'A6000', 'A6000', 'A6000', 'A6000', 'A10', 'A10']","[2, 1, 1, 1, 2, 2, 1, 2, 2, 2, 1, 1, 2, 1, 1, 1, 2, 1, 1, 1, 2, 1, 1, 1, 1, 1, 1, 1, 1, 1, 1, 2]",48.73456954956055,48.7127240714217,0.0,0.02184533327817917,True,120.99140167236328,21975334.567421008,1.7580267653936807,1-1-1-1-2-2-1-2-2-2-1-1-2-1-1-1-2-1-1-1-2-1-1-1-1-1-1-1-1-1-1-1,3,5,861,0
16,4,1,32,1,zero0,False,"['A10', 'A6000', 'A6000', 'A6000', 'A6000', 'A6000', 'A10', 'A10']","[2, 1, 1, 1, 2, 2, 1, 2, 2, 2, 1, 1, 2, 1, 1, 1, 2, 1, 1, 1, 2, 1, 1, 1, 1, 1, 1, 1, 1, 1, 1, 2]",48.73456954956055,48.7127240714217,0.0,0.02184533327817917,True,120.99140167236328,21975334.567421008,1.7580267653936807,1-1-1-1-2-2-1-2-2-2-1-1-2-1-1-1-2-1-1-1-2-1-1-1-1-1-1-1-1-1-1-1,3,5,861,0
1,16,4,2,4,zero1,False,"['A6000', 'A10', 'A10', 'A10', 'A6000', 'A6000', 'A6000', 'A6000']","[17, 25]",50.048927307128906,49.742639348359944,0.2844429016113281,0.02184533327817917,True,153.57559204101562,22568003.215791382,1.8054402572633106,16-24,3,5,865,0
1,16,4,2,4,zero0,False,"['A6000', 'A10', 'A10', 'A10', 'A6000', 'A6000', 'A6000', 'A6000']","[17, 25]",50.048927307128906,49.742639348359944,0.2844429016113281,0.02184533327817917,True,163.1488037109375,22568003.215791382,1.8054402572633106,16-24,3,5,865,0
1,16,4,2,4,zero1,False,"['A10', 'A10', 'A10', 'A6000', 'A6000', 'A6000', 'A6000', 'A6000']","[17, 25]",50.048927307128906,49.742639348359944,0.2844429016113281,0.02184533327817917,True,153.57559204101562,22568003.215791382,1.8054402572633106,16-24,3,5,865,0
1,16,4,2,4,zero0,False,"['A10', 'A10', 'A10', 'A6000', 'A6000', 'A6000', 'A6000', 'A6000']","[17, 25]",50.048927307128906,49.742639348359944,0.2844429016113281,0.02184533327817917,True,163.1488037109375,22568003.215791382,1.8054402572633106,16-24,3,5,865,0
1,16,4,2,4,zero0,False,"['A6000', 'A6000', 'A6000', 'A6000', 'A10', 'A10', 'A10', 'A6000']","[25, 17]",50.24727249145508,49.81514540915994,0.41028040647506714,0.02184533327817917,True,244.34173583984375,22657440.79215023,1.8125952633720184,24-16,3,5,869,0
1,16,4,2,4,zero1,False,"['A6000', 'A6000', 'A6000', 'A6000', 'A6000', 'A10', 'A10', 'A10']","[25, 17]",50.24727249145508,49.81514540915994,0.41028040647506714,0.02184533327817917,True,230.15357971191406,22657440.79215023,1.8125952633720184,24-16,3,5,869,0
1,16,4,2,4,zero0,False,"['A6000', 'A6000', 'A6000', 'A6000', 'A6000', 'A10', 'A10', 'A10']","[25, 17]",50.24727249145508,49.81514540915994,0.41028040647506714,0.02184533327817917,True,244.34173583984375,22657440.79215023,1.8125952633720184,24-16,3,5,869,0
1,16,4,2,4,zero1,False,"['A6000', 'A6000', 'A6000', 'A6000', 'A10', 'A10', 'A10', 'A6000']","[25, 17]",50.24727249145508,49.81514540915994,0.41028040647506714,0.02184533327817917,True,230.15357971191406,22657440.79215023,1.8125952633720184,24-16,3,5,869,0
2,8,2,4,4,zero0,False,"['A6000', 'A10', 'A10', 'A10', 'A6000', 'A6000', 'A6000', 'A6000']","[9, 8, 12, 13]",51.867008209228516,51.53887728203497,0.28444284200668335,0.04369066655635834,True,143.72271728515625,23387810.109820627,1.8710248087856503,8-8-12-12,3,5,873,0
2,8,2,4,4,zero1,False,"['A10', 'A10', 'A10', 'A6000', 'A6000', 'A6000', 'A6000', 'A6000']","[9, 8, 12, 13]",51.867008209228516,51.53887728203497,0.28444284200668335,0.04369066655635834,True,133.80686950683594,23387810.109820627,1.8710248087856503,8-8-12-12,3,5,873,0
2,8,2,4,4,zero1,False,"['A6000', 'A10', 'A10', 'A10', 'A6000', 'A6000', 'A6000', 'A6000']","[9, 8, 12, 13]",51.867008209228516,51.53887728203497,0.28444284200668335,0.04369066655635834,True,133.80686950683594,23387810.109820627,1.8710248087856503,8-8-12-12,3,5,873,0
2,8,2,4,4,zero0,False,"['A10', 'A10', 'A10', 'A6000', 'A6000', 'A6000', 'A6000', 'A6000']","[9, 8, 12, 13]",51.867008209228516,51.53887728203497,0.28444284200668335,0.04369066655635834,True,143.72271728515625,23387810.109820627,1.8710248087856503,8-8-12-12,3,5,873,0
2,8,2,4,4,zero1,False,"['A6000', 'A6000', 'A10', 'A10', 'A10', 'A6000', 'A6000', 'A6000']","[13, 8, 8, 13]",51.98759078979492,51.53361934923497,0.4102802574634552,0.04369066655635834,True,200.29067993164062,23442183.064695194,1.8753746451756157,12-8-8-12,3,5,877,0
2,8,2,4,4,zero0,False,"['A6000', 'A6000', 'A6000', 'A10', 'A10', 'A10', 'A6000', 'A6000']","[13, 8, 8, 13]",51.98759078979492,51.53361934923497,0.4102802574634552,0.04369066655635834,True,214.82113647460938,23442183.064695194,1.8753746451756157,12-8-8-12,3,5,877,0
2,8,2,4,4,zero0,False,"['A6000', 'A6000', 'A10', 'A10', 'A10', 'A6000', 'A6000', 'A6000']","[13, 8, 8, 13]",51.98759078979492,51.53361934923497,0.4102802574634552,0.04369066655635834,True,214.82113647460938,23442183.064695194,1.8753746451756157,12-8-8-12,3,5,877,0
2,8,2,4,4,zero1,False,"['A6000', 'A6000', 'A6000', 'A10', 'A10', 'A10', 'A6000', 'A6000']","[13, 8, 8, 13]",51.98759078979492,51.53361934923497,0.4102802574634552,0.04369066655635834,True,200.29067993164062,23442183.064695194,1.8753746451756157,12-8-8-12,3,5,877,0
4,8,2,8,2,zero0,False,"['A10', 'A10', 'A6000', 'A6000', 'A6000', 'A6000', 'A6000', 'A10']","[5, 4, 6, 6, 6, 6, 5, 4]",52.33804702758789,52.23359147228999,0.08260700106620789,0.02184533327817917,True,138.99929809570312,23600210.377707746,1.8880168302166196,4-4-6-6-6-6-5-3,3,5,881,0
4,8,2,8,2,zero1,False,"['A10', 'A10', 'A6000', 'A6000', 'A6000', 'A6000', 'A6000', 'A10']","[5, 4, 6, 6, 6, 6, 5, 4]",52.33804702758789,52.23359147228999,0.08260700106620789,0.02184533327817917,True,135.4651336669922,23600210.377707746,1.8880168302166196,4-4-6-6-6-6-5-3,3,5,881,0
2,8,2,4,4,zero1,False,"['A10', 'A10', 'A6000', 'A6000', 'A6000', 'A6000', 'A6000', 'A10']","[9, 12, 12, 9]",52.50935363769531,52.181221973234976,0.28444284200668335,0.04369066655635834,True,133.80686950683594,23677455.75210041,1.894196460168033,8-12-12-8,3,5,883,0
2,8,2,4,4,zero0,False,"['A10', 'A10', 'A6000', 'A6000', 'A6000', 'A6000', 'A6000', 'A10']","[9, 12, 12, 9]",52.50935363769531,52.181221973234976,0.28444284200668335,0.04369066655635834,True,143.72271728515625,23677455.75210041,1.894196460168033,8-12-12-8,3,5,883,0
2,8,2,4,4,zero0,False,"['A10', 'A6000', 'A6000', 'A6000', 'A6000', 'A6000', 'A10', 'A10']","[9, 12, 12, 9]",52.50935363769531,52.181221973234976,0.28444284200668335,0.04369066655635834,True,143.72271728515625,23677455.75210041,1.894196460168033,8-12-12-8,3,5,883,0
2,8,2,4,4,zero1,False,"['A10', 'A6000', 'A6000', 'A6000', 'A6000', 'A6000', 'A10', 'A10']","[9, 12, 12, 9]",52.50935363769531,52.181221973234976,0.28444284200668335,0.04369066655635834,True,133.80686950683594,23677455.75210041,1.894196460168033,8-12-12-8,3,5,883,0
2,8,2,4,4,zero0,False,"['A6000', 'A6000', 'A6000', 'A6000', 'A10', 'A10', 'A10', 'A6000']","[13, 12, 8, 9]",52.62993621826172,52.17596404043497,0.4102802574634552,0.04369066655635834,True,214.82113647460938,23731828.70697498,1.8985462965579984,12-12-8-8,3,5,887,0
2,8,2,4,4,zero1,False,"['A6000', 'A6000', 'A6000', 'A6000', 'A6000', 'A10', 'A10', 'A10']","[13, 12, 8, 9]",52.62993621826172,52.17596404043497,0.4102802574634552,0.04369066655635834,True,200.29067993164062,23731828.70697498,1.8985462965579984,12-12-8-8,3,5,887,0
2,8,2,4,4,zero0,False,"['A6000', 'A6000', 'A6000', 'A6000', 'A6000', 'A10', 'A10', 'A10']","[13, 12, 8, 9]",52.62993621826172,52.17596404043497,0.4102802574634552,0.04369066655635834,True,214.82113647460938,23731828.70697498,1.8985462965579984,12-12-8-8,3,5,887,0
2,8,2,4,4,zero1,False,"['A6000', 'A6000', 'A6000', 'A6000', 'A10', 'A10', 'A10', 'A6000']","[13, 12, 8, 9]",52.62993621826172,52.17596404043497,0.4102802574634552,0.04369066655635834,True,200.29067993164062,23731828.70697498,1.8985462965579984,12-12-8-8,3,5,887,0
4,8,2,8,2,zero0,False,"['A10', 'A10', 'A10', 'A6000', 'A6000', 'A6000', 'A6000', 'A6000']","[4, 4, 4, 6, 6, 6, 6, 6]",53.30616760253906,53.21809943956248,0.0662219226360321,0.02184533327817917,True,104.63094329833984,24036754.164444603,1.9229403331555683,3-4-4-6-6-6-6-5,3,5,891,0
4,8,2,8,2,zero1,False,"['A10', 'A10', 'A10', 'A6000', 'A6000', 'A6000', 'A6000', 'A6000']","[4, 4, 4, 6, 6, 6, 6, 6]",53.30616760253906,53.21809943956248,0.0662219226360321,0.02184533327817917,True,101.86587524414062,24036754.164444603,1.9229403331555683,3-4-4-6-6-6-6-5,3,5,891,0
4,8,2,8,2,zero0,False,"['A6000', 'A10', 'A10', 'A10', 'A6000', 'A6000', 'A6000', 'A6000']","[7, 4, 3, 4, 6, 6, 6, 6]",53.35006332397461,53.21284150676248,0.11537715792655945,0.02184533327817917,True,207.7360076904297,24056547.57133298,1.9245238057066385,6-4-3-4-6-6-6-5,3,5,893,0
4,8,2,8,2,zero0,False,"['A6000', 'A6000', 'A10', 'A10', 'A10', 'A6000', 'A6000', 'A6000']","[7, 6, 4, 3, 4, 6, 6, 6]",53.35006332397461,53.21284150676248,0.11537715792655945,0.02184533327817917,True,207.7360076904297,24056547.57133298,1.9245238057066385,6-6-4-3-4-6-6-5,3,5,893,0
4,8,2,8,2,zero1,False,"['A6000', 'A6000', 'A10', 'A10', 'A10', 'A6000', 'A6000', 'A6000']","[7, 6, 4, 3, 4, 6, 6, 6]",53.35006332397461,53.21284150676248,0.11537715792655945,0.02184533327817917,True,202.66363525390625,24056547.57133298,1.9245238057066385,6-6-4-3-4-6-6-5,3,5,893,0
4,8,2,8,2,zero1,False,"['A6000', 'A10', 'A10', 'A10', 'A6000', 'A6000', 'A6000', 'A6000']","[7, 4, 3, 4, 6, 6, 6, 6]",53.35006332397461,53.21284150676248,0.11537715792655945,0.02184533327817917,True,202.66363525390625,24056547.57133298,1.9245238057066385,6-4-3-4-6-6-6-5,3,5,893,0
4,8,2,8,2,zero0,False,"['A6000', 'A6000', 'A6000', 'A10', 'A10', 'A10', 'A6000', 'A6000']","[7, 6, 6, 4, 3, 4, 6, 6]",53.49060821533203,53.35338686428999,0.11537715792655945,0.02184533327817917,True,207.7360076904297,24119921.907822818,1.9295937526258256,6-6-6-4-3-4-6-5,3,5,897,0
4,8,2,8,2,zero1,False,"['A6000', 'A6000', 'A6000', 'A10', 'A10', 'A10', 'A6000', 'A6000']","[7, 6, 6, 4, 3, 4, 6, 6]",53.49060821533203,53.35338686428999,0.11537715792655945,0.02184533327817917,True,202.66363525390625,24119921.907822818,1.9295937526258256,6-6-6-4-3-4-6-5,3,5,897,0
4,8,2,8,2,zero1,False,"['A10', 'A6000', 'A6000', 'A6000', 'A6000', 'A6000', 'A10', 'A10']","[5, 6, 6, 6, 6, 5, 4, 4]",53.72751235961914,53.6230580987625,0.08260700106620789,0.02184533327817917,True,135.4651336669922,24226746.444886256,1.9381397155909006,4-6-6-6-6-5-4-3,3,5,899,0
4,8,2,8,2,zero0,False,"['A10', 'A6000', 'A6000', 'A6000', 'A6000', 'A6000', 'A10', 'A10']","[5, 6, 6, 6, 6, 5, 4, 4]",53.72751235961914,53.6230580987625,0.08260700106620789,0.02184533327817917,True,138.99929809570312,24226746.444886256,1.9381397155909006,4-6-6-6-6-5-4-3,3,5,899,0
4,8,2,8,2,zero1,False,"['A6000', 'A6000', 'A6000', 'A6000', 'A6000', 'A10', 'A10', 'A10']","[6, 6, 6, 6, 6, 4, 4, 4]",53.73863983154297,53.61780016596249,0.09899207949638367,0.02184533327817917,True,169.06439208984375,24231764.031389553,1.9385411225111642,5-6-6-6-6-4-4-3,3,5,901,0
4,8,2,8,2,zero0,False,"['A6000', 'A6000', 'A6000', 'A6000', 'A6000', 'A10', 'A10', 'A10']","[6, 6, 6, 6, 6, 4, 4, 4]",53.73863983154297,53.61780016596249,0.09899207949638367,0.02184533327817917,True,173.36764526367188,24231764.031389553,1.9385411225111642,5-6-6-6-6-4-4-3,3,5,901,0
4,8,2,8,2,zero0,False,"['A6000', 'A6000', 'A6000', 'A6000', 'A10', 'A10', 'A10', 'A6000']","[7, 6, 6, 6, 4, 3, 4, 6]",53.81905746459961,53.681837026762494,0.11537715792655945,0.02184533327817917,True,207.7360076904297,24268025.85554997,1.9414420684439975,6-6-6-6-4-3-4-5,3,5,903,0
4,8,2,8,2,zero1,False,"['A6000', 'A6000', 'A6000', 'A6000', 'A10', 'A10', 'A10', 'A6000']","[7, 6, 6, 6, 4, 3, 4, 6]",53.81905746459961,53.681837026762494,0.11537715792655945,0.02184533327817917,True,202.66363525390625,24268025.85554997,1.9414420684439975,6-6-6-6-4-3-4-5,3,5,903,0
1,8,2,2,8,zero1,False,"['A6000', 'A6000', 'A6000', 'A10', 'A10', 'A10', 'A6000', 'A6000']","[21, 21]",53.86506652832031,53.04909603257998,0.7722811102867126,0.04369066655635834,True,163.3608856201172,24288772.208246652,1.9431017766597323,20-20,3,5,905,0
1,8,2,2,8,zero0,False,"['A6000', 'A6000', 'A6000', 'A10', 'A10', 'A10', 'A6000', 'A6000']","[21, 21]",53.86506652832031,53.04909603257998,0.7722811102867126,0.04369066655635834,True,191.08047485351562,24288772.208246652,1.9431017766597323,20-20,3,5,905,0
1,8,2,2,8,zero0,False,"['A10', 'A6000', 'A6000', 'A6000', 'A6000', 'A6000', 'A10', 'A10']","[21, 21]",53.86506652832031,53.04909603257998,0.7722811102867126,0.04369066655635834,True,191.08047485351562,24288772.208246652,1.9431017766597323,20-20,3,5,905,0
1,8,2,2,8,zero0,False,"['A6000', 'A6000', 'A10', 'A10', 'A10', 'A6000', 'A6000', 'A6000']","[21, 21]",53.86506652832031,53.04909603257998,0.7722811102867126,0.04369066655635834,True,191.08047485351562,24288772.208246652,1.9431017766597323,20-20,3,5,905,0
1,8,2,2,8,zero1,False,"['A6000', 'A6000', 'A10', 'A10', 'A10', 'A6000', 'A6000', 'A6000']","[21, 21]",53.86506652832031,53.04909603257998,0.7722811102867126,0.04369066655635834,True,163.3608856201172,24288772.208246652,1.9431017766597323,20-20,3,5,905,0
1,8,2,2,8,zero1,False,"['A10', 'A6000', 'A6000', 'A6000', 'A6000', 'A6000', 'A10', 'A10']","[21, 21]",53.86506652832031,53.04909603257998,0.7722811102867126,0.04369066655635834,True,163.3608856201172,24288772.208246652,1.9431017766597323,20-20,3,5,905,0
1,8,2,2,8,zero0,False,"['A10', 'A10', 'A6000', 'A6000', 'A6000', 'A6000', 'A6000', 'A10']","[21, 21]",53.86506652832031,53.04909603257998,0.7722811102867126,0.04369066655635834,True,191.08047485351562,24288772.208246652,1.9431017766597323,20-20,3,5,905,0
1,8,2,2,8,zero1,False,"['A10', 'A10', 'A6000', 'A6000', 'A6000', 'A6000', 'A6000', 'A10']","[21, 21]",53.86506652832031,53.04909603257998,0.7722811102867126,0.04369066655635834,True,163.3608856201172,24288772.208246652,1.9431017766597323,20-20,3,5,905,0
8,8,2,16,1,zero0,False,"['A6000', 'A6000', 'A10', 'A10', 'A10', 'A6000', 'A6000', 'A6000']","[4, 3, 3, 3, 2, 2, 2, 1, 2, 2, 3, 3, 3, 3, 3, 3]",55.84611129760742,55.83519018994983,0.0,0.010922666639089584,True,204.19345092773438,25182062.576880187,2.014565006150415,3-3-3-3-2-2-2-1-2-2-3-3-3-3-3-2,3,5,913,0
8,8,2,16,1,zero0,False,"['A6000', 'A10', 'A10', 'A10', 'A6000', 'A6000', 'A6000', 'A6000']","[4, 3, 2, 2, 2, 1, 2, 2, 3, 3, 3, 3, 3, 3, 3, 3]",55.84611129760742,55.83519018994983,0.0,0.010922666639089584,True,204.19345092773438,25182062.576880187,2.014565006150415,3-3-2-2-2-1-2-2-3-3-3-3-3-3-3-2,3,5,913,0
8,8,2,16,1,zero1,False,"['A6000', 'A10', 'A10', 'A10', 'A6000', 'A6000', 'A6000', 'A6000']","[4, 3, 2, 2, 2, 1, 2, 2, 3, 3, 3, 3, 3, 3, 3, 3]",55.84611129760742,55.83519018994983,0.0,0.010922666639089584,True,204.19345092773438,25182062.576880187,2.014565006150415,3-3-2-2-2-1-2-2-3-3-3-3-3-3-3-2,3,5,913,0
8,8,2,16,1,zero1,False,"['A6000', 'A6000', 'A10', 'A10', 'A10', 'A6000', 'A6000', 'A6000']","[4, 3, 3, 3, 2, 2, 2, 1, 2, 2, 3, 3, 3, 3, 3, 3]",55.84611129760742,55.83519018994983,0.0,0.010922666639089584,True,204.19345092773438,25182062.576880187,2.014565006150415,3-3-3-3-2-2-2-1-2-2-3-3-3-3-3-2,3,5,913,0
8,8,2,16,1,zero1,False,"['A10', 'A10', 'A10', 'A6000', 'A6000', 'A6000', 'A6000', 'A6000']","[2, 2, 2, 2, 2, 2, 3, 3, 3, 3, 3, 3, 3, 3, 3, 3]",55.85136795043945,55.84044812274983,0.0,0.010922666639089584,True,69.08173370361328,25184432.900569435,2.014754632045555,1-2-2-2-2-2-3-3-3-3-3-3-3-3-3-2,3,5,917,0
8,8,2,16,1,zero0,False,"['A10', 'A10', 'A10', 'A6000', 'A6000', 'A6000', 'A6000', 'A6000']","[2, 2, 2, 2, 2, 2, 3, 3, 3, 3, 3, 3, 3, 3, 3, 3]",55.85136795043945,55.84044812274983,0.0,0.010922666639089584,True,69.08173370361328,25184432.900569435,2.014754632045555,1-2-2-2-2-2-3-3-3-3-3-3-3-3-3-2,3,5,917,0
8,8,2,16,1,zero0,False,"['A6000', 'A6000', 'A6000', 'A10', 'A10', 'A10', 'A6000', 'A6000']","[4, 3, 3, 3, 3, 3, 2, 2, 2, 1, 2, 2, 3, 3, 3, 3]",55.892024993896484,55.881102175231185,0.0,0.010922666639089584,True,204.19345092773438,25202765.926607184,2.0162212741285748,3-3-3-3-3-3-2-2-2-1-2-2-3-3-3-2,3,5,919,0
8,8,2,16,1,zero1,False,"['A6000', 'A6000', 'A6000', 'A10', 'A10', 'A10', 'A6000', 'A6000']","[4, 3, 3, 3, 3, 3, 2, 2, 2, 1, 2, 2, 3, 3, 3, 3]",55.892024993896484,55.881102175231185,0.0,0.010922666639089584,True,204.19345092773438,25202765.926607184,2.0162212741285748,3-3-3-3-3-3-2-2-2-1-2-2-3-3-3-2,3,5,919,0
8,8,2,16,1,zero1,False,"['A6000', 'A6000', 'A6000', 'A6000', 'A10', 'A10', 'A10', 'A6000']","[4, 3, 3, 3, 3, 3, 3, 3, 2, 2, 2, 1, 2, 2, 3, 3]",56.126522064208984,56.11559993523119,0.0,0.010922666639089584,True,204.19345092773438,25308505.068715677,2.024680405497254,3-3-3-3-3-3-3-3-2-2-2-1-2-2-3-2,3,5,921,0
8,8,2,16,1,zero0,False,"['A6000', 'A6000', 'A6000', 'A6000', 'A10', 'A10', 'A10', 'A6000']","[4, 3, 3, 3, 3, 3, 3, 3, 2, 2, 2, 1, 2, 2, 3, 3]",56.126522064208984,56.11559993523119,0.0,0.010922666639089584,True,204.19345092773438,25308505.068715677,2.024680405497254,3-3-3-3-3-3-3-3-2-2-2-1-2-2-3-2,3,5,921,0
8,8,2,16,1,zero0,False,"['A6000', 'A6000', 'A6000', 'A6000', 'A6000', 'A10', 'A10', 'A10']","[3, 3, 3, 3, 3, 3, 3, 3, 3, 3, 2, 2, 2, 2, 2, 2]",56.697444915771484,56.68652498649355,0.0,0.010922666639089584,True,136.63758850097656,25565944.926936097,2.0452755941548877,2-3-3-3-3-3-3-3-3-3-2-2-2-2-2-1,3,5,923,0
8,8,2,16,1,zero1,False,"['A6000', 'A6000', 'A6000', 'A6000', 'A6000', 'A10', 'A10', 'A10']","[3, 3, 3, 3, 3, 3, 3, 3, 3, 3, 2, 2, 2, 2, 2, 2]",56.697444915771484,56.68652498649355,0.0,0.010922666639089584,True,136.63758850097656,25565944.926936097,2.0452755941548877,2-3-3-3-3-3-3-3-3-3-2-2-2-2-2-1,3,5,923,0
8,8,2,16,1,zero0,False,"['A10', 'A10', 'A6000', 'A6000', 'A6000', 'A6000', 'A6000', 'A10']","[3, 2, 2, 2, 3, 3, 3, 3, 3, 3, 3, 3, 3, 2, 2, 2]",56.71905517578125,56.70813237874982,0.0,0.010922666639089584,True,136.63758850097656,25575689.399867587,2.046055151989407,2-2-2-2-3-3-3-3-3-3-3-3-3-2-2-1,3,5,925,0
8,8,2,16,1,zero1,False,"['A10', 'A10', 'A6000', 'A6000', 'A6000', 'A6000', 'A6000', 'A10']","[3, 2, 2, 2, 3, 3, 3, 3, 3, 3, 3, 3, 3, 2, 2, 2]",56.71905517578125,56.70813237874982,0.0,0.010922666639089584,True,136.63758850097656,25575689.399867587,2.046055151989407,2-2-2-2-3-3-3-3-3-3-3-3-3-2-2-1,3,5,925,0
8,8,2,16,1,zero0,False,"['A10', 'A6000', 'A6000', 'A6000', 'A6000', 'A6000', 'A10', 'A10']","[3, 2, 3, 3, 3, 3, 3, 3, 3, 3, 3, 2, 2, 2, 2, 2]",56.71905517578125,56.70813237874982,0.0,0.010922666639089584,True,136.63758850097656,25575689.399867587,2.046055151989407,2-2-3-3-3-3-3-3-3-3-3-2-2-2-2-1,3,5,925,0
8,8,2,16,1,zero1,False,"['A10', 'A6000', 'A6000', 'A6000', 'A6000', 'A6000', 'A10', 'A10']","[3, 2, 3, 3, 3, 3, 3, 3, 3, 3, 3, 2, 2, 2, 2, 2]",56.71905517578125,56.70813237874982,0.0,0.010922666639089584,True,136.63758850097656,25575689.399867587,2.046055151989407,2-2-3-3-3-3-3-3-3-3-3-2-2-2-2-1,3,5,925,0
2,16,4,4,2,zero0,False,"['A10', 'A10', 'A10', 'A6000', 'A6000', 'A6000', 'A6000', 'A6000']","[9, 8, 12, 13]",61.451873779296875,61.335216989669945,0.10573694854974747,0.010922666639089584,True,167.08087158203125,27709806.377209555,2.2167845101767645,8-8-12-12,3,5,929,0
2,16,4,4,2,zero1,False,"['A6000', 'A10', 'A10', 'A10', 'A6000', 'A6000', 'A6000', 'A6000']","[9, 8, 12, 13]",61.451873779296875,61.335216989669945,0.10573694854974747,0.010922666639089584,True,163.77536010742188,27709806.377209555,2.2167845101767645,8-8-12-12,3,5,929,0
2,16,4,4,2,zero0,False,"['A6000', 'A10', 'A10', 'A10', 'A6000', 'A6000', 'A6000', 'A6000']","[9, 8, 12, 13]",61.451873779296875,61.335216989669945,0.10573694854974747,0.010922666639089584,True,167.08087158203125,27709806.377209555,2.2167845101767645,8-8-12-12,3,5,929,0
2,16,4,4,2,zero1,False,"['A10', 'A10', 'A10', 'A6000', 'A6000', 'A6000', 'A6000', 'A6000']","[9, 8, 12, 13]",61.451873779296875,61.335216989669945,0.10573694854974747,0.010922666639089584,True,163.77536010742188,27709806.377209555,2.2167845101767645,8-8-12-12,3,5,929,0
2,16,4,4,2,zero1,False,"['A6000', 'A6000', 'A10', 'A10', 'A10', 'A6000', 'A6000', 'A6000']","[13, 8, 8, 13]",61.48956298828125,61.33096042646994,0.14768275618553162,0.010922666639089584,True,245.39601135253906,27726801.15083058,2.2181440920664466,12-8-8-12,3,5,933,0
2,16,4,4,2,zero1,False,"['A6000', 'A6000', 'A6000', 'A10', 'A10', 'A10', 'A6000', 'A6000']","[13, 8, 8, 13]",61.48956298828125,61.33096042646994,0.14768275618553162,0.010922666639089584,True,245.39601135253906,27726801.15083058,2.2181440920664466,12-8-8-12,3,5,933,0
2,16,4,4,2,zero0,False,"['A6000', 'A6000', 'A6000', 'A10', 'A10', 'A10', 'A6000', 'A6000']","[13, 8, 8, 13]",61.48956298828125,61.33096042646994,0.14768275618553162,0.010922666639089584,True,250.23983764648438,27726801.15083058,2.2181440920664466,12-8-8-12,3,5,933,0
2,16,4,4,2,zero0,False,"['A6000', 'A6000', 'A10', 'A10', 'A10', 'A6000', 'A6000', 'A6000']","[13, 8, 8, 13]",61.48956298828125,61.33096042646994,0.14768275618553162,0.010922666639089584,True,250.23983764648438,27726801.15083058,2.2181440920664466,12-8-8-12,3,5,933,0
2,16,4,4,2,zero1,False,"['A10', 'A10', 'A6000', 'A6000', 'A6000', 'A6000', 'A6000', 'A10']","[9, 12, 12, 9]",61.91794204711914,61.801283191269945,0.10573694854974747,0.010922666639089584,True,163.77536010742188,27919965.330316488,2.233597226425319,8-12-12-8,3,5,937,0
2,16,4,4,2,zero1,False,"['A10', 'A6000', 'A6000', 'A6000', 'A6000', 'A6000', 'A10', 'A10']","[9, 12, 12, 9]",61.91794204711914,61.801283191269945,0.10573694854974747,0.010922666639089584,True,163.77536010742188,27919965.330316488,2.233597226425319,8-12-12-8,3,5,937,0
2,16,4,4,2,zero0,False,"['A10', 'A10', 'A6000', 'A6000', 'A6000', 'A6000', 'A6000', 'A10']","[9, 12, 12, 9]",61.91794204711914,61.801283191269945,0.10573694854974747,0.010922666639089584,True,167.08087158203125,27919965.330316488,2.233597226425319,8-12-12-8,3,5,937,0
2,16,4,4,2,zero0,False,"['A10', 'A6000', 'A6000', 'A6000', 'A6000', 'A6000', 'A10', 'A10']","[9, 12, 12, 9]",61.91794204711914,61.801283191269945,0.10573694854974747,0.010922666639089584,True,167.08087158203125,27919965.330316488,2.233597226425319,8-12-12-8,3,5,937,0
2,16,4,4,2,zero1,False,"['A6000', 'A6000', 'A6000', 'A6000', 'A10', 'A10', 'A10', 'A6000']","[13, 12, 8, 9]",61.955631256103516,61.79702662806994,0.14768275618553162,0.010922666639089584,True,245.39601135253906,27936960.103937518,2.2349568083150015,12-12-8-8,3,5,941,0
2,16,4,4,2,zero1,False,"['A6000', 'A6000', 'A6000', 'A6000', 'A6000', 'A10', 'A10', 'A10']","[13, 12, 8, 9]",61.955631256103516,61.79702662806994,0.14768275618553162,0.010922666639089584,True,245.39601135253906,27936960.103937518,2.2349568083150015,12-12-8-8,3,5,941,0
2,16,4,4,2,zero0,False,"['A6000', 'A6000', 'A6000', 'A6000', 'A10', 'A10', 'A10', 'A6000']","[13, 12, 8, 9]",61.955631256103516,61.79702662806994,0.14768275618553162,0.010922666639089584,True,250.23983764648438,27936960.103937518,2.2349568083150015,12-12-8-8,3,5,941,0
2,16,4,4,2,zero0,False,"['A6000', 'A6000', 'A6000', 'A6000', 'A6000', 'A10', 'A10', 'A10']","[13, 12, 8, 9]",61.955631256103516,61.79702662806994,0.14768275618553162,0.010922666639089584,True,250.23983764648438,27936960.103937518,2.2349568083150015,12-12-8-8,3,5,941,0
1,8,1,4,8,zero0,False,"['A6000', 'A10', 'A10', 'A10', 'A6000', 'A6000', 'A6000', 'A6000']","[9, 8, 12, 13]",62.42909240722656,61.71624304348998,0.6254706382751465,0.08738133311271667,True,148.56890869140625,28150452.64725473,2.2520362117803785,8-8-12-12,3,5,945,0
1,8,1,4,8,zero0,False,"['A10', 'A10', 'A10', 'A6000', 'A6000', 'A6000', 'A6000', 'A6000']","[9, 8, 12, 13]",62.42909240722656,61.71624304348998,0.6254706382751465,0.08738133311271667,True,148.56890869140625,28150452.64725473,2.2520362117803785,8-8-12-12,3,5,945,0
1,8,1,4,8,zero1,False,"['A10', 'A10', 'A10', 'A6000', 'A6000', 'A6000', 'A6000', 'A6000']","[9, 8, 12, 13]",62.42909240722656,61.71624304348998,0.6254706382751465,0.08738133311271667,True,125.43273162841797,28150452.64725473,2.2520362117803785,8-8-12-12,3,5,945,0
1,8,1,4,8,zero1,False,"['A6000', 'A10', 'A10', 'A10', 'A6000', 'A6000', 'A6000', 'A6000']","[9, 8, 12, 13]",62.42909240722656,61.71624304348998,0.6254706382751465,0.08738133311271667,True,125.43273162841797,28150452.64725473,2.2520362117803785,8-8-12-12,3,5,945,0
1,8,1,4,8,zero1,False,"['A10', 'A6000', 'A6000', 'A6000', 'A6000', 'A6000', 'A10', 'A10']","[9, 12, 12, 9]",62.66504669189453,61.95219885468998,0.6254706382751465,0.08738133311271667,True,125.43273162841797,28256848.87474007,2.2605479099792056,8-12-12-8,3,5,949,0
1,8,1,4,8,zero1,False,"['A10', 'A10', 'A6000', 'A6000', 'A6000', 'A6000', 'A6000', 'A10']","[9, 12, 12, 9]",62.66504669189453,61.95219885468998,0.6254706382751465,0.08738133311271667,True,125.43273162841797,28256848.87474007,2.2605479099792056,8-12-12-8,3,5,949,0
1,8,1,4,8,zero0,False,"['A10', 'A10', 'A6000', 'A6000', 'A6000', 'A6000', 'A6000', 'A10']","[9, 12, 12, 9]",62.66504669189453,61.95219885468998,0.6254706382751465,0.08738133311271667,True,148.56890869140625,28256848.87474007,2.2605479099792056,8-12-12-8,3,5,949,0
1,8,1,4,8,zero0,False,"['A10', 'A6000', 'A6000', 'A6000', 'A6000', 'A6000', 'A10', 'A10']","[9, 12, 12, 9]",62.66504669189453,61.95219885468998,0.6254706382751465,0.08738133311271667,True,148.56890869140625,28256848.87474007,2.2605479099792056,8-12-12-8,3,5,949,0
1,8,1,4,8,zero0,False,"['A6000', 'A6000', 'A10', 'A10', 'A10', 'A6000', 'A6000', 'A6000']","[13, 8, 8, 13]",62.72100067138672,61.714532451489994,0.9190912246704102,0.08738133311271667,True,221.32748413085938,28282079.577115905,2.2625663661692723,12-8-8-12,3,5,953,0
1,8,1,4,8,zero1,False,"['A6000', 'A6000', 'A10', 'A10', 'A10', 'A6000', 'A6000', 'A6000']","[13, 8, 8, 13]",62.72100067138672,61.714532451489994,0.9190912246704102,0.08738133311271667,True,187.42430114746094,28282079.577115905,2.2625663661692723,12-8-8-12,3,5,953,0
1,8,1,4,8,zero1,False,"['A6000', 'A6000', 'A6000', 'A10', 'A10', 'A10', 'A6000', 'A6000']","[13, 8, 8, 13]",62.72100067138672,61.714532451489994,0.9190912246704102,0.08738133311271667,True,187.42430114746094,28282079.577115905,2.2625663661692723,12-8-8-12,3,5,953,0
1,8,1,4,8,zero0,False,"['A6000', 'A6000', 'A6000', 'A10', 'A10', 'A10', 'A6000', 'A6000']","[13, 8, 8, 13]",62.72100067138672,61.714532451489994,0.9190912246704102,0.08738133311271667,True,221.32748413085938,28282079.577115905,2.2625663661692723,12-8-8-12,3,5,953,0
1,16,4,2,4,zero0,False,"['A10', 'A6000', 'A6000', 'A6000', 'A6000', 'A6000', 'A10', 'A10']","[21, 21]",62.92015838623047,62.55094900595992,0.34736165404319763,0.02184533327817917,True,203.74526977539062,28371883.5387765,2.26975068310212,20-20,3,5,957,0
1,16,4,2,4,zero0,False,"['A6000', 'A6000', 'A10', 'A10', 'A10', 'A6000', 'A6000', 'A6000']","[21, 21]",62.92015838623047,62.55094900595992,0.34736165404319763,0.02184533327817917,True,203.74526977539062,28371883.5387765,2.26975068310212,20-20,3,5,957,0
1,16,4,2,4,zero1,False,"['A10', 'A6000', 'A6000', 'A6000', 'A6000', 'A6000', 'A10', 'A10']","[21, 21]",62.92015838623047,62.55094900595992,0.34736165404319763,0.02184533327817917,True,191.86459350585938,28371883.5387765,2.26975068310212,20-20,3,5,957,0
1,16,4,2,4,zero1,False,"['A6000', 'A6000', 'A10', 'A10', 'A10', 'A6000', 'A6000', 'A6000']","[21, 21]",62.92015838623047,62.55094900595992,0.34736165404319763,0.02184533327817917,True,191.86459350585938,28371883.5387765,2.26975068310212,20-20,3,5,957,0
1,16,4,2,4,zero0,False,"['A6000', 'A6000', 'A6000', 'A10', 'A10', 'A10', 'A6000', 'A6000']","[21, 21]",62.92015838623047,62.55094900595992,0.34736165404319763,0.02184533327817917,True,203.74526977539062,28371883.5387765,2.26975068310212,20-20,3,5,957,0
1,16,4,2,4,zero1,False,"['A10', 'A10', 'A6000', 'A6000', 'A6000', 'A6000', 'A6000', 'A10']","[21, 21]",62.92015838623047,62.55094900595992,0.34736165404319763,0.02184533327817917,True,191.86459350585938,28371883.5387765,2.26975068310212,20-20,3,5,957,0
1,16,4,2,4,zero1,False,"['A6000', 'A6000', 'A6000', 'A10', 'A10', 'A10', 'A6000', 'A6000']","[21, 21]",62.92015838623047,62.55094900595992,0.34736165404319763,0.02184533327817917,True,191.86459350585938,28371883.5387765,2.26975068310212,20-20,3,5,957,0
1,16,4,2,4,zero0,False,"['A10', 'A10', 'A6000', 'A6000', 'A6000', 'A6000', 'A6000', 'A10']","[21, 21]",62.92015838623047,62.55094900595992,0.34736165404319763,0.02184533327817917,True,203.74526977539062,28371883.5387765,2.26975068310212,20-20,3,5,957,0
1,8,1,4,8,zero0,False,"['A6000', 'A6000', 'A6000', 'A6000', 'A6000', 'A10', 'A10', 'A10']","[13, 12, 8, 9]",62.95695877075195,61.95048826268999,0.9190912246704102,0.08738133311271667,True,221.32748413085938,28388477.524720028,2.2710782019776024,12-12-8-8,3,5,965,0
1,8,1,4,8,zero1,False,"['A6000', 'A6000', 'A6000', 'A6000', 'A6000', 'A10', 'A10', 'A10']","[13, 12, 8, 9]",62.95695877075195,61.95048826268999,0.9190912246704102,0.08738133311271667,True,187.42430114746094,28388477.524720028,2.2710782019776024,12-12-8-8,3,5,965,0
1,8,1,4,8,zero1,False,"['A6000', 'A6000', 'A6000', 'A6000', 'A10', 'A10', 'A10', 'A6000']","[13, 12, 8, 9]",62.95695877075195,61.95048826268999,0.9190912246704102,0.08738133311271667,True,187.42430114746094,28388477.524720028,2.2710782019776024,12-12-8-8,3,5,965,0
1,8,1,4,8,zero0,False,"['A6000', 'A6000', 'A6000', 'A6000', 'A10', 'A10', 'A10', 'A6000']","[13, 12, 8, 9]",62.95695877075195,61.95048826268999,0.9190912246704102,0.08738133311271667,True,221.32748413085938,28388477.524720028,2.2710782019776024,12-12-8-8,3,5,965,0
4,16,4,8,1,zero1,False,"['A6000', 'A6000', 'A6000', 'A6000', 'A6000', 'A10', 'A10', 'A10']","[6, 6, 6, 6, 6, 4, 4, 4]",63.50210189819336,63.49664061352495,0.0,0.005461333319544792,True,211.11788940429688,28634292.82017416,2.290743425613933,5-6-6-6-6-4-4-3,3,5,969,0
4,16,4,8,1,zero0,False,"['A6000', 'A6000', 'A6000', 'A6000', 'A6000', 'A10', 'A10', 'A10']","[6, 6, 6, 6, 6, 4, 4, 4]",63.50210189819336,63.49664061352495,0.0,0.005461333319544792,True,211.11788940429688,28634292.82017416,2.290743425613933,5-6-6-6-6-4-4-3,3,5,969,0
4,16,4,8,1,zero1,False,"['A6000', 'A10', 'A10', 'A10', 'A6000', 'A6000', 'A6000', 'A6000']","[6, 4, 3, 4, 6, 6, 6, 7]",64.74200439453125,64.73653823272495,0.0,0.005461333319544792,True,211.11788940429688,29193388.190049063,2.335471055203925,5-4-3-4-6-6-6-6,3,5,971,0
4,16,4,8,1,zero1,False,"['A6000', 'A6000', 'A6000', 'A10', 'A10', 'A10', 'A6000', 'A6000']","[6, 6, 6, 4, 3, 4, 6, 7]",64.74200439453125,64.73653823272495,0.0,0.005461333319544792,True,211.11788940429688,29193388.190049063,2.335471055203925,5-6-6-4-3-4-6-6,3,5,971,0
4,16,4,8,1,zero0,False,"['A6000', 'A6000', 'A10', 'A10', 'A10', 'A6000', 'A6000', 'A6000']","[6, 6, 4, 3, 4, 6, 6, 7]",64.74200439453125,64.73653823272495,0.0,0.005461333319544792,True,211.11788940429688,29193388.190049063,2.335471055203925,5-6-4-3-4-6-6-6,3,5,971,0
4,16,4,8,1,zero1,False,"['A6000', 'A6000', 'A10', 'A10', 'A10', 'A6000', 'A6000', 'A6000']","[6, 6, 4, 3, 4, 6, 6, 7]",64.74200439453125,64.73653823272495,0.0,0.005461333319544792,True,211.11788940429688,29193388.190049063,2.335471055203925,5-6-4-3-4-6-6-6,3,5,971,0
4,16,4,8,1,zero1,False,"['A6000', 'A6000', 'A6000', 'A6000', 'A10', 'A10', 'A10', 'A6000']","[6, 6, 6, 6, 4, 3, 4, 7]",64.74200439453125,64.73653823272495,0.0,0.005461333319544792,True,211.11788940429688,29193388.190049063,2.335471055203925,5-6-6-6-4-3-4-6,3,5,971,0
4,16,4,8,1,zero0,False,"['A6000', 'A10', 'A10', 'A10', 'A6000', 'A6000', 'A6000', 'A6000']","[6, 4, 3, 4, 6, 6, 6, 7]",64.74200439453125,64.73653823272495,0.0,0.005461333319544792,True,211.11788940429688,29193388.190049063,2.335471055203925,5-4-3-4-6-6-6-6,3,5,971,0
4,16,4,8,1,zero0,False,"['A6000', 'A6000', 'A6000', 'A10', 'A10', 'A10', 'A6000', 'A6000']","[6, 6, 6, 4, 3, 4, 6, 7]",64.74200439453125,64.73653823272495,0.0,0.005461333319544792,True,211.11788940429688,29193388.190049063,2.335471055203925,5-6-6-4-3-4-6-6,3,5,971,0
4,16,4,8,1,zero0,False,"['A6000', 'A6000', 'A6000', 'A6000', 'A10', 'A10', 'A10', 'A6000']","[6, 6, 6, 6, 4, 3, 4, 7]",64.74200439453125,64.73653823272495,0.0,0.005461333319544792,True,211.11788940429688,29193388.190049063,2.335471055203925,5-6-6-6-4-3-4-6,3,5,971,0
4,16,4,8,1,zero0,False,"['A10', 'A10', 'A10', 'A6000', 'A6000', 'A6000', 'A6000', 'A6000']","[4, 4, 4, 6, 6, 6, 5, 7]",64.74625396728516,64.74079479592496,0.0,0.005461333319544792,True,126.97591400146484,29195304.402378395,2.3356243521902718,3-4-4-6-6-6-5-6,3,5,979,0
4,16,4,8,1,zero1,False,"['A10', 'A10', 'A10', 'A6000', 'A6000', 'A6000', 'A6000', 'A6000']","[4, 4, 4, 6, 6, 6, 5, 7]",64.74625396728516,64.74079479592496,0.0,0.005461333319544792,True,126.97591400146484,29195304.402378395,2.3356243521902718,3-4-4-6-6-6-5-6,3,5,979,0
2,8,1,8,4,zero0,False,"['A10', 'A6000', 'A6000', 'A6000', 'A6000', 'A6000', 'A10', 'A10']","[5, 6, 6, 6, 6, 5, 4, 4]",65.21830749511719,64.9087076298175,0.2222210019826889,0.08738133311271667,True,132.81033325195312,29408162.221862998,2.35265297774904,4-6-6-6-6-5-4-3,3,5,981,0
2,8,1,8,4,zero0,False,"['A10', 'A10', 'A6000', 'A6000', 'A6000', 'A6000', 'A6000', 'A10']","[5, 4, 6, 6, 6, 6, 5, 4]",65.21830749511719,64.9087076298175,0.2222210019826889,0.08738133311271667,True,132.81033325195312,29408162.221862998,2.35265297774904,4-4-6-6-6-6-5-3,3,5,981,0
2,8,1,8,4,zero1,False,"['A10', 'A10', 'A6000', 'A6000', 'A6000', 'A6000', 'A6000', 'A10']","[5, 4, 6, 6, 6, 6, 5, 4]",65.21830749511719,64.9087076298175,0.2222210019826889,0.08738133311271667,True,122.20818328857422,29408162.221862998,2.35265297774904,4-4-6-6-6-6-5-3,3,5,981,0
2,8,1,8,4,zero1,False,"['A10', 'A6000', 'A6000', 'A6000', 'A6000', 'A6000', 'A10', 'A10']","[5, 6, 6, 6, 6, 5, 4, 4]",65.21830749511719,64.9087076298175,0.2222210019826889,0.08738133311271667,True,122.20818328857422,29408162.221862998,2.35265297774904,4-6-6-6-6-5-4-3,3,5,981,0
2,8,1,8,4,zero0,False,"['A10', 'A10', 'A10', 'A6000', 'A6000', 'A6000', 'A6000', 'A6000']","[5, 4, 3, 6, 6, 6, 6, 6]",65.30120086669922,64.9915971690175,0.2222210019826889,0.08738133311271667,True,132.81033325195312,29445540.403116543,2.3556432322493235,4-4-3-6-6-6-6-5,3,5,985,0
2,8,1,8,4,zero1,False,"['A10', 'A10', 'A10', 'A6000', 'A6000', 'A6000', 'A6000', 'A6000']","[5, 4, 3, 6, 6, 6, 6, 6]",65.30120086669922,64.9915971690175,0.2222210019826889,0.08738133311271667,True,122.20818328857422,29445540.403116543,2.3556432322493235,4-4-3-6-6-6-6-5,3,5,985,0
2,8,1,8,4,zero1,False,"['A6000', 'A6000', 'A6000', 'A6000', 'A6000', 'A10', 'A10', 'A10']","[7, 6, 6, 6, 5, 4, 4, 4]",65.31491088867188,64.90699703781749,0.3205314576625824,0.08738133311271667,True,182.47303771972656,29451722.51003901,2.3561378008031206,6-6-6-6-5-4-4-3,3,5,987,0
2,8,1,8,4,zero0,False,"['A6000', 'A6000', 'A6000', 'A6000', 'A6000', 'A10', 'A10', 'A10']","[7, 6, 6, 6, 5, 4, 4, 4]",65.31491088867188,64.90699703781749,0.3205314576625824,0.08738133311271667,True,197.6896209716797,29451722.51003901,2.3561378008031206,6-6-6-6-5-4-4-3,3,5,987,0
2,8,1,8,4,zero1,False,"['A6000', 'A6000', 'A6000', 'A10', 'A10', 'A10', 'A6000', 'A6000']","[7, 6, 6, 4, 3, 4, 6, 6]",65.39779663085938,64.9898865770175,0.3205314576625824,0.08738133311271667,True,182.47303771972656,29489097.251054972,2.359127780084398,6-6-6-4-3-4-6-5,3,5,989,0
2,8,1,8,4,zero1,False,"['A6000', 'A6000', 'A10', 'A10', 'A10', 'A6000', 'A6000', 'A6000']","[7, 6, 4, 3, 4, 6, 6, 6]",65.39779663085938,64.9898865770175,0.3205314576625824,0.08738133311271667,True,182.47303771972656,29489097.251054972,2.359127780084398,6-6-4-3-4-6-6-5,3,5,989,0
2,8,1,8,4,zero0,False,"['A6000', 'A10', 'A10', 'A10', 'A6000', 'A6000', 'A6000', 'A6000']","[7, 4, 3, 4, 6, 6, 6, 6]",65.39779663085938,64.9898865770175,0.3205314576625824,0.08738133311271667,True,197.6896209716797,29489097.251054972,2.359127780084398,6-4-3-4-6-6-6-5,3,5,989,0
2,8,1,8,4,zero0,False,"['A6000', 'A6000', 'A6000', 'A10', 'A10', 'A10', 'A6000', 'A6000']","[7, 6, 6, 4, 3, 4, 6, 6]",65.39779663085938,64.9898865770175,0.3205314576625824,0.08738133311271667,True,197.6896209716797,29489097.251054972,2.359127780084398,6-6-6-4-3-4-6-5,3,5,989,0
2,8,1,8,4,zero0,False,"['A6000', 'A6000', 'A10', 'A10', 'A10', 'A6000', 'A6000', 'A6000']","[7, 6, 4, 3, 4, 6, 6, 6]",65.39779663085938,64.9898865770175,0.3205314576625824,0.08738133311271667,True,197.6896209716797,29489097.251054972,2.359127780084398,6-6-4-3-4-6-6-5,3,5,989,0
2,8,1,8,4,zero1,False,"['A6000', 'A10', 'A10', 'A10', 'A6000', 'A6000', 'A6000', 'A6000']","[7, 4, 3, 4, 6, 6, 6, 6]",65.39779663085938,64.9898865770175,0.3205314576625824,0.08738133311271667,True,182.47303771972656,29489097.251054972,2.359127780084398,6-4-3-4-6-6-6-5,3,5,989,0
2,8,1,8,4,zero1,False,"['A6000', 'A6000', 'A6000', 'A6000', 'A10', 'A10', 'A10', 'A6000']","[7, 6, 6, 6, 4, 3, 4, 6]",65.39779663085938,64.9898865770175,0.3205314576625824,0.08738133311271667,True,182.47303771972656,29489097.251054972,2.359127780084398,6-6-6-6-4-3-4-5,3,5,989,0
2,8,1,8,4,zero0,False,"['A6000', 'A6000', 'A6000', 'A6000', 'A10', 'A10', 'A10', 'A6000']","[7, 6, 6, 6, 4, 3, 4, 6]",65.39779663085938,64.9898865770175,0.3205314576625824,0.08738133311271667,True,197.6896209716797,29489097.251054972,2.359127780084398,6-6-6-6-4-3-4-5,3,5,989,0
4,16,4,8,1,zero1,False,"['A10', 'A10', 'A6000', 'A6000', 'A6000', 'A6000', 'A6000', 'A10']","[4, 4, 6, 6, 6, 6, 5, 5]",65.5221176147461,65.51665672232497,0.0,0.005461333319544792,True,126.97591400146484,29545155.922341343,2.3636124737873074,3-4-6-6-6-6-5-4,3,5,997,0
4,16,4,8,1,zero0,False,"['A10', 'A10', 'A6000', 'A6000', 'A6000', 'A6000', 'A6000', 'A10']","[4, 4, 6, 6, 6, 6, 5, 5]",65.5221176147461,65.51665672232497,0.0,0.005461333319544792,True,126.97591400146484,29545155.922341343,2.3636124737873074,3-4-6-6-6-6-5-4,3,5,997,0
4,16,4,8,1,zero0,False,"['A10', 'A6000', 'A6000', 'A6000', 'A6000', 'A6000', 'A10', 'A10']","[4, 6, 6, 6, 6, 5, 4, 5]",65.5221176147461,65.51665672232497,0.0,0.005461333319544792,True,126.97591400146484,29545155.922341343,2.3636124737873074,3-6-6-6-6-5-4-4,3,5,997,0
4,16,4,8,1,zero1,False,"['A10', 'A6000', 'A6000', 'A6000', 'A6000', 'A6000', 'A10', 'A10']","[4, 6, 6, 6, 6, 5, 4, 5]",65.5221176147461,65.51665672232497,0.0,0.005461333319544792,True,126.97591400146484,29545155.922341343,2.3636124737873074,3-6-6-6-6-5-4-4,3,5,997,0
4,8,1,16,2,zero0,False,"['A10', 'A10', 'A10', 'A6000', 'A6000', 'A6000', 'A6000', 'A6000']","[3, 2, 2, 1, 2, 2, 3, 3, 3, 3, 3, 3, 3, 3, 3, 3]",68.92796325683594,68.80166542271864,0.08260700106620789,0.04369066655635834,True,124.93104553222656,31080915.818482503,2.4864732654786,2-2-2-1-2-2-3-3-3-3-3-3-3-3-3-2,3,5,1001,0
4,8,1,16,2,zero1,False,"['A10', 'A10', 'A10', 'A6000', 'A6000', 'A6000', 'A6000', 'A6000']","[3, 2, 2, 1, 2, 2, 3, 3, 3, 3, 3, 3, 3, 3, 3, 3]",68.92796325683594,68.80166542271864,0.08260700106620789,0.04369066655635834,True,120.9392318725586,31080915.818482503,2.4864732654786,2-2-2-1-2-2-3-3-3-3-3-3-3-3-3-2,3,5,1001,0
4,8,1,16,2,zero0,False,"['A6000', 'A6000', 'A6000', 'A10', 'A10', 'A10', 'A6000', 'A6000']","[4, 3, 3, 3, 3, 3, 2, 2, 2, 1, 2, 2, 3, 3, 3, 3]",68.95903015136719,68.79995483071863,0.11537717282772064,0.04369066655635834,True,185.87069702148438,31094924.46588834,2.4875939572710672,3-3-3-3-3-3-2-2-2-1-2-2-3-3-3-2,3,5,1003,0
4,8,1,16,2,zero1,False,"['A6000', 'A6000', 'A6000', 'A10', 'A10', 'A10', 'A6000', 'A6000']","[4, 3, 3, 3, 3, 3, 2, 2, 2, 1, 2, 2, 3, 3, 3, 3]",68.95903015136719,68.79995483071863,0.11537717282772064,0.04369066655635834,True,180.34072875976562,31094924.46588834,2.4875939572710672,3-3-3-3-3-3-2-2-2-1-2-2-3-3-3-2,3,5,1003,0
4,8,1,16,2,zero0,False,"['A6000', 'A6000', 'A6000', 'A6000', 'A10', 'A10', 'A10', 'A6000']","[4, 3, 3, 3, 3, 3, 3, 3, 2, 2, 2, 1, 2, 2, 3, 3]",68.95903015136719,68.79995483071863,0.11537717282772064,0.04369066655635834,True,185.87069702148438,31094924.46588834,2.4875939572710672,3-3-3-3-3-3-3-3-2-2-2-1-2-2-3-2,3,5,1003,0
4,8,1,16,2,zero1,False,"['A6000', 'A10', 'A10', 'A10', 'A6000', 'A6000', 'A6000', 'A6000']","[4, 3, 2, 2, 2, 1, 2, 2, 3, 3, 3, 3, 3, 3, 3, 3]",68.95903015136719,68.79995483071862,0.11537717282772064,0.04369066655635834,True,180.34072875976562,31094924.46588834,2.4875939572710672,3-3-2-2-2-1-2-2-3-3-3-3-3-3-3-2,3,5,1003,0
4,8,1,16,2,zero1,False,"['A6000', 'A6000', 'A10', 'A10', 'A10', 'A6000', 'A6000', 'A6000']","[4, 3, 3, 3, 2, 2, 2, 1, 2, 2, 3, 3, 3, 3, 3, 3]",68.95903015136719,68.79995483071863,0.11537717282772064,0.04369066655635834,True,180.34072875976562,31094924.46588834,2.4875939572710672,3-3-3-3-2-2-2-1-2-2-3-3-3-3-3-2,3,5,1003,0
4,8,1,16,2,zero0,False,"['A6000', 'A10', 'A10', 'A10', 'A6000', 'A6000', 'A6000', 'A6000']","[4, 3, 2, 2, 2, 1, 2, 2, 3, 3, 3, 3, 3, 3, 3, 3]",68.95903015136719,68.79995483071862,0.11537717282772064,0.04369066655635834,True,185.87069702148438,31094924.46588834,2.4875939572710672,3-3-2-2-2-1-2-2-3-3-3-3-3-3-3-2,3,5,1003,0
4,8,1,16,2,zero0,False,"['A6000', 'A6000', 'A10', 'A10', 'A10', 'A6000', 'A6000', 'A6000']","[4, 3, 3, 3, 2, 2, 2, 1, 2, 2, 3, 3, 3, 3, 3, 3]",68.95903015136719,68.79995483071863,0.11537717282772064,0.04369066655635834,True,185.87069702148438,31094924.46588834,2.4875939572710672,3-3-3-3-2-2-2-1-2-2-3-3-3-3-3-2,3,5,1003,0
4,8,1,16,2,zero1,False,"['A6000', 'A6000', 'A6000', 'A6000', 'A10', 'A10', 'A10', 'A6000']","[4, 3, 3, 3, 3, 3, 3, 3, 2, 2, 2, 1, 2, 2, 3, 3]",68.95903015136719,68.79995483071863,0.11537717282772064,0.04369066655635834,True,180.34072875976562,31094924.46588834,2.4875939572710672,3-3-3-3-3-3-3-3-2-2-2-1-2-2-3-2,3,5,1003,0
4,8,1,16,2,zero0,False,"['A10', 'A10', 'A6000', 'A6000', 'A6000', 'A6000', 'A6000', 'A10']","[3, 2, 2, 2, 3, 3, 3, 3, 3, 3, 3, 3, 3, 2, 2, 2]",69.27790069580078,69.15160027391865,0.08260700106620789,0.04369066655635834,True,124.93104553222656,31238709.19533994,2.4990967356271954,2-2-2-2-3-3-3-3-3-3-3-3-3-2-2-1,3,5,1011,0
4,8,1,16,2,zero1,False,"['A10', 'A10', 'A6000', 'A6000', 'A6000', 'A6000', 'A6000', 'A10']","[3, 2, 2, 2, 3, 3, 3, 3, 3, 3, 3, 3, 3, 2, 2, 2]",69.27790069580078,69.15160027391865,0.08260700106620789,0.04369066655635834,True,120.9392318725586,31238709.19533994,2.4990967356271954,2-2-2-2-3-3-3-3-3-3-3-3-3-2-2-1,3,5,1011,0
4,8,1,16,2,zero1,False,"['A10', 'A6000', 'A6000', 'A6000', 'A6000', 'A6000', 'A10', 'A10']","[3, 2, 3, 3, 3, 3, 3, 3, 3, 3, 3, 2, 2, 2, 2, 2]",69.27790069580078,69.15160027391865,0.08260700106620789,0.04369066655635834,True,120.9392318725586,31238709.19533994,2.4990967356271954,2-2-3-3-3-3-3-3-3-3-3-2-2-2-2-1,3,5,1011,0
4,8,1,16,2,zero0,False,"['A10', 'A6000', 'A6000', 'A6000', 'A6000', 'A6000', 'A10', 'A10']","[3, 2, 3, 3, 3, 3, 3, 3, 3, 3, 3, 2, 2, 2, 2, 2]",69.27790069580078,69.15160027391865,0.08260700106620789,0.04369066655635834,True,124.93104553222656,31238709.19533994,2.4990967356271954,2-2-3-3-3-3-3-3-3-3-3-2-2-2-2-1,3,5,1011,0
4,8,1,16,2,zero1,False,"['A6000', 'A6000', 'A6000', 'A6000', 'A6000', 'A10', 'A10', 'A10']","[4, 3, 3, 3, 3, 3, 3, 3, 3, 2, 2, 2, 2, 2, 2, 2]",69.3089599609375,69.14988968191864,0.11537717282772064,0.04369066655635834,True,180.34072875976562,31252714.402508203,2.500217152200656,3-3-3-3-3-3-3-3-3-2-2-2-2-2-2-1,3,5,1015,0
4,8,1,16,2,zero0,False,"['A6000', 'A6000', 'A6000', 'A6000', 'A6000', 'A10', 'A10', 'A10']","[4, 3, 3, 3, 3, 3, 3, 3, 3, 2, 2, 2, 2, 2, 2, 2]",69.3089599609375,69.14988968191864,0.11537717282772064,0.04369066655635834,True,185.87069702148438,31252714.402508203,2.500217152200656,3-3-3-3-3-3-3-3-3-2-2-2-2-2-2-1,3,5,1015,0
8,8,1,32,1,zero1,False,"['A10', 'A10', 'A10', 'A6000', 'A6000', 'A6000', 'A6000', 'A6000']","[2, 1, 1, 1, 1, 1, 1, 1, 1, 1, 1, 1, 2, 2, 1, 2, 2, 2, 1, 1, 2, 1, 1, 1, 2, 1, 1, 1, 2, 1, 1, 2]",74.63430786132812,74.61246648748742,0.0,0.02184533327817917,True,120.99140167236328,33654013.99088329,2.6923211192706633,1-1-1-1-1-1-1-1-1-1-1-1-2-2-1-2-2-2-1-1-2-1-1-1-2-1-1-1-2-1-1-1,3,5,1017,0
8,8,1,32,1,zero0,False,"['A10', 'A10', 'A10', 'A6000', 'A6000', 'A6000', 'A6000', 'A6000']","[2, 1, 1, 1, 1, 1, 1, 1, 1, 1, 1, 1, 2, 2, 1, 2, 2, 2, 1, 1, 2, 1, 1, 1, 2, 1, 1, 1, 2, 1, 1, 2]",74.63430786132812,74.61246648748742,0.0,0.02184533327817917,True,120.99140167236328,33654013.99088329,2.6923211192706633,1-1-1-1-1-1-1-1-1-1-1-1-2-2-1-2-2-2-1-1-2-1-1-1-2-1-1-1-2-1-1-1,3,5,1017,0
8,8,1,32,1,zero0,False,"['A6000', 'A6000', 'A6000', 'A6000', 'A10', 'A10', 'A10', 'A6000']","[3, 1, 2, 1, 2, 1, 2, 2, 2, 1, 1, 1, 2, 1, 1, 1, 1, 1, 1, 1, 1, 1, 1, 1, 1, 1, 1, 1, 2, 1, 1, 2]",74.6630630493164,74.64122376108746,0.0,0.02184533327817917,True,238.93104553222656,33666980.24630387,2.69335841970431,2-1-2-1-2-1-2-2-2-1-1-1-2-1-1-1-1-1-1-1-1-1-1-1-1-1-1-1-2-1-1-1,3,5,1019,0
8,8,1,32,1,zero1,False,"['A6000', 'A6000', 'A10', 'A10', 'A10', 'A6000', 'A6000', 'A6000']","[3, 1, 2, 1, 2, 1, 2, 2, 1, 1, 1, 1, 1, 1, 1, 1, 1, 1, 1, 1, 2, 1, 1, 1, 2, 1, 1, 1, 2, 1, 1, 2]",74.6630630493164,74.64122376108746,0.0,0.02184533327817917,True,238.93104553222656,33666980.24630387,2.69335841970431,2-1-2-1-2-1-2-2-1-1-1-1-1-1-1-1-1-1-1-1-2-1-1-1-2-1-1-1-2-1-1-1,3,5,1019,0
8,8,1,32,1,zero1,False,"['A6000', 'A6000', 'A6000', 'A10', 'A10', 'A10', 'A6000', 'A6000']","[3, 1, 2, 1, 2, 1, 2, 2, 2, 1, 1, 1, 1, 1, 1, 1, 1, 1, 1, 1, 1, 1, 1, 1, 2, 1, 1, 1, 2, 1, 1, 2]",74.6630630493164,74.64122376108746,0.0,0.02184533327817917,True,238.93104553222656,33666980.24630387,2.69335841970431,2-1-2-1-2-1-2-2-2-1-1-1-1-1-1-1-1-1-1-1-1-1-1-1-2-1-1-1-2-1-1-1,3,5,1019,0
8,8,1,32,1,zero0,False,"['A6000', 'A10', 'A10', 'A10', 'A6000', 'A6000', 'A6000', 'A6000']","[3, 2, 1, 2, 1, 1, 1, 1, 1, 1, 1, 1, 1, 1, 1, 1, 2, 2, 1, 1, 2, 1, 1, 1, 2, 1, 1, 1, 2, 1, 1, 2]",74.6630630493164,74.64122376108747,0.0,0.02184533327817917,True,238.93104553222656,33666980.24630387,2.69335841970431,2-2-1-2-1-1-1-1-1-1-1-1-1-1-1-1-2-2-1-1-2-1-1-1-2-1-1-1-2-1-1-1,3,5,1019,0
8,8,1,32,1,zero0,False,"['A6000', 'A6000', 'A6000', 'A10', 'A10', 'A10', 'A6000', 'A6000']","[3, 1, 2, 1, 2, 1, 2, 2, 2, 1, 1, 1, 1, 1, 1, 1, 1, 1, 1, 1, 1, 1, 1, 1, 2, 1, 1, 1, 2, 1, 1, 2]",74.6630630493164,74.64122376108746,0.0,0.02184533327817917,True,238.93104553222656,33666980.24630387,2.69335841970431,2-1-2-1-2-1-2-2-2-1-1-1-1-1-1-1-1-1-1-1-1-1-1-1-2-1-1-1-2-1-1-1,3,5,1019,0
8,8,1,32,1,zero0,False,"['A6000', 'A6000', 'A10', 'A10', 'A10', 'A6000', 'A6000', 'A6000']","[3, 1, 2, 1, 2, 1, 2, 2, 1, 1, 1, 1, 1, 1, 1, 1, 1, 1, 1, 1, 2, 1, 1, 1, 2, 1, 1, 1, 2, 1, 1, 2]",74.6630630493164,74.64122376108746,0.0,0.02184533327817917,True,238.93104553222656,33666980.24630387,2.69335841970431,2-1-2-1-2-1-2-2-1-1-1-1-1-1-1-1-1-1-1-1-2-1-1-1-2-1-1-1-2-1-1-1,3,5,1019,0
8,8,1,32,1,zero1,False,"['A6000', 'A10', 'A10', 'A10', 'A6000', 'A6000', 'A6000', 'A6000']","[3, 2, 1, 2, 1, 1, 1, 1, 1, 1, 1, 1, 1, 1, 1, 1, 2, 2, 1, 1, 2, 1, 1, 1, 2, 1, 1, 1, 2, 1, 1, 2]",74.6630630493164,74.64122376108747,0.0,0.02184533327817917,True,238.93104553222656,33666980.24630387,2.69335841970431,2-2-1-2-1-1-1-1-1-1-1-1-1-1-1-1-2-2-1-1-2-1-1-1-2-1-1-1-2-1-1-1,3,5,1019,0
8,8,1,32,1,zero1,False,"['A6000', 'A6000', 'A6000', 'A6000', 'A10', 'A10', 'A10', 'A6000']","[3, 1, 2, 1, 2, 1, 2, 2, 2, 1, 1, 1, 2, 1, 1, 1, 1, 1, 1, 1, 1, 1, 1, 1, 1, 1, 1, 1, 2, 1, 1, 2]",74.6630630493164,74.64122376108746,0.0,0.02184533327817917,True,238.93104553222656,33666980.24630387,2.69335841970431,2-1-2-1-2-1-2-2-2-1-1-1-2-1-1-1-1-1-1-1-1-1-1-1-1-1-1-1-2-1-1-1,3,5,1019,0
8,8,1,32,1,zero1,False,"['A6000', 'A6000', 'A6000', 'A6000', 'A6000', 'A10', 'A10', 'A10']","[3, 1, 2, 1, 2, 1, 2, 2, 2, 1, 1, 1, 2, 1, 1, 1, 2, 1, 1, 1, 1, 1, 1, 1, 1, 1, 1, 1, 1, 1, 1, 2]",76.990966796875,76.96912197529362,0.0,0.02184533327817917,True,238.93104553222656,34716675.85593329,2.7773340684746635,2-1-2-1-2-1-2-2-2-1-1-1-2-1-1-1-2-1-1-1-1-1-1-1-1-1-1-1-1-1-1-1,3,5,1027,0
8,8,1,32,1,zero0,False,"['A6000', 'A6000', 'A6000', 'A6000', 'A6000', 'A10', 'A10', 'A10']","[3, 1, 2, 1, 2, 1, 2, 2, 2, 1, 1, 1, 2, 1, 1, 1, 2, 1, 1, 1, 1, 1, 1, 1, 1, 1, 1, 1, 1, 1, 1, 2]",76.990966796875,76.96912197529362,0.0,0.02184533327817917,True,238.93104553222656,34716675.85593329,2.7773340684746635,2-1-2-1-2-1-2-2-2-1-1-1-2-1-1-1-2-1-1-1-1-1-1-1-1-1-1-1-1-1-1-1,3,5,1027,0
8,8,1,32,1,zero0,False,"['A10', 'A6000', 'A6000', 'A6000', 'A6000', 'A6000', 'A10', 'A10']","[2, 1, 1, 1, 2, 2, 1, 2, 2, 2, 1, 1, 2, 1, 1, 1, 2, 1, 1, 1, 2, 1, 1, 1, 1, 1, 1, 1, 1, 1, 1, 2]",76.99267578125,76.97083256729358,0.0,0.02184533327817917,True,120.99140167236328,34717446.46915012,2.777395717532009,1-1-1-1-2-2-1-2-2-2-1-1-2-1-1-1-2-1-1-1-2-1-1-1-1-1-1-1-1-1-1-1,3,5,1029,0
8,8,1,32,1,zero0,False,"['A10', 'A10', 'A6000', 'A6000', 'A6000', 'A6000', 'A6000', 'A10']","[2, 1, 1, 1, 1, 1, 1, 1, 2, 2, 1, 2, 2, 2, 1, 1, 2, 1, 1, 1, 2, 1, 1, 1, 2, 1, 1, 1, 1, 1, 1, 2]",76.99267578125,76.97083256729354,0.0,0.02184533327817917,True,120.99140167236328,34717446.46915012,2.777395717532009,1-1-1-1-1-1-1-1-2-2-1-2-2-2-1-1-2-1-1-1-2-1-1-1-2-1-1-1-1-1-1-1,3,5,1029,0
8,8,1,32,1,zero1,False,"['A10', 'A10', 'A6000', 'A6000', 'A6000', 'A6000', 'A6000', 'A10']","[2, 1, 1, 1, 1, 1, 1, 1, 2, 2, 1, 2, 2, 2, 1, 1, 2, 1, 1, 1, 2, 1, 1, 1, 2, 1, 1, 1, 1, 1, 1, 2]",76.99267578125,76.97083256729354,0.0,0.02184533327817917,True,120.99140167236328,34717446.46915012,2.777395717532009,1-1-1-1-1-1-1-1-2-2-1-2-2-2-1-1-2-1-1-1-2-1-1-1-2-1-1-1-1-1-1-1,3,5,1029,0
8,8,1,32,1,zero1,False,"['A10', 'A6000', 'A6000', 'A6000', 'A6000', 'A6000', 'A10', 'A10']","[2, 1, 1, 1, 2, 2, 1, 2, 2, 2, 1, 1, 2, 1, 1, 1, 2, 1, 1, 1, 2, 1, 1, 1, 1, 1, 1, 1, 1, 1, 1, 2]",76.99267578125,76.97083256729358,0.0,0.02184533327817917,True,120.99140167236328,34717446.46915012,2.777395717532009,1-1-1-1-2-2-1-2-2-2-1-1-2-1-1-1-2-1-1-1-2-1-1-1-1-1-1-1-1-1-1-1,3,5,1029,0
1,16,2,4,4,zero0,False,"['A6000', 'A10', 'A10', 'A10', 'A6000', 'A6000', 'A6000', 'A6000']","[9, 8, 12, 13]",82.85093688964844,82.52280165817996,0.28444284200668335,0.04369066655635834,True,143.72271728515625,37359046.65214644,2.9887237321717155,8-8-12-12,3,5,1033,0
1,16,2,4,4,zero1,False,"['A10', 'A10', 'A10', 'A6000', 'A6000', 'A6000', 'A6000', 'A6000']","[9, 8, 12, 13]",82.85093688964844,82.52280165817996,0.28444284200668335,0.04369066655635834,True,133.80686950683594,37359046.65214644,2.9887237321717155,8-8-12-12,3,5,1033,0
1,16,2,4,4,zero1,False,"['A6000', 'A10', 'A10', 'A10', 'A6000', 'A6000', 'A6000', 'A6000']","[9, 8, 12, 13]",82.85093688964844,82.52280165817996,0.28444284200668335,0.04369066655635834,True,133.80686950683594,37359046.65214644,2.9887237321717155,8-8-12-12,3,5,1033,0
1,16,2,4,4,zero0,False,"['A10', 'A10', 'A10', 'A6000', 'A6000', 'A6000', 'A6000', 'A6000']","[9, 8, 12, 13]",82.85093688964844,82.52280165817996,0.28444284200668335,0.04369066655635834,True,143.72271728515625,37359046.65214644,2.9887237321717155,8-8-12-12,3,5,1033,0
1,16,2,4,4,zero1,False,"['A6000', 'A6000', 'A10', 'A10', 'A10', 'A6000', 'A6000', 'A6000']","[13, 8, 8, 13]",82.96625518798828,82.51228579257996,0.4102802574634552,0.04369066655635834,True,200.29067993164062,37411045.843094185,2.992883667447535,12-8-8-12,3,5,1037,0
1,16,2,4,4,zero0,False,"['A6000', 'A6000', 'A10', 'A10', 'A10', 'A6000', 'A6000', 'A6000']","[13, 8, 8, 13]",82.96625518798828,82.51228579257996,0.4102802574634552,0.04369066655635834,True,214.82113647460938,37411045.843094185,2.992883667447535,12-8-8-12,3,5,1037,0
1,16,2,4,4,zero1,False,"['A6000', 'A6000', 'A6000', 'A10', 'A10', 'A10', 'A6000', 'A6000']","[13, 8, 8, 13]",82.96625518798828,82.51228579257996,0.4102802574634552,0.04369066655635834,True,200.29067993164062,37411045.843094185,2.992883667447535,12-8-8-12,3,5,1037,0
1,16,2,4,4,zero0,False,"['A6000', 'A6000', 'A6000', 'A10', 'A10', 'A10', 'A6000', 'A6000']","[13, 8, 8, 13]",82.96625518798828,82.51228579257996,0.4102802574634552,0.04369066655635834,True,214.82113647460938,37411045.843094185,2.992883667447535,12-8-8-12,3,5,1037,0
1,16,2,4,4,zero0,False,"['A10', 'A10', 'A6000', 'A6000', 'A6000', 'A6000', 'A6000', 'A10']","[9, 12, 12, 9]",83.02428436279297,82.69615082937996,0.28444284200668335,0.04369066655635834,True,143.72271728515625,37437212.29009045,2.994976983207236,8-12-12-8,3,5,1041,0
1,16,2,4,4,zero1,False,"['A10', 'A10', 'A6000', 'A6000', 'A6000', 'A6000', 'A6000', 'A10']","[9, 12, 12, 9]",83.02428436279297,82.69615082937996,0.28444284200668335,0.04369066655635834,True,133.80686950683594,37437212.29009045,2.994976983207236,8-12-12-8,3,5,1041,0
1,16,2,4,4,zero1,False,"['A10', 'A6000', 'A6000', 'A6000', 'A6000', 'A6000', 'A10', 'A10']","[9, 12, 12, 9]",83.02428436279297,82.69615082937996,0.28444284200668335,0.04369066655635834,True,133.80686950683594,37437212.29009045,2.994976983207236,8-12-12-8,3,5,1041,0
1,16,2,4,4,zero0,False,"['A10', 'A6000', 'A6000', 'A6000', 'A6000', 'A6000', 'A10', 'A10']","[9, 12, 12, 9]",83.02428436279297,82.69615082937996,0.28444284200668335,0.04369066655635834,True,143.72271728515625,37437212.29009045,2.994976983207236,8-12-12-8,3,5,1041,0
1,16,2,4,4,zero1,False,"['A6000', 'A6000', 'A6000', 'A6000', 'A10', 'A10', 'A10', 'A6000']","[13, 12, 8, 9]",83.13961029052734,82.68563496377996,0.4102802574634552,0.04369066655635834,True,200.29067993164062,37489214.92127577,2.9991371937020617,12-12-8-8,3,5,1045,0
1,16,2,4,4,zero0,False,"['A6000', 'A6000', 'A6000', 'A6000', 'A6000', 'A10', 'A10', 'A10']","[13, 12, 8, 9]",83.13961029052734,82.68563496377996,0.4102802574634552,0.04369066655635834,True,214.82113647460938,37489214.92127577,2.9991371937020617,12-12-8-8,3,5,1045,0
1,16,2,4,4,zero0,False,"['A6000', 'A6000', 'A6000', 'A6000', 'A10', 'A10', 'A10', 'A6000']","[13, 12, 8, 9]",83.13961029052734,82.68563496377996,0.4102802574634552,0.04369066655635834,True,214.82113647460938,37489214.92127577,2.9991371937020617,12-12-8-8,3,5,1045,0
1,16,2,4,4,zero1,False,"['A6000', 'A6000', 'A6000', 'A6000', 'A6000', 'A10', 'A10', 'A10']","[13, 12, 8, 9]",83.13961029052734,82.68563496377996,0.4102802574634552,0.04369066655635834,True,200.29067993164062,37489214.92127577,2.9991371937020617,12-12-8-8,3,5,1045,0
2,16,2,8,2,zero0,False,"['A10', 'A6000', 'A6000', 'A6000', 'A6000', 'A6000', 'A10', 'A10']","[5, 6, 6, 6, 6, 5, 4, 4]",86.20030975341797,86.09586665163499,0.08260700106620789,0.02184533327817917,True,138.99929809570312,38869341.90975665,3.1095473527805324,4-6-6-6-6-5-4-3,3,5,1049,0
2,16,2,8,2,zero1,False,"['A10', 'A6000', 'A6000', 'A6000', 'A6000', 'A6000', 'A10', 'A10']","[5, 6, 6, 6, 6, 5, 4, 4]",86.20030975341797,86.09586665163499,0.08260700106620789,0.02184533327817917,True,135.4651336669922,38869341.90975665,3.1095473527805324,4-6-6-6-6-5-4-3,3,5,1049,0
2,16,2,8,2,zero0,False,"['A10', 'A10', 'A6000', 'A6000', 'A6000', 'A6000', 'A6000', 'A10']","[5, 4, 6, 6, 6, 6, 5, 4]",86.20030975341797,86.09586665163496,0.08260700106620789,0.02184533327817917,True,138.99929809570312,38869341.90975665,3.1095473527805324,4-4-6-6-6-6-5-3,3,5,1049,0
2,16,2,8,2,zero1,False,"['A10', 'A10', 'A6000', 'A6000', 'A6000', 'A6000', 'A6000', 'A10']","[5, 4, 6, 6, 6, 6, 5, 4]",86.20030975341797,86.09586665163496,0.08260700106620789,0.02184533327817917,True,135.4651336669922,38869341.90975665,3.1095473527805324,4-4-6-6-6-6-5-3,3,5,1049,0
2,16,2,8,2,zero1,False,"['A6000', 'A6000', 'A6000', 'A6000', 'A6000', 'A10', 'A10', 'A10']","[6, 6, 6, 6, 6, 4, 4, 4]",86.20618438720703,86.08535078603498,0.09899207949638367,0.02184533327817917,True,169.06439208984375,38871990.89268949,3.109759271415159,5-6-6-6-6-4-4-3,3,5,1053,0
2,16,2,8,2,zero0,False,"['A6000', 'A6000', 'A6000', 'A6000', 'A6000', 'A10', 'A10', 'A10']","[6, 6, 6, 6, 6, 4, 4, 4]",86.20618438720703,86.08535078603498,0.09899207949638367,0.02184533327817917,True,173.36764526367188,38871990.89268949,3.109759271415159,5-6-6-6-6-4-4-3,3,5,1053,0
2,16,2,8,2,zero0,False,"['A10', 'A10', 'A10', 'A6000', 'A6000', 'A6000', 'A6000', 'A6000']","[4, 4, 4, 6, 6, 6, 6, 6]",86.31200408935547,86.22394037323497,0.0662219226360321,0.02184533327817917,True,104.63094329833984,38919706.987856224,3.113576559028498,3-4-4-6-6-6-6-5,3,5,1055,0
2,16,2,8,2,zero1,False,"['A10', 'A10', 'A10', 'A6000', 'A6000', 'A6000', 'A6000', 'A6000']","[4, 4, 4, 6, 6, 6, 6, 6]",86.31200408935547,86.22394037323497,0.0662219226360321,0.02184533327817917,True,101.86587524414062,38919706.987856224,3.113576559028498,3-4-4-6-6-6-6-5,3,5,1055,0
2,16,2,8,2,zero1,False,"['A6000', 'A6000', 'A10', 'A10', 'A10', 'A6000', 'A6000', 'A6000']","[7, 6, 4, 3, 4, 6, 6, 6]",86.35064697265625,86.21342450763498,0.11537715792655945,0.02184533327817917,True,202.66363525390625,38937131.79117414,3.1149705432939316,6-6-4-3-4-6-6-5,3,5,1057,0
2,16,2,8,2,zero0,False,"['A6000', 'A10', 'A10', 'A10', 'A6000', 'A6000', 'A6000', 'A6000']","[7, 4, 3, 4, 6, 6, 6, 6]",86.35064697265625,86.21342450763497,0.11537715792655945,0.02184533327817917,True,207.7360076904297,38937131.79117414,3.1149705432939316,6-4-3-4-6-6-6-5,3,5,1057,0
2,16,2,8,2,zero1,False,"['A6000', 'A10', 'A10', 'A10', 'A6000', 'A6000', 'A6000', 'A6000']","[7, 4, 3, 4, 6, 6, 6, 6]",86.35064697265625,86.21342450763497,0.11537715792655945,0.02184533327817917,True,202.66363525390625,38937131.79117414,3.1149705432939316,6-4-3-4-6-6-6-5,3,5,1057,0
2,16,2,8,2,zero1,False,"['A6000', 'A6000', 'A6000', 'A10', 'A10', 'A10', 'A6000', 'A6000']","[7, 6, 6, 4, 3, 4, 6, 6]",86.35064697265625,86.213424507635,0.11537715792655945,0.02184533327817917,True,202.66363525390625,38937131.79117414,3.1149705432939316,6-6-6-4-3-4-6-5,3,5,1057,0
2,16,2,8,2,zero0,False,"['A6000', 'A6000', 'A6000', 'A10', 'A10', 'A10', 'A6000', 'A6000']","[7, 6, 6, 4, 3, 4, 6, 6]",86.35064697265625,86.213424507635,0.11537715792655945,0.02184533327817917,True,207.7360076904297,38937131.79117414,3.1149705432939316,6-6-6-4-3-4-6-5,3,5,1057,0
2,16,2,8,2,zero1,False,"['A6000', 'A6000', 'A6000', 'A6000', 'A10', 'A10', 'A10', 'A6000']","[7, 6, 6, 6, 4, 3, 4, 6]",86.35064697265625,86.213424507635,0.11537715792655945,0.02184533327817917,True,202.66363525390625,38937131.79117414,3.1149705432939316,6-6-6-6-4-3-4-5,3,5,1057,0
2,16,2,8,2,zero0,False,"['A6000', 'A6000', 'A6000', 'A6000', 'A10', 'A10', 'A10', 'A6000']","[7, 6, 6, 6, 4, 3, 4, 6]",86.35064697265625,86.213424507635,0.11537715792655945,0.02184533327817917,True,207.7360076904297,38937131.79117414,3.1149705432939316,6-6-6-6-4-3-4-5,3,5,1057,0
2,16,2,8,2,zero0,False,"['A6000', 'A6000', 'A10', 'A10', 'A10', 'A6000', 'A6000', 'A6000']","[7, 6, 4, 3, 4, 6, 6, 6]",86.35064697265625,86.21342450763498,0.11537715792655945,0.02184533327817917,True,207.7360076904297,38937131.79117414,3.1149705432939316,6-6-4-3-4-6-6-5,3,5,1057,0
4,16,2,16,1,zero1,False,"['A6000', 'A6000', 'A6000', 'A10', 'A10', 'A10', 'A6000', 'A6000']","[4, 3, 3, 3, 3, 3, 2, 2, 2, 1, 2, 2, 3, 3, 3, 3]",91.35552215576172,91.34459603634983,0.0,0.010922666639089584,True,204.19345092773438,41193924.20020686,3.295513936016549,3-3-3-3-3-3-2-2-2-1-2-2-3-3-3-2,3,5,1065,0
4,16,2,16,1,zero0,False,"['A6000', 'A6000', 'A10', 'A10', 'A10', 'A6000', 'A6000', 'A6000']","[4, 3, 3, 3, 2, 2, 2, 1, 2, 2, 3, 3, 3, 3, 3, 3]",91.35552215576172,91.34459603634983,0.0,0.010922666639089584,True,204.19345092773438,41193924.20020686,3.295513936016549,3-3-3-3-2-2-2-1-2-2-3-3-3-3-3-2,3,5,1065,0
4,16,2,16,1,zero0,False,"['A6000', 'A6000', 'A6000', 'A10', 'A10', 'A10', 'A6000', 'A6000']","[4, 3, 3, 3, 3, 3, 2, 2, 2, 1, 2, 2, 3, 3, 3, 3]",91.35552215576172,91.34459603634983,0.0,0.010922666639089584,True,204.19345092773438,41193924.20020686,3.295513936016549,3-3-3-3-3-3-2-2-2-1-2-2-3-3-3-2,3,5,1065,0
4,16,2,16,1,zero1,False,"['A6000', 'A6000', 'A10', 'A10', 'A10', 'A6000', 'A6000', 'A6000']","[4, 3, 3, 3, 2, 2, 2, 1, 2, 2, 3, 3, 3, 3, 3, 3]",91.35552215576172,91.34459603634983,0.0,0.010922666639089584,True,204.19345092773438,41193924.20020686,3.295513936016549,3-3-3-3-2-2-2-1-2-2-3-3-3-3-3-2,3,5,1065,0
4,16,2,16,1,zero0,False,"['A6000', 'A10', 'A10', 'A10', 'A6000', 'A6000', 'A6000', 'A6000']","[4, 3, 2, 2, 2, 1, 2, 2, 3, 3, 3, 3, 3, 3, 3, 3]",91.35552215576172,91.34459603634984,0.0,0.010922666639089584,True,204.19345092773438,41193924.20020686,3.295513936016549,3-3-2-2-2-1-2-2-3-3-3-3-3-3-3-2,3,5,1065,0
4,16,2,16,1,zero1,False,"['A6000', 'A10', 'A10', 'A10', 'A6000', 'A6000', 'A6000', 'A6000']","[4, 3, 2, 2, 2, 1, 2, 2, 3, 3, 3, 3, 3, 3, 3, 3]",91.35552215576172,91.34459603634984,0.0,0.010922666639089584,True,204.19345092773438,41193924.20020686,3.295513936016549,3-3-2-2-2-1-2-2-3-3-3-3-3-3-3-2,3,5,1065,0
4,16,2,16,1,zero0,False,"['A10', 'A10', 'A10', 'A6000', 'A6000', 'A6000', 'A6000', 'A6000']","[2, 2, 2, 2, 2, 2, 3, 3, 3, 3, 3, 3, 3, 3, 3, 3]",91.36603546142578,91.35511190194983,0.0,0.010922666639089584,True,69.08173370361328,41198664.84758535,3.2958931878068283,1-2-2-2-2-2-3-3-3-3-3-3-3-3-3-2,3,5,1071,0
4,16,2,16,1,zero1,False,"['A10', 'A10', 'A10', 'A6000', 'A6000', 'A6000', 'A6000', 'A6000']","[2, 2, 2, 2, 2, 2, 3, 3, 3, 3, 3, 3, 3, 3, 3, 3]",91.36603546142578,91.35511190194983,0.0,0.010922666639089584,True,69.08173370361328,41198664.84758535,3.2958931878068283,1-2-2-2-2-2-3-3-3-3-3-3-3-3-3-2,3,5,1071,0
4,16,2,16,1,zero0,False,"['A6000', 'A6000', 'A6000', 'A6000', 'A10', 'A10', 'A10', 'A6000']","[4, 3, 3, 3, 3, 3, 3, 3, 2, 2, 2, 1, 2, 2, 3, 3]",91.46768188476562,91.45675993446237,0.0,0.010922666639089584,True,204.19345092773438,41244499.13279851,3.2995599306238805,3-3-3-3-3-3-3-3-2-2-2-1-2-2-3-2,3,5,1073,0
4,16,2,16,1,zero1,False,"['A6000', 'A6000', 'A6000', 'A6000', 'A10', 'A10', 'A10', 'A6000']","[4, 3, 3, 3, 3, 3, 3, 3, 2, 2, 2, 1, 2, 2, 3, 3]",91.46768188476562,91.45675993446237,0.0,0.010922666639089584,True,204.19345092773438,41244499.13279851,3.2995599306238805,3-3-3-3-3-3-3-3-2-2-2-1-2-2-3-2,3,5,1073,0
4,16,2,16,1,zero1,False,"['A6000', 'A6000', 'A6000', 'A6000', 'A6000', 'A10', 'A10', 'A10']","[3, 3, 3, 3, 3, 3, 3, 3, 3, 3, 2, 2, 2, 2, 2, 2]",92.12020111083984,92.10927458943728,0.0,0.010922666639089584,True,136.63758850097656,41538732.3318847,3.323098586550776,2-3-3-3-3-3-3-3-3-3-2-2-2-2-2-1,3,5,1075,0
4,16,2,16,1,zero0,False,"['A6000', 'A6000', 'A6000', 'A6000', 'A6000', 'A10', 'A10', 'A10']","[3, 3, 3, 3, 3, 3, 3, 3, 3, 3, 2, 2, 2, 2, 2, 2]",92.12020111083984,92.10927458943728,0.0,0.010922666639089584,True,136.63758850097656,41538732.3318847,3.323098586550776,2-3-3-3-3-3-3-3-3-3-2-2-2-2-2-1,3,5,1075,0
4,16,2,16,1,zero1,False,"['A10', 'A6000', 'A6000', 'A6000', 'A6000', 'A6000', 'A10', 'A10']","[3, 2, 3, 3, 3, 3, 3, 3, 3, 3, 3, 2, 2, 2, 2, 2]",92.16341400146484,92.15248937394983,0.0,0.010922666639089584,True,136.63758850097656,41558217.8375101,3.3246574270008082,2-2-3-3-3-3-3-3-3-3-3-2-2-2-2-1,3,5,1077,0
4,16,2,16,1,zero0,False,"['A10', 'A6000', 'A6000', 'A6000', 'A6000', 'A6000', 'A10', 'A10']","[3, 2, 3, 3, 3, 3, 3, 3, 3, 3, 3, 2, 2, 2, 2, 2]",92.16341400146484,92.15248937394983,0.0,0.010922666639089584,True,136.63758850097656,41558217.8375101,3.3246574270008082,2-2-3-3-3-3-3-3-3-3-3-2-2-2-2-1,3,5,1077,0
4,16,2,16,1,zero1,False,"['A10', 'A10', 'A6000', 'A6000', 'A6000', 'A6000', 'A6000', 'A10']","[3, 2, 2, 2, 3, 3, 3, 3, 3, 3, 3, 3, 3, 2, 2, 2]",92.16341400146484,92.15248937394983,0.0,0.010922666639089584,True,136.63758850097656,41558217.8375101,3.3246574270008082,2-2-2-2-3-3-3-3-3-3-3-3-3-2-2-1,3,5,1077,0
4,16,2,16,1,zero0,False,"['A10', 'A10', 'A6000', 'A6000', 'A6000', 'A6000', 'A6000', 'A10']","[3, 2, 2, 2, 3, 3, 3, 3, 3, 3, 3, 3, 3, 2, 2, 2]",92.16341400146484,92.15248937394983,0.0,0.010922666639089584,True,136.63758850097656,41558217.8375101,3.3246574270008082,2-2-2-2-3-3-3-3-3-3-3-3-3-2-2-1,3,5,1077,0
1,32,4,4,2,zero1,False,"['A10', 'A10', 'A10', 'A6000', 'A6000', 'A6000', 'A6000', 'A6000']","[9, 8, 12, 13]",98.09870147705078,97.98204025715992,0.10573694854974747,0.010922666639089584,True,163.77536010742188,44234550.65906472,3.538764052725177,8-8-12-12,3,5,1081,0
1,32,4,4,2,zero0,False,"['A10', 'A10', 'A10', 'A6000', 'A6000', 'A6000', 'A6000', 'A6000']","[9, 8, 12, 13]",98.09870147705078,97.98204025715992,0.10573694854974747,0.010922666639089584,True,167.08087158203125,44234550.65906472,3.538764052725177,8-8-12-12,3,5,1081,0
1,32,4,4,2,zero1,False,"['A6000', 'A10', 'A10', 'A10', 'A6000', 'A6000', 'A6000', 'A6000']","[9, 8, 12, 13]",98.09870147705078,97.98204025715992,0.10573694854974747,0.010922666639089584,True,163.77536010742188,44234550.65906472,3.538764052725177,8-8-12-12,3,5,1081,0
1,32,4,4,2,zero0,False,"['A6000', 'A10', 'A10', 'A10', 'A6000', 'A6000', 'A6000', 'A6000']","[9, 8, 12, 13]",98.09870147705078,97.98204025715992,0.10573694854974747,0.010922666639089584,True,167.08087158203125,44234550.65906472,3.538764052725177,8-8-12-12,3,5,1081,0
1,32,4,4,2,zero1,False,"['A6000', 'A6000', 'A10', 'A10', 'A10', 'A6000', 'A6000', 'A6000']","[13, 8, 8, 13]",98.13213348388672,97.97352713075992,0.14768275618553162,0.010922666639089584,True,245.39601135253906,44249625.78011883,3.5399700624095067,12-8-8-12,3,5,1085,0
1,32,4,4,2,zero0,False,"['A6000', 'A6000', 'A10', 'A10', 'A10', 'A6000', 'A6000', 'A6000']","[13, 8, 8, 13]",98.13213348388672,97.97352713075992,0.14768275618553162,0.010922666639089584,True,250.23983764648438,44249625.78011883,3.5399700624095067,12-8-8-12,3,5,1085,0
1,32,4,4,2,zero0,False,"['A6000', 'A6000', 'A6000', 'A10', 'A10', 'A10', 'A6000', 'A6000']","[13, 8, 8, 13]",98.13213348388672,97.97352713075992,0.14768275618553162,0.010922666639089584,True,250.23983764648438,44249625.78011883,3.5399700624095067,12-8-8-12,3,5,1085,0
1,32,4,4,2,zero1,False,"['A6000', 'A6000', 'A6000', 'A10', 'A10', 'A10', 'A6000', 'A6000']","[13, 8, 8, 13]",98.13213348388672,97.97352713075992,0.14768275618553162,0.010922666639089584,True,245.39601135253906,44249625.78011883,3.5399700624095067,12-8-8-12,3,5,1085,0
1,32,4,4,2,zero0,False,"['A10', 'A10', 'A6000', 'A6000', 'A6000', 'A6000', 'A6000', 'A10']","[9, 12, 12, 9]",98.25222778320312,98.13556550515992,0.10573694854974747,0.010922666639089584,True,167.08087158203125,44303778.55978859,3.5443022847830874,8-12-12-8,3,5,1089,0
1,32,4,4,2,zero1,False,"['A10', 'A10', 'A6000', 'A6000', 'A6000', 'A6000', 'A6000', 'A10']","[9, 12, 12, 9]",98.25222778320312,98.13556550515992,0.10573694854974747,0.010922666639089584,True,163.77536010742188,44303778.55978859,3.5443022847830874,8-12-12-8,3,5,1089,0
1,32,4,4,2,zero0,False,"['A10', 'A6000', 'A6000', 'A6000', 'A6000', 'A6000', 'A10', 'A10']","[9, 12, 12, 9]",98.25222778320312,98.13556550515992,0.10573694854974747,0.010922666639089584,True,167.08087158203125,44303778.55978859,3.5443022847830874,8-12-12-8,3,5,1089,0
1,32,4,4,2,zero1,False,"['A10', 'A6000', 'A6000', 'A6000', 'A6000', 'A6000', 'A10', 'A10']","[9, 12, 12, 9]",98.25222778320312,98.13556550515992,0.10573694854974747,0.010922666639089584,True,163.77536010742188,44303778.55978859,3.5443022847830874,8-12-12-8,3,5,1089,0
1,32,4,4,2,zero0,False,"['A6000', 'A6000', 'A6000', 'A6000', 'A10', 'A10', 'A10', 'A6000']","[13, 12, 8, 9]",98.28565979003906,98.12705237875993,0.14768275618553162,0.010922666639089584,True,250.23983764648438,44318853.68084271,3.545508294467417,12-12-8-8,3,5,1093,0
1,32,4,4,2,zero0,False,"['A6000', 'A6000', 'A6000', 'A6000', 'A6000', 'A10', 'A10', 'A10']","[13, 12, 8, 9]",98.28565979003906,98.12705237875993,0.14768275618553162,0.010922666639089584,True,250.23983764648438,44318853.68084271,3.545508294467417,12-12-8-8,3,5,1093,0
1,32,4,4,2,zero1,False,"['A6000', 'A6000', 'A6000', 'A6000', 'A6000', 'A10', 'A10', 'A10']","[13, 12, 8, 9]",98.28565979003906,98.12705237875993,0.14768275618553162,0.010922666639089584,True,245.39601135253906,44318853.68084271,3.545508294467417,12-12-8-8,3,5,1093,0
1,32,4,4,2,zero1,False,"['A6000', 'A6000', 'A6000', 'A6000', 'A10', 'A10', 'A10', 'A6000']","[13, 12, 8, 9]",98.28565979003906,98.12705237875993,0.14768275618553162,0.010922666639089584,True,245.39601135253906,44318853.68084271,3.545508294467417,12-12-8-8,3,5,1093,0
2,32,4,8,1,zero0,False,"['A6000', 'A6000', 'A6000', 'A6000', 'A6000', 'A10', 'A10', 'A10']","[6, 6, 6, 6, 6, 4, 4, 4]",102.03419494628906,102.02873175446994,0.0,0.005461333319544792,True,211.11788940429688,46009138.72814496,3.680731098251597,5-6-6-6-6-4-4-3,3,5,1097,0
2,32,4,8,1,zero1,False,"['A6000', 'A6000', 'A6000', 'A6000', 'A6000', 'A10', 'A10', 'A10']","[6, 6, 6, 6, 6, 4, 4, 4]",102.03419494628906,102.02873175446994,0.0,0.005461333319544792,True,211.11788940429688,46009138.72814496,3.680731098251597,5-6-6-6-6-4-4-3,3,5,1097,0
2,32,4,8,1,zero1,False,"['A6000', 'A6000', 'A10', 'A10', 'A10', 'A6000', 'A6000', 'A6000']","[6, 6, 4, 3, 4, 6, 6, 7]",104.44121551513672,104.43575658646995,0.0,0.005461333319544792,True,211.11788940429688,47094509.60142824,3.7675607681142593,5-6-4-3-4-6-6-6,3,5,1099,0
2,32,4,8,1,zero0,False,"['A6000', 'A10', 'A10', 'A10', 'A6000', 'A6000', 'A6000', 'A6000']","[6, 4, 3, 4, 6, 6, 6, 7]",104.44121551513672,104.43575658646995,0.0,0.005461333319544792,True,211.11788940429688,47094509.60142824,3.7675607681142593,5-4-3-4-6-6-6-6,3,5,1099,0
2,32,4,8,1,zero0,False,"['A6000', 'A6000', 'A10', 'A10', 'A10', 'A6000', 'A6000', 'A6000']","[6, 6, 4, 3, 4, 6, 6, 7]",104.44121551513672,104.43575658646995,0.0,0.005461333319544792,True,211.11788940429688,47094509.60142824,3.7675607681142593,5-6-4-3-4-6-6-6,3,5,1099,0
2,32,4,8,1,zero1,False,"['A6000', 'A6000', 'A6000', 'A6000', 'A10', 'A10', 'A10', 'A6000']","[6, 6, 6, 6, 4, 3, 4, 7]",104.44121551513672,104.43575658646995,0.0,0.005461333319544792,True,211.11788940429688,47094509.60142824,3.7675607681142593,5-6-6-6-4-3-4-6,3,5,1099,0
2,32,4,8,1,zero0,False,"['A6000', 'A6000', 'A6000', 'A6000', 'A10', 'A10', 'A10', 'A6000']","[6, 6, 6, 6, 4, 3, 4, 7]",104.44121551513672,104.43575658646995,0.0,0.005461333319544792,True,211.11788940429688,47094509.60142824,3.7675607681142593,5-6-6-6-4-3-4-6,3,5,1099,0
2,32,4,8,1,zero1,False,"['A6000', 'A10', 'A10', 'A10', 'A6000', 'A6000', 'A6000', 'A6000']","[6, 4, 3, 4, 6, 6, 6, 7]",104.44121551513672,104.43575658646995,0.0,0.005461333319544792,True,211.11788940429688,47094509.60142824,3.7675607681142593,5-4-3-4-6-6-6-6,3,5,1099,0
2,32,4,8,1,zero1,False,"['A6000', 'A6000', 'A6000', 'A10', 'A10', 'A10', 'A6000', 'A6000']","[6, 6, 6, 4, 3, 4, 6, 7]",104.44121551513672,104.43575658646995,0.0,0.005461333319544792,True,211.11788940429688,47094509.60142824,3.7675607681142593,5-6-6-4-3-4-6-6,3,5,1099,0
2,32,4,8,1,zero0,False,"['A6000', 'A6000', 'A6000', 'A10', 'A10', 'A10', 'A6000', 'A6000']","[6, 6, 6, 4, 3, 4, 6, 7]",104.44121551513672,104.43575658646995,0.0,0.005461333319544792,True,211.11788940429688,47094509.60142824,3.7675607681142593,5-6-6-4-3-4-6-6,3,5,1099,0
2,32,4,8,1,zero0,False,"['A10', 'A10', 'A10', 'A6000', 'A6000', 'A6000', 'A6000', 'A6000']","[4, 4, 4, 6, 6, 6, 5, 7]",104.4497299194336,104.44426971286994,0.0,0.005461333319544792,True,126.97591400146484,47098348.90656206,3.767867912524965,3-4-4-6-6-6-5-6,3,5,1107,0
2,32,4,8,1,zero1,False,"['A10', 'A10', 'A10', 'A6000', 'A6000', 'A6000', 'A6000', 'A6000']","[4, 4, 4, 6, 6, 6, 5, 7]",104.4497299194336,104.44426971286994,0.0,0.005461333319544792,True,126.97591400146484,47098348.90656206,3.767867912524965,3-4-4-6-6-6-5-6,3,5,1107,0
2,32,4,8,1,zero1,False,"['A10', 'A6000', 'A6000', 'A6000', 'A6000', 'A6000', 'A10', 'A10']","[4, 6, 6, 6, 6, 5, 4, 5]",105.06932067871094,105.06386116246995,0.0,0.005461333319544792,True,126.97591400146484,47377734.04027408,3.7902187232219267,3-6-6-6-6-5-4-4,3,5,1109,0
2,32,4,8,1,zero0,False,"['A10', 'A6000', 'A6000', 'A6000', 'A6000', 'A6000', 'A10', 'A10']","[4, 6, 6, 6, 6, 5, 4, 5]",105.06932067871094,105.06386116246995,0.0,0.005461333319544792,True,126.97591400146484,47377734.04027408,3.7902187232219267,3-6-6-6-6-5-4-4,3,5,1109,0
2,32,4,8,1,zero0,False,"['A10', 'A10', 'A6000', 'A6000', 'A6000', 'A6000', 'A6000', 'A10']","[4, 4, 6, 6, 6, 6, 5, 5]",105.06932067871094,105.06386116246993,0.0,0.005461333319544792,True,126.97591400146484,47377734.04027408,3.7902187232219267,3-4-6-6-6-6-5-4,3,5,1109,0
2,32,4,8,1,zero1,False,"['A10', 'A10', 'A6000', 'A6000', 'A6000', 'A6000', 'A6000', 'A10']","[4, 4, 6, 6, 6, 6, 5, 5]",105.06932067871094,105.06386116246993,0.0,0.005461333319544792,True,126.97591400146484,47377734.04027408,3.7902187232219267,3-4-6-6-6-6-5-4,3,5,1109,0
1,16,1,8,4,zero0,False,"['A10', 'A10', 'A10', 'A6000', 'A6000', 'A6000', 'A6000', 'A6000']","[5, 4, 3, 6, 6, 6, 6, 6]",116.80207824707031,116.49247855709,0.2222210019826889,0.08738133311271667,True,132.81033325195312,52668255.231826566,4.213460418546125,4-4-3-6-6-6-6-5,3,5,1113,0
1,16,1,8,4,zero1,False,"['A10', 'A10', 'A10', 'A6000', 'A6000', 'A6000', 'A6000', 'A6000']","[5, 4, 3, 6, 6, 6, 6, 6]",116.80207824707031,116.49247855709,0.2222210019826889,0.08738133311271667,True,122.20818328857422,52668255.231826566,4.213460418546125,4-4-3-6-6-6-6-5,3,5,1113,0
1,16,1,8,4,zero1,False,"['A6000', 'A10', 'A10', 'A10', 'A6000', 'A6000', 'A6000', 'A6000']","[7, 4, 3, 4, 6, 6, 6, 6]",116.89697265625,116.48905737308999,0.3205314576625824,0.08738133311271667,True,182.47303771972656,52711044.90678574,4.216883592542859,6-4-3-4-6-6-6-5,3,5,1115,0
1,16,1,8,4,zero1,False,"['A6000', 'A6000', 'A10', 'A10', 'A10', 'A6000', 'A6000', 'A6000']","[7, 6, 4, 3, 4, 6, 6, 6]",116.89697265625,116.48905737308999,0.3205314576625824,0.08738133311271667,True,182.47303771972656,52711044.90678574,4.216883592542859,6-6-4-3-4-6-6-5,3,5,1115,0
1,16,1,8,4,zero0,False,"['A6000', 'A6000', 'A6000', 'A10', 'A10', 'A10', 'A6000', 'A6000']","[7, 6, 6, 4, 3, 4, 6, 6]",116.89697265625,116.48905737309,0.3205314576625824,0.08738133311271667,True,197.6896209716797,52711044.90678574,4.216883592542859,6-6-6-4-3-4-6-5,3,5,1115,0
1,16,1,8,4,zero1,False,"['A6000', 'A6000', 'A6000', 'A6000', 'A10', 'A10', 'A10', 'A6000']","[7, 6, 6, 6, 4, 3, 4, 6]",116.89697265625,116.48905737309,0.3205314576625824,0.08738133311271667,True,182.47303771972656,52711044.90678574,4.216883592542859,6-6-6-6-4-3-4-5,3,5,1115,0
1,16,1,8,4,zero0,False,"['A6000', 'A6000', 'A6000', 'A6000', 'A10', 'A10', 'A10', 'A6000']","[7, 6, 6, 6, 4, 3, 4, 6]",116.89697265625,116.48905737309,0.3205314576625824,0.08738133311271667,True,197.6896209716797,52711044.90678574,4.216883592542859,6-6-6-6-4-3-4-5,3,5,1115,0
1,16,1,8,4,zero0,False,"['A6000', 'A6000', 'A10', 'A10', 'A10', 'A6000', 'A6000', 'A6000']","[7, 6, 4, 3, 4, 6, 6, 6]",116.89697265625,116.48905737308999,0.3205314576625824,0.08738133311271667,True,197.6896209716797,52711044.90678574,4.216883592542859,6-6-4-3-4-6-6-5,3,5,1115,0
1,16,1,8,4,zero1,False,"['A6000', 'A6000', 'A6000', 'A10', 'A10', 'A10', 'A6000', 'A6000']","[7, 6, 6, 4, 3, 4, 6, 6]",116.89697265625,116.48905737309,0.3205314576625824,0.08738133311271667,True,182.47303771972656,52711044.90678574,4.216883592542859,6-6-6-4-3-4-6-5,3,5,1115,0
1,16,1,8,4,zero0,False,"['A6000', 'A10', 'A10', 'A10', 'A6000', 'A6000', 'A6000', 'A6000']","[7, 4, 3, 4, 6, 6, 6, 6]",116.89697265625,116.48905737308999,0.3205314576625824,0.08738133311271667,True,197.6896209716797,52711044.90678574,4.216883592542859,6-4-3-4-6-6-6-5,3,5,1115,0
1,16,1,8,4,zero0,False,"['A10', 'A6000', 'A6000', 'A6000', 'A6000', 'A6000', 'A10', 'A10']","[5, 6, 6, 6, 6, 5, 4, 4]",117.27399444580078,116.96439017949001,0.2222210019826889,0.08738133311271667,True,132.81033325195312,52881051.12703482,4.230484090162785,4-6-6-6-6-5-4-3,3,5,1123,0
1,16,1,8,4,zero1,False,"['A10', 'A6000', 'A6000', 'A6000', 'A6000', 'A6000', 'A10', 'A10']","[5, 6, 6, 6, 6, 5, 4, 4]",117.27399444580078,116.96439017949001,0.2222210019826889,0.08738133311271667,True,122.20818328857422,52881051.12703482,4.230484090162785,4-6-6-6-6-5-4-3,3,5,1123,0
1,16,1,8,4,zero0,False,"['A10', 'A10', 'A6000', 'A6000', 'A6000', 'A6000', 'A6000', 'A10']","[5, 4, 6, 6, 6, 6, 5, 4]",117.27399444580078,116.96439017949,0.2222210019826889,0.08738133311271667,True,132.81033325195312,52881051.12703482,4.230484090162785,4-4-6-6-6-6-5-3,3,5,1123,0
1,16,1,8,4,zero1,False,"['A10', 'A10', 'A6000', 'A6000', 'A6000', 'A6000', 'A6000', 'A10']","[5, 4, 6, 6, 6, 6, 5, 4]",117.27399444580078,116.96439017949,0.2222210019826889,0.08738133311271667,True,122.20818328857422,52881051.12703482,4.230484090162785,4-4-6-6-6-6-5-3,3,5,1123,0
1,16,1,8,4,zero0,False,"['A6000', 'A6000', 'A6000', 'A6000', 'A6000', 'A10', 'A10', 'A10']","[7, 6, 6, 6, 5, 4, 4, 4]",117.36888122558594,116.96096899549,0.3205314576625824,0.08738133311271667,True,197.6896209716797,52923837.36175642,4.233906988940514,6-6-6-6-5-4-4-3,3,5,1127,0
1,16,1,8,4,zero1,False,"['A6000', 'A6000', 'A6000', 'A6000', 'A6000', 'A10', 'A10', 'A10']","[7, 6, 6, 6, 5, 4, 4, 4]",117.36888122558594,116.96096899549,0.3205314576625824,0.08738133311271667,True,182.47303771972656,52923837.36175642,4.233906988940514,6-6-6-6-5-4-4-3,3,5,1127,0
2,16,1,16,2,zero1,False,"['A10', 'A10', 'A10', 'A6000', 'A6000', 'A6000', 'A6000', 'A6000']","[3, 2, 2, 1, 2, 2, 3, 3, 3, 3, 3, 3, 3, 3, 3, 3]",122.3405990600586,122.21429989606236,0.08260700106620789,0.04369066655635834,True,120.9392318725586,55165678.49828773,4.413254279863018,2-2-2-1-2-2-3-3-3-3-3-3-3-3-3-2,3,5,1129,0
2,16,1,16,2,zero0,False,"['A10', 'A10', 'A10', 'A6000', 'A6000', 'A6000', 'A6000', 'A6000']","[3, 2, 2, 1, 2, 2, 3, 3, 3, 3, 3, 3, 3, 3, 3, 3]",122.3405990600586,122.21429989606236,0.08260700106620789,0.04369066655635834,True,124.93104553222656,55165678.49828773,4.413254279863018,2-2-2-1-2-2-3-3-3-3-3-3-3-3-3-2,3,5,1129,0
2,16,1,16,2,zero0,False,"['A6000', 'A10', 'A10', 'A10', 'A6000', 'A6000', 'A6000', 'A6000']","[4, 3, 2, 2, 2, 1, 2, 2, 3, 3, 3, 3, 3, 3, 3, 3]",122.36994934082031,122.21087871206235,0.11537717282772064,0.04369066655635834,True,185.87069702148438,55178913.09223916,4.4143130473791325,3-3-2-2-2-1-2-2-3-3-3-3-3-3-3-2,3,5,1131,0
2,16,1,16,2,zero1,False,"['A6000', 'A10', 'A10', 'A10', 'A6000', 'A6000', 'A6000', 'A6000']","[4, 3, 2, 2, 2, 1, 2, 2, 3, 3, 3, 3, 3, 3, 3, 3]",122.36994934082031,122.21087871206235,0.11537717282772064,0.04369066655635834,True,180.34072875976562,55178913.09223916,4.4143130473791325,3-3-2-2-2-1-2-2-3-3-3-3-3-3-3-2,3,5,1131,0
2,16,1,16,2,zero1,False,"['A6000', 'A6000', 'A6000', 'A6000', 'A10', 'A10', 'A10', 'A6000']","[4, 3, 3, 3, 3, 3, 3, 3, 2, 2, 2, 1, 2, 2, 3, 3]",122.36994934082031,122.21087871206238,0.11537717282772064,0.04369066655635834,True,180.34072875976562,55178913.09223916,4.4143130473791325,3-3-3-3-3-3-3-3-2-2-2-1-2-2-3-2,3,5,1131,0
2,16,1,16,2,zero0,False,"['A6000', 'A6000', 'A6000', 'A6000', 'A10', 'A10', 'A10', 'A6000']","[4, 3, 3, 3, 3, 3, 3, 3, 2, 2, 2, 1, 2, 2, 3, 3]",122.36994934082031,122.21087871206238,0.11537717282772064,0.04369066655635834,True,185.87069702148438,55178913.09223916,4.4143130473791325,3-3-3-3-3-3-3-3-2-2-2-1-2-2-3-2,3,5,1131,0
2,16,1,16,2,zero0,False,"['A6000', 'A6000', 'A6000', 'A10', 'A10', 'A10', 'A6000', 'A6000']","[4, 3, 3, 3, 3, 3, 2, 2, 2, 1, 2, 2, 3, 3, 3, 3]",122.36994934082031,122.21087871206237,0.11537717282772064,0.04369066655635834,True,185.87069702148438,55178913.09223916,4.4143130473791325,3-3-3-3-3-3-2-2-2-1-2-2-3-3-3-2,3,5,1131,0
2,16,1,16,2,zero0,False,"['A6000', 'A6000', 'A10', 'A10', 'A10', 'A6000', 'A6000', 'A6000']","[4, 3, 3, 3, 2, 2, 2, 1, 2, 2, 3, 3, 3, 3, 3, 3]",122.36994934082031,122.21087871206235,0.11537717282772064,0.04369066655635834,True,185.87069702148438,55178913.09223916,4.4143130473791325,3-3-3-3-2-2-2-1-2-2-3-3-3-3-3-2,3,5,1131,0
2,16,1,16,2,zero1,False,"['A6000', 'A6000', 'A10', 'A10', 'A10', 'A6000', 'A6000', 'A6000']","[4, 3, 3, 3, 2, 2, 2, 1, 2, 2, 3, 3, 3, 3, 3, 3]",122.36994934082031,122.21087871206235,0.11537717282772064,0.04369066655635834,True,180.34072875976562,55178913.09223916,4.4143130473791325,3-3-3-3-2-2-2-1-2-2-3-3-3-3-3-2,3,5,1131,0
2,16,1,16,2,zero1,False,"['A6000', 'A6000', 'A6000', 'A10', 'A10', 'A10', 'A6000', 'A6000']","[4, 3, 3, 3, 3, 3, 2, 2, 2, 1, 2, 2, 3, 3, 3, 3]",122.36994934082031,122.21087871206237,0.11537717282772064,0.04369066655635834,True,180.34072875976562,55178913.09223916,4.4143130473791325,3-3-3-3-3-3-2-2-2-1-2-2-3-3-3-2,3,5,1131,0
2,16,1,16,2,zero1,False,"['A10', 'A10', 'A6000', 'A6000', 'A6000', 'A6000', 'A6000', 'A10']","[3, 2, 2, 2, 3, 3, 3, 3, 3, 3, 3, 3, 3, 2, 2, 2]",122.83722686767578,122.71093233766236,0.08260700106620789,0.04369066655635834,True,120.9392318725586,55389617.32300175,4.43116938584014,2-2-2-2-3-3-3-3-3-3-3-3-3-2-2-1,3,5,1139,0
2,16,1,16,2,zero0,False,"['A10', 'A10', 'A6000', 'A6000', 'A6000', 'A6000', 'A6000', 'A10']","[3, 2, 2, 2, 3, 3, 3, 3, 3, 3, 3, 3, 3, 2, 2, 2]",122.83722686767578,122.71093233766236,0.08260700106620789,0.04369066655635834,True,124.93104553222656,55389617.32300175,4.43116938584014,2-2-2-2-3-3-3-3-3-3-3-3-3-2-2-1,3,5,1139,0
2,16,1,16,2,zero1,False,"['A10', 'A6000', 'A6000', 'A6000', 'A6000', 'A6000', 'A10', 'A10']","[3, 2, 3, 3, 3, 3, 3, 3, 3, 3, 3, 2, 2, 2, 2, 2]",122.83722686767578,122.71093233766238,0.08260700106620789,0.04369066655635834,True,120.9392318725586,55389617.32300175,4.43116938584014,2-2-3-3-3-3-3-3-3-3-3-2-2-2-2-1,3,5,1139,0
2,16,1,16,2,zero0,False,"['A10', 'A6000', 'A6000', 'A6000', 'A6000', 'A6000', 'A10', 'A10']","[3, 2, 3, 3, 3, 3, 3, 3, 3, 3, 3, 2, 2, 2, 2, 2]",122.83722686767578,122.71093233766238,0.08260700106620789,0.04369066655635834,True,124.93104553222656,55389617.32300175,4.43116938584014,2-2-3-3-3-3-3-3-3-3-3-2-2-2-2-1,3,5,1139,0
2,16,1,16,2,zero1,False,"['A6000', 'A6000', 'A6000', 'A6000', 'A6000', 'A10', 'A10', 'A10']","[4, 3, 3, 3, 3, 3, 3, 3, 3, 2, 2, 2, 2, 2, 2, 2]",122.86658477783203,122.7075111536624,0.11537717282772064,0.04369066655635834,True,180.34072875976562,55402855.35719076,4.432228428575261,3-3-3-3-3-3-3-3-3-2-2-2-2-2-2-1,3,5,1143,0
2,16,1,16,2,zero0,False,"['A6000', 'A6000', 'A6000', 'A6000', 'A6000', 'A10', 'A10', 'A10']","[4, 3, 3, 3, 3, 3, 3, 3, 3, 2, 2, 2, 2, 2, 2, 2]",122.86658477783203,122.7075111536624,0.11537717282772064,0.04369066655635834,True,185.87069702148438,55402855.35719076,4.432228428575261,3-3-3-3-3-3-3-3-3-2-2-2-2-2-2-1,3,5,1143,0
4,16,1,32,1,zero1,False,"['A10', 'A10', 'A10', 'A6000', 'A6000', 'A6000', 'A6000', 'A6000']","[2, 1, 1, 1, 1, 1, 1, 1, 1, 1, 1, 1, 2, 2, 1, 2, 2, 2, 1, 1, 2, 1, 1, 1, 2, 1, 1, 1, 2, 1, 1, 2]",129.05430603027344,129.03244867417493,0.0,0.02184533327817917,True,120.99140167236328,58193015.319392934,4.655441225551435,1-1-1-1-1-1-1-1-1-1-1-1-2-2-1-2-2-2-1-1-2-1-1-1-2-1-1-1-2-1-1-1,3,5,1145,0
4,16,1,32,1,zero0,False,"['A10', 'A10', 'A10', 'A6000', 'A6000', 'A6000', 'A6000', 'A6000']","[2, 1, 1, 1, 1, 1, 1, 1, 1, 1, 1, 1, 2, 2, 1, 2, 2, 2, 1, 1, 2, 1, 1, 1, 2, 1, 1, 1, 2, 1, 1, 2]",129.05430603027344,129.03244867417493,0.0,0.02184533327817917,True,120.99140167236328,58193015.319392934,4.655441225551435,1-1-1-1-1-1-1-1-1-1-1-1-2-2-1-2-2-2-1-1-2-1-1-1-2-1-1-1-2-1-1-1,3,5,1145,0
4,16,1,32,1,zero0,False,"['A6000', 'A6000', 'A6000', 'A6000', 'A10', 'A10', 'A10', 'A6000']","[3, 1, 2, 1, 2, 1, 2, 2, 2, 1, 1, 1, 2, 1, 1, 1, 1, 1, 1, 1, 1, 1, 1, 1, 1, 1, 1, 1, 2, 1, 1, 2]",129.11181640625,129.0899632213749,0.0,0.02184533327817917,True,238.93104553222656,58218947.8302341,4.657515826418728,2-1-2-1-2-1-2-2-2-1-1-1-2-1-1-1-1-1-1-1-1-1-1-1-1-1-1-1-2-1-1-1,3,5,1147,0
4,16,1,32,1,zero0,False,"['A6000', 'A6000', 'A10', 'A10', 'A10', 'A6000', 'A6000', 'A6000']","[3, 1, 2, 1, 2, 1, 2, 2, 1, 1, 1, 1, 1, 1, 1, 1, 1, 1, 1, 1, 2, 1, 1, 1, 2, 1, 1, 1, 2, 1, 1, 2]",129.11181640625,129.08996322137492,0.0,0.02184533327817917,True,238.93104553222656,58218947.8302341,4.657515826418728,2-1-2-1-2-1-2-2-1-1-1-1-1-1-1-1-1-1-1-1-2-1-1-1-2-1-1-1-2-1-1-1,3,5,1147,0
4,16,1,32,1,zero1,False,"['A6000', 'A6000', 'A10', 'A10', 'A10', 'A6000', 'A6000', 'A6000']","[3, 1, 2, 1, 2, 1, 2, 2, 1, 1, 1, 1, 1, 1, 1, 1, 1, 1, 1, 1, 2, 1, 1, 1, 2, 1, 1, 1, 2, 1, 1, 2]",129.11181640625,129.08996322137492,0.0,0.02184533327817917,True,238.93104553222656,58218947.8302341,4.657515826418728,2-1-2-1-2-1-2-2-1-1-1-1-1-1-1-1-1-1-1-1-2-1-1-1-2-1-1-1-2-1-1-1,3,5,1147,0
4,16,1,32,1,zero0,False,"['A6000', 'A10', 'A10', 'A10', 'A6000', 'A6000', 'A6000', 'A6000']","[3, 2, 1, 2, 1, 1, 1, 1, 1, 1, 1, 1, 1, 1, 1, 1, 2, 2, 1, 1, 2, 1, 1, 1, 2, 1, 1, 1, 2, 1, 1, 2]",129.11181640625,129.08996322137492,0.0,0.02184533327817917,True,238.93104553222656,58218947.8302341,4.657515826418728,2-2-1-2-1-1-1-1-1-1-1-1-1-1-1-1-2-2-1-1-2-1-1-1-2-1-1-1-2-1-1-1,3,5,1147,0
4,16,1,32,1,zero1,False,"['A6000', 'A6000', 'A6000', 'A10', 'A10', 'A10', 'A6000', 'A6000']","[3, 1, 2, 1, 2, 1, 2, 2, 2, 1, 1, 1, 1, 1, 1, 1, 1, 1, 1, 1, 1, 1, 1, 1, 2, 1, 1, 1, 2, 1, 1, 2]",129.11181640625,129.0899632213749,0.0,0.02184533327817917,True,238.93104553222656,58218947.8302341,4.657515826418728,2-1-2-1-2-1-2-2-2-1-1-1-1-1-1-1-1-1-1-1-1-1-1-1-2-1-1-1-2-1-1-1,3,5,1147,0
4,16,1,32,1,zero1,False,"['A6000', 'A10', 'A10', 'A10', 'A6000', 'A6000', 'A6000', 'A6000']","[3, 2, 1, 2, 1, 1, 1, 1, 1, 1, 1, 1, 1, 1, 1, 1, 2, 2, 1, 1, 2, 1, 1, 1, 2, 1, 1, 1, 2, 1, 1, 2]",129.11181640625,129.08996322137492,0.0,0.02184533327817917,True,238.93104553222656,58218947.8302341,4.657515826418728,2-2-1-2-1-1-1-1-1-1-1-1-1-1-1-1-2-2-1-1-2-1-1-1-2-1-1-1-2-1-1-1,3,5,1147,0
4,16,1,32,1,zero1,False,"['A6000', 'A6000', 'A6000', 'A6000', 'A10', 'A10', 'A10', 'A6000']","[3, 1, 2, 1, 2, 1, 2, 2, 2, 1, 1, 1, 2, 1, 1, 1, 1, 1, 1, 1, 1, 1, 1, 1, 1, 1, 1, 1, 2, 1, 1, 2]",129.11181640625,129.0899632213749,0.0,0.02184533327817917,True,238.93104553222656,58218947.8302341,4.657515826418728,2-1-2-1-2-1-2-2-2-1-1-1-2-1-1-1-1-1-1-1-1-1-1-1-1-1-1-1-2-1-1-1,3,5,1147,0
4,16,1,32,1,zero0,False,"['A6000', 'A6000', 'A6000', 'A10', 'A10', 'A10', 'A6000', 'A6000']","[3, 1, 2, 1, 2, 1, 2, 2, 2, 1, 1, 1, 1, 1, 1, 1, 1, 1, 1, 1, 1, 1, 1, 1, 2, 1, 1, 1, 2, 1, 1, 2]",129.11181640625,129.0899632213749,0.0,0.02184533327817917,True,238.93104553222656,58218947.8302341,4.657515826418728,2-1-2-1-2-1-2-2-2-1-1-1-1-1-1-1-1-1-1-1-1-1-1-1-2-1-1-1-2-1-1-1,3,5,1147,0
4,16,1,32,1,zero0,False,"['A6000', 'A6000', 'A6000', 'A6000', 'A6000', 'A10', 'A10', 'A10']","[3, 1, 2, 1, 2, 1, 2, 2, 2, 1, 1, 1, 2, 1, 1, 1, 2, 1, 1, 1, 1, 1, 1, 1, 1, 1, 1, 1, 1, 1, 1, 2]",133.50547790527344,133.4836283750373,0.0,0.02184533327817917,True,238.93104553222656,60200132.48641225,4.81601059891298,2-1-2-1-2-1-2-2-2-1-1-1-2-1-1-1-2-1-1-1-1-1-1-1-1-1-1-1-1-1-1-1,3,5,1155,0
4,16,1,32,1,zero1,False,"['A6000', 'A6000', 'A6000', 'A6000', 'A6000', 'A10', 'A10', 'A10']","[3, 1, 2, 1, 2, 1, 2, 2, 2, 1, 1, 1, 2, 1, 1, 1, 2, 1, 1, 1, 1, 1, 1, 1, 1, 1, 1, 1, 1, 1, 1, 2]",133.50547790527344,133.4836283750373,0.0,0.02184533327817917,True,238.93104553222656,60200132.48641225,4.81601059891298,2-1-2-1-2-1-2-2-2-1-1-1-2-1-1-1-2-1-1-1-1-1-1-1-1-1-1-1-1-1-1-1,3,5,1155,0
4,16,1,32,1,zero0,False,"['A10', 'A10', 'A6000', 'A6000', 'A6000', 'A6000', 'A6000', 'A10']","[2, 1, 1, 1, 1, 1, 1, 1, 2, 2, 1, 2, 2, 2, 1, 1, 2, 1, 1, 1, 2, 1, 1, 1, 2, 1, 1, 1, 1, 1, 1, 2]",133.50889587402344,133.4870495590373,0.0,0.02184533327817917,True,120.99140167236328,60201673.71284591,4.816133897027672,1-1-1-1-1-1-1-1-2-2-1-2-2-2-1-1-2-1-1-1-2-1-1-1-2-1-1-1-1-1-1-1,3,5,1157,0
4,16,1,32,1,zero0,False,"['A10', 'A6000', 'A6000', 'A6000', 'A6000', 'A6000', 'A10', 'A10']","[2, 1, 1, 1, 2, 2, 1, 2, 2, 2, 1, 1, 2, 1, 1, 1, 2, 1, 1, 1, 2, 1, 1, 1, 1, 1, 1, 1, 1, 1, 1, 2]",133.50889587402344,133.4870495590373,0.0,0.02184533327817917,True,120.99140167236328,60201673.71284591,4.816133897027672,1-1-1-1-2-2-1-2-2-2-1-1-2-1-1-1-2-1-1-1-2-1-1-1-1-1-1-1-1-1-1-1,3,5,1157,0
4,16,1,32,1,zero1,False,"['A10', 'A6000', 'A6000', 'A6000', 'A6000', 'A6000', 'A10', 'A10']","[2, 1, 1, 1, 2, 2, 1, 2, 2, 2, 1, 1, 2, 1, 1, 1, 2, 1, 1, 1, 2, 1, 1, 1, 1, 1, 1, 1, 1, 1, 1, 2]",133.50889587402344,133.4870495590373,0.0,0.02184533327817917,True,120.99140167236328,60201673.71284591,4.816133897027672,1-1-1-1-2-2-1-2-2-2-1-1-2-1-1-1-2-1-1-1-2-1-1-1-1-1-1-1-1-1-1-1,3,5,1157,0
4,16,1,32,1,zero1,False,"['A10', 'A10', 'A6000', 'A6000', 'A6000', 'A6000', 'A6000', 'A10']","[2, 1, 1, 1, 1, 1, 1, 1, 2, 2, 1, 2, 2, 2, 1, 1, 2, 1, 1, 1, 2, 1, 1, 1, 2, 1, 1, 1, 1, 1, 1, 2]",133.50889587402344,133.4870495590373,0.0,0.02184533327817917,True,120.99140167236328,60201673.71284591,4.816133897027672,1-1-1-1-1-1-1-1-2-2-1-2-2-2-1-1-2-1-1-1-2-1-1-1-2-1-1-1-1-1-1-1,3,5,1157,0
1,32,2,8,2,zero0,False,"['A10', 'A10', 'A10', 'A6000', 'A6000', 'A6000', 'A6000', 'A6000']","[4, 4, 4, 6, 6, 6, 6, 6]",154.9443817138672,154.85630825657998,0.0662219226360321,0.02184533327817917,True,104.63094329833984,69867337.68196635,5.589387014557308,3-4-4-6-6-6-6-5,3,5,1161,0
1,32,2,8,2,zero1,False,"['A10', 'A10', 'A10', 'A6000', 'A6000', 'A6000', 'A6000', 'A6000']","[4, 4, 4, 6, 6, 6, 6, 6]",154.9443817138672,154.85630825657998,0.0662219226360321,0.02184533327817917,True,101.86587524414062,69867337.68196635,5.589387014557308,3-4-4-6-6-6-6-5,3,5,1161,0
1,32,2,8,2,zero1,False,"['A6000', 'A10', 'A10', 'A10', 'A6000', 'A6000', 'A6000', 'A6000']","[7, 4, 3, 4, 6, 6, 6, 6]",154.97250366210938,154.83527652537998,0.11537715792655945,0.02184533327817917,True,202.66363525390625,69880018.3976682,5.590401471813456,6-4-3-4-6-6-6-5,3,5,1163,0
1,32,2,8,2,zero0,False,"['A6000', 'A6000', 'A10', 'A10', 'A10', 'A6000', 'A6000', 'A6000']","[7, 6, 4, 3, 4, 6, 6, 6]",154.97250366210938,154.83527652537998,0.11537715792655945,0.02184533327817917,True,207.7360076904297,69880018.3976682,5.590401471813456,6-6-4-3-4-6-6-5,3,5,1163,0
1,32,2,8,2,zero1,False,"['A6000', 'A6000', 'A10', 'A10', 'A10', 'A6000', 'A6000', 'A6000']","[7, 6, 4, 3, 4, 6, 6, 6]",154.97250366210938,154.83527652537998,0.11537715792655945,0.02184533327817917,True,202.66363525390625,69880018.3976682,5.590401471813456,6-6-4-3-4-6-6-5,3,5,1163,0
1,32,2,8,2,zero0,False,"['A6000', 'A6000', 'A6000', 'A6000', 'A10', 'A10', 'A10', 'A6000']","[7, 6, 6, 6, 4, 3, 4, 6]",154.97250366210938,154.83527652537998,0.11537715792655945,0.02184533327817917,True,207.7360076904297,69880018.3976682,5.590401471813456,6-6-6-6-4-3-4-5,3,5,1163,0
1,32,2,8,2,zero1,False,"['A6000', 'A6000', 'A6000', 'A6000', 'A10', 'A10', 'A10', 'A6000']","[7, 6, 6, 6, 4, 3, 4, 6]",154.97250366210938,154.83527652537998,0.11537715792655945,0.02184533327817917,True,202.66363525390625,69880018.3976682,5.590401471813456,6-6-6-6-4-3-4-5,3,5,1163,0
1,32,2,8,2,zero0,False,"['A6000', 'A6000', 'A6000', 'A10', 'A10', 'A10', 'A6000', 'A6000']","[7, 6, 6, 4, 3, 4, 6, 6]",154.97250366210938,154.83527652537998,0.11537715792655945,0.02184533327817917,True,207.7360076904297,69880018.3976682,5.590401471813456,6-6-6-4-3-4-6-5,3,5,1163,0
1,32,2,8,2,zero1,False,"['A6000', 'A6000', 'A6000', 'A10', 'A10', 'A10', 'A6000', 'A6000']","[7, 6, 6, 4, 3, 4, 6, 6]",154.97250366210938,154.83527652537998,0.11537715792655945,0.02184533327817917,True,202.66363525390625,69880018.3976682,5.590401471813456,6-6-6-4-3-4-6-5,3,5,1163,0
1,32,2,8,2,zero0,False,"['A6000', 'A10', 'A10', 'A10', 'A6000', 'A6000', 'A6000', 'A6000']","[7, 4, 3, 4, 6, 6, 6, 6]",154.97250366210938,154.83527652537998,0.11537715792655945,0.02184533327817917,True,207.7360076904297,69880018.3976682,5.590401471813456,6-4-3-4-6-6-6-5,3,5,1163,0
1,32,2,8,2,zero1,False,"['A6000', 'A6000', 'A6000', 'A6000', 'A6000', 'A10', 'A10', 'A10']","[6, 6, 6, 6, 6, 4, 4, 4]",155.30282592773438,155.18197486777996,0.09899207949638367,0.02184533327817917,True,169.06439208984375,70028966.92372003,5.602317353897603,5-6-6-6-6-4-4-3,3,5,1171,0
1,32,2,8,2,zero0,False,"['A6000', 'A6000', 'A6000', 'A6000', 'A6000', 'A10', 'A10', 'A10']","[6, 6, 6, 6, 6, 4, 4, 4]",155.30282592773438,155.18197486777996,0.09899207949638367,0.02184533327817917,True,173.36764526367188,70028966.92372003,5.602317353897603,5-6-6-6-6-4-4-3,3,5,1171,0
1,32,2,8,2,zero0,False,"['A10', 'A6000', 'A6000', 'A6000', 'A6000', 'A6000', 'A10', 'A10']","[5, 6, 6, 6, 6, 5, 4, 4]",155.30746459960938,155.20300659897998,0.08260700106620789,0.02184533327817917,True,138.99929809570312,70031058.5881657,5.602484687053256,4-6-6-6-6-5-4-3,3,5,1173,0
1,32,2,8,2,zero1,False,"['A10', 'A10', 'A6000', 'A6000', 'A6000', 'A6000', 'A6000', 'A10']","[5, 4, 6, 6, 6, 6, 5, 4]",155.30746459960938,155.20300659897998,0.08260700106620789,0.02184533327817917,True,135.4651336669922,70031058.5881657,5.602484687053256,4-4-6-6-6-6-5-3,3,5,1173,0
1,32,2,8,2,zero0,False,"['A10', 'A10', 'A6000', 'A6000', 'A6000', 'A6000', 'A6000', 'A10']","[5, 4, 6, 6, 6, 6, 5, 4]",155.30746459960938,155.20300659897998,0.08260700106620789,0.02184533327817917,True,138.99929809570312,70031058.5881657,5.602484687053256,4-4-6-6-6-6-5-3,3,5,1173,0
1,32,2,8,2,zero1,False,"['A10', 'A6000', 'A6000', 'A6000', 'A6000', 'A6000', 'A10', 'A10']","[5, 6, 6, 6, 6, 5, 4, 4]",155.30746459960938,155.20300659897998,0.08260700106620789,0.02184533327817917,True,135.4651336669922,70031058.5881657,5.602484687053256,4-6-6-6-6-5-4-3,3,5,1173,0
2,32,2,16,1,zero1,False,"['A6000', 'A6000', 'A10', 'A10', 'A10', 'A6000', 'A6000', 'A6000']","[4, 3, 3, 3, 2, 2, 2, 1, 2, 2, 3, 3, 3, 3, 3, 3]",162.37432861328125,162.36340772914983,0.0,0.010922666639089584,True,204.19345092773438,73217640.56638505,5.857411245310804,3-3-3-3-2-2-2-1-2-2-3-3-3-3-3-2,3,5,1177,0
2,32,2,16,1,zero1,False,"['A6000', 'A6000', 'A6000', 'A6000', 'A10', 'A10', 'A10', 'A6000']","[4, 3, 3, 3, 3, 3, 3, 3, 2, 2, 2, 1, 2, 2, 3, 3]",162.37432861328125,162.36340772914983,0.0,0.010922666639089584,True,204.19345092773438,73217640.56638505,5.857411245310804,3-3-3-3-3-3-3-3-2-2-2-1-2-2-3-2,3,5,1177,0
2,32,2,16,1,zero1,False,"['A6000', 'A10', 'A10', 'A10', 'A6000', 'A6000', 'A6000', 'A6000']","[4, 3, 2, 2, 2, 1, 2, 2, 3, 3, 3, 3, 3, 3, 3, 3]",162.37432861328125,162.36340772914983,0.0,0.010922666639089584,True,204.19345092773438,73217640.56638505,5.857411245310804,3-3-2-2-2-1-2-2-3-3-3-3-3-3-3-2,3,5,1177,0
2,32,2,16,1,zero0,False,"['A6000', 'A6000', 'A6000', 'A6000', 'A10', 'A10', 'A10', 'A6000']","[4, 3, 3, 3, 3, 3, 3, 3, 2, 2, 2, 1, 2, 2, 3, 3]",162.37432861328125,162.36340772914983,0.0,0.010922666639089584,True,204.19345092773438,73217640.56638505,5.857411245310804,3-3-3-3-3-3-3-3-2-2-2-1-2-2-3-2,3,5,1177,0
2,32,2,16,1,zero0,False,"['A6000', 'A6000', 'A6000', 'A10', 'A10', 'A10', 'A6000', 'A6000']","[4, 3, 3, 3, 3, 3, 2, 2, 2, 1, 2, 2, 3, 3, 3, 3]",162.37432861328125,162.3634077291498,0.0,0.010922666639089584,True,204.19345092773438,73217640.56638505,5.857411245310804,3-3-3-3-3-3-2-2-2-1-2-2-3-3-3-2,3,5,1177,0
2,32,2,16,1,zero0,False,"['A6000', 'A10', 'A10', 'A10', 'A6000', 'A6000', 'A6000', 'A6000']","[4, 3, 2, 2, 2, 1, 2, 2, 3, 3, 3, 3, 3, 3, 3, 3]",162.37432861328125,162.36340772914983,0.0,0.010922666639089584,True,204.19345092773438,73217640.56638505,5.857411245310804,3-3-2-2-2-1-2-2-3-3-3-3-3-3-3-2,3,5,1177,0
2,32,2,16,1,zero0,False,"['A6000', 'A6000', 'A10', 'A10', 'A10', 'A6000', 'A6000', 'A6000']","[4, 3, 3, 3, 2, 2, 2, 1, 2, 2, 3, 3, 3, 3, 3, 3]",162.37432861328125,162.36340772914983,0.0,0.010922666639089584,True,204.19345092773438,73217640.56638505,5.857411245310804,3-3-3-3-2-2-2-1-2-2-3-3-3-3-3-2,3,5,1177,0
2,32,2,16,1,zero1,False,"['A6000', 'A6000', 'A6000', 'A10', 'A10', 'A10', 'A6000', 'A6000']","[4, 3, 3, 3, 3, 3, 2, 2, 2, 1, 2, 2, 3, 3, 3, 3]",162.37432861328125,162.3634077291498,0.0,0.010922666639089584,True,204.19345092773438,73217640.56638505,5.857411245310804,3-3-3-3-3-3-2-2-2-1-2-2-3-3-3-2,3,5,1177,0
2,32,2,16,1,zero0,False,"['A10', 'A10', 'A10', 'A6000', 'A6000', 'A6000', 'A6000', 'A6000']","[2, 2, 2, 2, 2, 2, 3, 3, 3, 3, 3, 3, 3, 3, 3, 3]",162.39537048339844,162.38443946034985,0.0,0.010922666639089584,True,69.08173370361328,73227128.7416172,5.858170299329376,1-2-2-2-2-2-3-3-3-3-3-3-3-3-3-2,3,5,1185,0
2,32,2,16,1,zero1,False,"['A10', 'A10', 'A10', 'A6000', 'A6000', 'A6000', 'A6000', 'A6000']","[2, 2, 2, 2, 2, 2, 3, 3, 3, 3, 3, 3, 3, 3, 3, 3]",162.39537048339844,162.38443946034985,0.0,0.010922666639089584,True,69.08173370361328,73227128.7416172,5.858170299329376,1-2-2-2-2-2-3-3-3-3-3-3-3-3-3-2,3,5,1185,0
2,32,2,16,1,zero0,False,"['A6000', 'A6000', 'A6000', 'A6000', 'A6000', 'A10', 'A10', 'A10']","[3, 3, 3, 3, 3, 3, 3, 3, 3, 3, 2, 2, 2, 2, 2, 2]",162.9656982421875,162.95477379532477,0.0,0.010922666639089584,True,136.63758850097656,73484300.26130676,5.8787440209045405,2-3-3-3-3-3-3-3-3-3-2-2-2-2-2-1,3,5,1187,0
2,32,2,16,1,zero1,False,"['A6000', 'A6000', 'A6000', 'A6000', 'A6000', 'A10', 'A10', 'A10']","[3, 3, 3, 3, 3, 3, 3, 3, 3, 3, 2, 2, 2, 2, 2, 2]",162.9656982421875,162.95477379532477,0.0,0.010922666639089584,True,136.63758850097656,73484300.26130676,5.8787440209045405,2-3-3-3-3-3-3-3-3-3-2-2-2-2-2-1,3,5,1187,0
2,32,2,16,1,zero1,False,"['A10', 'A10', 'A6000', 'A6000', 'A6000', 'A6000', 'A6000', 'A10']","[3, 2, 2, 2, 3, 3, 3, 3, 3, 3, 3, 3, 3, 2, 2, 2]",163.0521240234375,163.04120336434985,0.0,0.010922666639089584,True,136.63758850097656,73523271.27255757,5.881861701804605,2-2-2-2-3-3-3-3-3-3-3-3-3-2-2-1,3,5,1189,0
2,32,2,16,1,zero1,False,"['A10', 'A6000', 'A6000', 'A6000', 'A6000', 'A6000', 'A10', 'A10']","[3, 2, 3, 3, 3, 3, 3, 3, 3, 3, 3, 2, 2, 2, 2, 2]",163.0521240234375,163.04120336434985,0.0,0.010922666639089584,True,136.63758850097656,73523271.27255757,5.881861701804605,2-2-3-3-3-3-3-3-3-3-3-2-2-2-2-1,3,5,1189,0
2,32,2,16,1,zero0,False,"['A10', 'A6000', 'A6000', 'A6000', 'A6000', 'A6000', 'A10', 'A10']","[3, 2, 3, 3, 3, 3, 3, 3, 3, 3, 3, 2, 2, 2, 2, 2]",163.0521240234375,163.04120336434985,0.0,0.010922666639089584,True,136.63758850097656,73523271.27255757,5.881861701804605,2-2-3-3-3-3-3-3-3-3-3-2-2-2-2-1,3,5,1189,0
2,32,2,16,1,zero0,False,"['A10', 'A10', 'A6000', 'A6000', 'A6000', 'A6000', 'A6000', 'A10']","[3, 2, 2, 2, 3, 3, 3, 3, 3, 3, 3, 3, 3, 2, 2, 2]",163.0521240234375,163.04120336434985,0.0,0.010922666639089584,True,136.63758850097656,73523271.27255757,5.881861701804605,2-2-2-2-3-3-3-3-3-3-3-3-3-2-2-1,3,5,1189,0
1,64,4,8,1,zero0,False,"['A6000', 'A10', 'A10', 'A10', 'A6000', 'A6000', 'A6000', 'A6000']","[6, 4, 3, 4, 6, 6, 6, 7]",183.83966064453125,183.83419329395994,0.0,0.005461333319544792,True,211.11788940429688,82896762.74489932,6.631741019591946,5-4-3-4-6-6-6-6,3,5,1193,0
1,64,4,8,1,zero1,False,"['A6000', 'A6000', 'A10', 'A10', 'A10', 'A6000', 'A6000', 'A6000']","[6, 6, 4, 3, 4, 6, 6, 7]",183.83966064453125,183.83419329395994,0.0,0.005461333319544792,True,211.11788940429688,82896762.74489932,6.631741019591946,5-6-4-3-4-6-6-6,3,5,1193,0
1,64,4,8,1,zero0,False,"['A6000', 'A6000', 'A6000', 'A6000', 'A10', 'A10', 'A10', 'A6000']","[6, 6, 6, 6, 4, 3, 4, 7]",183.83966064453125,183.8341932939599,0.0,0.005461333319544792,True,211.11788940429688,82896762.74489932,6.631741019591946,5-6-6-6-4-3-4-6,3,5,1193,0
1,64,4,8,1,zero1,False,"['A6000', 'A6000', 'A6000', 'A6000', 'A10', 'A10', 'A10', 'A6000']","[6, 6, 6, 6, 4, 3, 4, 7]",183.83966064453125,183.8341932939599,0.0,0.005461333319544792,True,211.11788940429688,82896762.74489932,6.631741019591946,5-6-6-6-4-3-4-6,3,5,1193,0
1,64,4,8,1,zero0,False,"['A6000', 'A6000', 'A10', 'A10', 'A10', 'A6000', 'A6000', 'A6000']","[6, 6, 4, 3, 4, 6, 6, 7]",183.83966064453125,183.83419329395994,0.0,0.005461333319544792,True,211.11788940429688,82896762.74489932,6.631741019591946,5-6-4-3-4-6-6-6,3,5,1193,0
1,64,4,8,1,zero0,False,"['A6000', 'A6000', 'A6000', 'A10', 'A10', 'A10', 'A6000', 'A6000']","[6, 6, 6, 4, 3, 4, 6, 7]",183.83966064453125,183.83419329395994,0.0,0.005461333319544792,True,211.11788940429688,82896762.74489932,6.631741019591946,5-6-6-4-3-4-6-6,3,5,1193,0
1,64,4,8,1,zero1,False,"['A6000', 'A6000', 'A6000', 'A10', 'A10', 'A10', 'A6000', 'A6000']","[6, 6, 6, 4, 3, 4, 6, 7]",183.83966064453125,183.83419329395994,0.0,0.005461333319544792,True,211.11788940429688,82896762.74489932,6.631741019591946,5-6-6-4-3-4-6-6,3,5,1193,0
1,64,4,8,1,zero1,False,"['A6000', 'A10', 'A10', 'A10', 'A6000', 'A6000', 'A6000', 'A6000']","[6, 4, 3, 4, 6, 6, 6, 7]",183.83966064453125,183.83419329395994,0.0,0.005461333319544792,True,211.11788940429688,82896762.74489932,6.631741019591946,5-4-3-4-6-6-6-6,3,5,1193,0
1,64,4,8,1,zero1,False,"['A10', 'A10', 'A10', 'A6000', 'A6000', 'A6000', 'A6000', 'A6000']","[4, 4, 4, 6, 6, 6, 5, 7]",183.856689453125,183.85121954675992,0.0,0.005461333319544792,True,126.97591400146484,82904441.35516696,6.632355308413357,3-4-4-6-6-6-5-6,3,5,1201,0
1,64,4,8,1,zero0,False,"['A10', 'A10', 'A10', 'A6000', 'A6000', 'A6000', 'A6000', 'A6000']","[4, 4, 4, 6, 6, 6, 5, 7]",183.856689453125,183.85121954675992,0.0,0.005461333319544792,True,126.97591400146484,82904441.35516696,6.632355308413357,3-4-4-6-6-6-5-6,3,5,1201,0
1,64,4,8,1,zero0,False,"['A6000', 'A6000', 'A6000', 'A6000', 'A6000', 'A10', 'A10', 'A10']","[6, 6, 6, 6, 6, 4, 4, 4]",184.14671325683594,184.14124378995993,0.0,0.005461333319544792,True,211.11788940429688,83035218.54634708,6.642817483707766,5-6-6-6-6-4-4-3,3,5,1203,0
1,64,4,8,1,zero1,False,"['A6000', 'A6000', 'A6000', 'A6000', 'A6000', 'A10', 'A10', 'A10']","[6, 6, 6, 6, 6, 4, 4, 4]",184.14671325683594,184.14124378995993,0.0,0.005461333319544792,True,211.11788940429688,83035218.54634708,6.642817483707766,5-6-6-6-6-4-4-3,3,5,1203,0
1,64,4,8,1,zero1,False,"['A10', 'A6000', 'A6000', 'A6000', 'A6000', 'A6000', 'A10', 'A10']","[4, 6, 6, 6, 6, 5, 4, 5]",184.16372680664062,184.1582700427599,0.0,0.005461333319544792,True,126.97591400146484,83042890.27613957,6.6434312220911655,3-6-6-6-6-5-4-4,3,5,1205,0
1,64,4,8,1,zero0,False,"['A10', 'A6000', 'A6000', 'A6000', 'A6000', 'A6000', 'A10', 'A10']","[4, 6, 6, 6, 6, 5, 4, 5]",184.16372680664062,184.1582700427599,0.0,0.005461333319544792,True,126.97591400146484,83042890.27613957,6.6434312220911655,3-6-6-6-6-5-4-4,3,5,1205,0
1,64,4,8,1,zero0,False,"['A10', 'A10', 'A6000', 'A6000', 'A6000', 'A6000', 'A6000', 'A10']","[4, 4, 6, 6, 6, 6, 5, 5]",184.16372680664062,184.1582700427599,0.0,0.005461333319544792,True,126.97591400146484,83042890.27613957,6.6434312220911655,3-4-6-6-6-6-5-4,3,5,1205,0
1,64,4,8,1,zero1,False,"['A10', 'A10', 'A6000', 'A6000', 'A6000', 'A6000', 'A6000', 'A10']","[4, 4, 6, 6, 6, 6, 5, 5]",184.16372680664062,184.1582700427599,0.0,0.005461333319544792,True,126.97591400146484,83042890.27613957,6.6434312220911655,3-4-6-6-6-6-5-4,3,5,1205,0
1,32,1,16,2,zero1,False,"['A10', 'A10', 'A10', 'A6000', 'A6000', 'A6000', 'A6000', 'A6000']","[3, 2, 2, 1, 2, 2, 3, 3, 3, 3, 3, 3, 3, 3, 3, 3]",232.84896850585938,232.7226733419498,0.08260700106620789,0.04369066655635834,True,120.9392318725586,104995981.98751871,8.399678559001497,2-2-2-1-2-2-3-3-3-3-3-3-3-3-3-2,3,5,1209,0
1,32,1,16,2,zero0,False,"['A10', 'A10', 'A10', 'A6000', 'A6000', 'A6000', 'A6000', 'A6000']","[3, 2, 2, 1, 2, 2, 3, 3, 3, 3, 3, 3, 3, 3, 3, 3]",232.84896850585938,232.7226733419498,0.08260700106620789,0.04369066655635834,True,124.93104553222656,104995981.98751871,8.399678559001497,2-2-2-1-2-2-3-3-3-3-3-3-3-3-3-2,3,5,1209,0
1,32,1,16,2,zero1,False,"['A6000', 'A6000', 'A6000', 'A10', 'A10', 'A10', 'A6000', 'A6000']","[4, 3, 3, 3, 3, 3, 2, 2, 2, 1, 2, 2, 3, 3, 3, 3]",232.87489318847656,232.71583097394983,0.11537717282772064,0.04369066655635834,True,180.34072875976562,105007671.91479895,8.400613753183915,3-3-3-3-3-3-2-2-2-1-2-2-3-3-3-2,3,5,1211,0
1,32,1,16,2,zero0,False,"['A6000', 'A6000', 'A6000', 'A10', 'A10', 'A10', 'A6000', 'A6000']","[4, 3, 3, 3, 3, 3, 2, 2, 2, 1, 2, 2, 3, 3, 3, 3]",232.87489318847656,232.71583097394983,0.11537717282772064,0.04369066655635834,True,185.87069702148438,105007671.91479895,8.400613753183915,3-3-3-3-3-3-2-2-2-1-2-2-3-3-3-2,3,5,1211,0
1,32,1,16,2,zero0,False,"['A6000', 'A10', 'A10', 'A10', 'A6000', 'A6000', 'A6000', 'A6000']","[4, 3, 2, 2, 2, 1, 2, 2, 3, 3, 3, 3, 3, 3, 3, 3]",232.87489318847656,232.71583097394978,0.11537717282772064,0.04369066655635834,True,185.87069702148438,105007671.91479895,8.400613753183915,3-3-2-2-2-1-2-2-3-3-3-3-3-3-3-2,3,5,1211,0
1,32,1,16,2,zero1,False,"['A6000', 'A6000', 'A6000', 'A6000', 'A10', 'A10', 'A10', 'A6000']","[4, 3, 3, 3, 3, 3, 3, 3, 2, 2, 2, 1, 2, 2, 3, 3]",232.87489318847656,232.71583097394983,0.11537717282772064,0.04369066655635834,True,180.34072875976562,105007671.91479895,8.400613753183915,3-3-3-3-3-3-3-3-2-2-2-1-2-2-3-2,3,5,1211,0
1,32,1,16,2,zero1,False,"['A6000', 'A6000', 'A10', 'A10', 'A10', 'A6000', 'A6000', 'A6000']","[4, 3, 3, 3, 2, 2, 2, 1, 2, 2, 3, 3, 3, 3, 3, 3]",232.87489318847656,232.7158309739498,0.11537717282772064,0.04369066655635834,True,180.34072875976562,105007671.91479895,8.400613753183915,3-3-3-3-2-2-2-1-2-2-3-3-3-3-3-2,3,5,1211,0
1,32,1,16,2,zero0,False,"['A6000', 'A6000', 'A10', 'A10', 'A10', 'A6000', 'A6000', 'A6000']","[4, 3, 3, 3, 2, 2, 2, 1, 2, 2, 3, 3, 3, 3, 3, 3]",232.87489318847656,232.7158309739498,0.11537717282772064,0.04369066655635834,True,185.87069702148438,105007671.91479895,8.400613753183915,3-3-3-3-2-2-2-1-2-2-3-3-3-3-3-2,3,5,1211,0
1,32,1,16,2,zero0,False,"['A6000', 'A6000', 'A6000', 'A6000', 'A10', 'A10', 'A10', 'A6000']","[4, 3, 3, 3, 3, 3, 3, 3, 2, 2, 2, 1, 2, 2, 3, 3]",232.87489318847656,232.71583097394983,0.11537717282772064,0.04369066655635834,True,185.87069702148438,105007671.91479895,8.400613753183915,3-3-3-3-3-3-3-3-2-2-2-1-2-2-3-2,3,5,1211,0
1,32,1,16,2,zero1,False,"['A6000', 'A10', 'A10', 'A10', 'A6000', 'A6000', 'A6000', 'A6000']","[4, 3, 2, 2, 2, 1, 2, 2, 3, 3, 3, 3, 3, 3, 3, 3]",232.87489318847656,232.71583097394978,0.11537717282772064,0.04369066655635834,True,180.34072875976562,105007671.91479895,8.400613753183915,3-3-2-2-2-1-2-2-3-3-3-3-3-3-3-2,3,5,1211,0
1,32,1,16,2,zero1,False,"['A10', 'A6000', 'A6000', 'A6000', 'A6000', 'A6000', 'A10', 'A10']","[3, 2, 3, 3, 3, 3, 3, 3, 3, 3, 3, 2, 2, 2, 2, 2]",233.7928009033203,233.66649658674984,0.08260700106620789,0.04369066655635834,True,120.9392318725586,105421573.77793522,8.433725902234817,2-2-3-3-3-3-3-3-3-3-3-2-2-2-2-1,3,5,1219,0
1,32,1,16,2,zero0,False,"['A10', 'A6000', 'A6000', 'A6000', 'A6000', 'A6000', 'A10', 'A10']","[3, 2, 3, 3, 3, 3, 3, 3, 3, 3, 3, 2, 2, 2, 2, 2]",233.7928009033203,233.66649658674984,0.08260700106620789,0.04369066655635834,True,124.93104553222656,105421573.77793522,8.433725902234817,2-2-3-3-3-3-3-3-3-3-3-2-2-2-2-1,3,5,1219,0
1,32,1,16,2,zero0,False,"['A10', 'A10', 'A6000', 'A6000', 'A6000', 'A6000', 'A6000', 'A10']","[3, 2, 2, 2, 3, 3, 3, 3, 3, 3, 3, 3, 3, 2, 2, 2]",233.7928009033203,233.66649658674982,0.08260700106620789,0.04369066655635834,True,124.93104553222656,105421573.77793522,8.433725902234817,2-2-2-2-3-3-3-3-3-3-3-3-3-2-2-1,3,5,1219,0
1,32,1,16,2,zero1,False,"['A10', 'A10', 'A6000', 'A6000', 'A6000', 'A6000', 'A6000', 'A10']","[3, 2, 2, 2, 3, 3, 3, 3, 3, 3, 3, 3, 3, 2, 2, 2]",233.7928009033203,233.66649658674982,0.08260700106620789,0.04369066655635834,True,120.9392318725586,105421573.77793522,8.433725902234817,2-2-2-2-3-3-3-3-3-3-3-3-3-2-2-1,3,5,1219,0
1,32,1,16,2,zero1,False,"['A6000', 'A6000', 'A6000', 'A6000', 'A6000', 'A10', 'A10', 'A10']","[4, 3, 3, 3, 3, 3, 3, 3, 3, 2, 2, 2, 2, 2, 2, 2]",233.81871032714844,233.6596542187499,0.11537717282772064,0.04369066655635834,True,180.34072875976562,105433256.82474029,8.434660545979224,3-3-3-3-3-3-3-3-3-2-2-2-2-2-2-1,3,5,1223,0
1,32,1,16,2,zero0,False,"['A6000', 'A6000', 'A6000', 'A6000', 'A6000', 'A10', 'A10', 'A10']","[4, 3, 3, 3, 3, 3, 3, 3, 3, 2, 2, 2, 2, 2, 2, 2]",233.81871032714844,233.6596542187499,0.11537717282772064,0.04369066655635834,True,185.87069702148438,105433256.82474029,8.434660545979224,3-3-3-3-3-3-3-3-3-2-2-2-2-2-2-1,3,5,1223,0
2,32,1,32,1,zero0,False,"['A10', 'A10', 'A10', 'A6000', 'A6000', 'A6000', 'A6000', 'A6000']","[2, 1, 1, 1, 1, 1, 1, 1, 1, 1, 1, 1, 2, 2, 1, 2, 2, 2, 1, 1, 2, 1, 1, 1, 2, 1, 1, 1, 2, 1, 1, 2]",242.9423828125,242.9205341227498,0.0,0.02184533327817917,True,120.99140167236328,109547292.45083278,8.763783396066623,1-1-1-1-1-1-1-1-1-1-1-1-2-2-1-2-2-2-1-1-2-1-1-1-2-1-1-1-2-1-1-1,3,5,1225,0
2,32,1,32,1,zero1,False,"['A10', 'A10', 'A10', 'A6000', 'A6000', 'A6000', 'A6000', 'A6000']","[2, 1, 1, 1, 1, 1, 1, 1, 1, 1, 1, 1, 2, 2, 1, 2, 2, 2, 1, 1, 2, 1, 1, 1, 2, 1, 1, 1, 2, 1, 1, 2]",242.9423828125,242.9205341227498,0.0,0.02184533327817917,True,120.99140167236328,109547292.45083278,8.763783396066623,1-1-1-1-1-1-1-1-1-1-1-1-2-2-1-2-2-2-1-1-2-1-1-1-2-1-1-1-2-1-1-1,3,5,1225,0
2,32,1,32,1,zero0,False,"['A6000', 'A6000', 'A10', 'A10', 'A10', 'A6000', 'A6000', 'A6000']","[3, 1, 2, 1, 2, 1, 2, 2, 1, 1, 1, 1, 1, 1, 1, 1, 1, 1, 1, 1, 2, 1, 1, 1, 2, 1, 1, 1, 2, 1, 1, 2]",242.97616577148438,242.95431557554983,0.0,0.02184533327817917,True,238.93104553222656,109562525.82281536,8.765002065825229,2-1-2-1-2-1-2-2-1-1-1-1-1-1-1-1-1-1-1-1-2-1-1-1-2-1-1-1-2-1-1-1,3,5,1227,0
2,32,1,32,1,zero1,False,"['A6000', 'A6000', 'A10', 'A10', 'A10', 'A6000', 'A6000', 'A6000']","[3, 1, 2, 1, 2, 1, 2, 2, 1, 1, 1, 1, 1, 1, 1, 1, 1, 1, 1, 1, 2, 1, 1, 1, 2, 1, 1, 1, 2, 1, 1, 2]",242.97616577148438,242.95431557554983,0.0,0.02184533327817917,True,238.93104553222656,109562525.82281536,8.765002065825229,2-1-2-1-2-1-2-2-1-1-1-1-1-1-1-1-1-1-1-1-2-1-1-1-2-1-1-1-2-1-1-1,3,5,1227,0
2,32,1,32,1,zero1,False,"['A6000', 'A6000', 'A6000', 'A6000', 'A10', 'A10', 'A10', 'A6000']","[3, 1, 2, 1, 2, 1, 2, 2, 2, 1, 1, 1, 2, 1, 1, 1, 1, 1, 1, 1, 1, 1, 1, 1, 1, 1, 1, 1, 2, 1, 1, 2]",242.97616577148438,242.9543155755498,0.0,0.02184533327817917,True,238.93104553222656,109562525.82281536,8.765002065825229,2-1-2-1-2-1-2-2-2-1-1-1-2-1-1-1-1-1-1-1-1-1-1-1-1-1-1-1-2-1-1-1,3,5,1227,0
2,32,1,32,1,zero0,False,"['A6000', 'A10', 'A10', 'A10', 'A6000', 'A6000', 'A6000', 'A6000']","[3, 2, 1, 2, 1, 1, 1, 1, 1, 1, 1, 1, 1, 1, 1, 1, 2, 2, 1, 1, 2, 1, 1, 1, 2, 1, 1, 1, 2, 1, 1, 2]",242.97616577148438,242.95431557554983,0.0,0.02184533327817917,True,238.93104553222656,109562525.82281536,8.765002065825229,2-2-1-2-1-1-1-1-1-1-1-1-1-1-1-1-2-2-1-1-2-1-1-1-2-1-1-1-2-1-1-1,3,5,1227,0
2,32,1,32,1,zero1,False,"['A6000', 'A10', 'A10', 'A10', 'A6000', 'A6000', 'A6000', 'A6000']","[3, 2, 1, 2, 1, 1, 1, 1, 1, 1, 1, 1, 1, 1, 1, 1, 2, 2, 1, 1, 2, 1, 1, 1, 2, 1, 1, 1, 2, 1, 1, 2]",242.97616577148438,242.95431557554983,0.0,0.02184533327817917,True,238.93104553222656,109562525.82281536,8.765002065825229,2-2-1-2-1-1-1-1-1-1-1-1-1-1-1-1-2-2-1-1-2-1-1-1-2-1-1-1-2-1-1-1,3,5,1227,0
2,32,1,32,1,zero0,False,"['A6000', 'A6000', 'A6000', 'A6000', 'A10', 'A10', 'A10', 'A6000']","[3, 1, 2, 1, 2, 1, 2, 2, 2, 1, 1, 1, 2, 1, 1, 1, 1, 1, 1, 1, 1, 1, 1, 1, 1, 1, 1, 1, 2, 1, 1, 2]",242.97616577148438,242.9543155755498,0.0,0.02184533327817917,True,238.93104553222656,109562525.82281536,8.765002065825229,2-1-2-1-2-1-2-2-2-1-1-1-2-1-1-1-1-1-1-1-1-1-1-1-1-1-1-1-2-1-1-1,3,5,1227,0
2,32,1,32,1,zero0,False,"['A6000', 'A6000', 'A6000', 'A10', 'A10', 'A10', 'A6000', 'A6000']","[3, 1, 2, 1, 2, 1, 2, 2, 2, 1, 1, 1, 1, 1, 1, 1, 1, 1, 1, 1, 1, 1, 1, 1, 2, 1, 1, 1, 2, 1, 1, 2]",242.97616577148438,242.9543155755498,0.0,0.02184533327817917,True,238.93104553222656,109562525.82281536,8.765002065825229,2-1-2-1-2-1-2-2-2-1-1-1-1-1-1-1-1-1-1-1-1-1-1-1-2-1-1-1-2-1-1-1,3,5,1227,0
2,32,1,32,1,zero1,False,"['A6000', 'A6000', 'A6000', 'A10', 'A10', 'A10', 'A6000', 'A6000']","[3, 1, 2, 1, 2, 1, 2, 2, 2, 1, 1, 1, 1, 1, 1, 1, 1, 1, 1, 1, 1, 1, 1, 1, 2, 1, 1, 1, 2, 1, 1, 2]",242.97616577148438,242.9543155755498,0.0,0.02184533327817917,True,238.93104553222656,109562525.82281536,8.765002065825229,2-1-2-1-2-1-2-2-2-1-1-1-1-1-1-1-1-1-1-1-1-1-1-1-2-1-1-1-2-1-1-1,3,5,1227,0
2,32,1,32,1,zero1,False,"['A6000', 'A6000', 'A6000', 'A6000', 'A6000', 'A10', 'A10', 'A10']","[3, 1, 2, 1, 2, 1, 2, 2, 2, 1, 1, 1, 2, 1, 1, 1, 2, 1, 1, 1, 1, 1, 1, 1, 1, 1, 1, 1, 1, 1, 1, 2]",246.53448486328125,246.51264117452476,0.0,0.02184533327817917,True,238.93104553222656,111167038.86689503,8.893363109351602,2-1-2-1-2-1-2-2-2-1-1-1-2-1-1-1-2-1-1-1-1-1-1-1-1-1-1-1-1-1-1-1,3,5,1235,0
2,32,1,32,1,zero0,False,"['A6000', 'A6000', 'A6000', 'A6000', 'A6000', 'A10', 'A10', 'A10']","[3, 1, 2, 1, 2, 1, 2, 2, 2, 1, 1, 1, 2, 1, 1, 1, 2, 1, 1, 1, 1, 1, 1, 1, 1, 1, 1, 1, 1, 1, 1, 2]",246.53448486328125,246.51264117452476,0.0,0.02184533327817917,True,238.93104553222656,111167038.86689503,8.893363109351602,2-1-2-1-2-1-2-2-2-1-1-1-2-1-1-1-2-1-1-1-1-1-1-1-1-1-1-1-1-1-1-1,3,5,1235,0
2,32,1,32,1,zero1,False,"['A10', 'A10', 'A6000', 'A6000', 'A6000', 'A6000', 'A6000', 'A10']","[2, 1, 1, 1, 1, 1, 1, 1, 2, 2, 1, 2, 2, 2, 1, 1, 2, 1, 1, 1, 2, 1, 1, 1, 2, 1, 1, 1, 1, 1, 1, 2]",246.5413360595703,246.51948354252477,0.0,0.02184533327817917,True,120.99140167236328,111170128.20023748,8.893610256018999,1-1-1-1-1-1-1-1-2-2-1-2-2-2-1-1-2-1-1-1-2-1-1-1-2-1-1-1-1-1-1-1,3,5,1237,0
2,32,1,32,1,zero0,False,"['A10', 'A10', 'A6000', 'A6000', 'A6000', 'A6000', 'A6000', 'A10']","[2, 1, 1, 1, 1, 1, 1, 1, 2, 2, 1, 2, 2, 2, 1, 1, 2, 1, 1, 1, 2, 1, 1, 1, 2, 1, 1, 1, 1, 1, 1, 2]",246.5413360595703,246.51948354252477,0.0,0.02184533327817917,True,120.99140167236328,111170128.20023748,8.893610256018999,1-1-1-1-1-1-1-1-2-2-1-2-2-2-1-1-2-1-1-1-2-1-1-1-2-1-1-1-1-1-1-1,3,5,1237,0
2,32,1,32,1,zero0,False,"['A10', 'A6000', 'A6000', 'A6000', 'A6000', 'A6000', 'A10', 'A10']","[2, 1, 1, 1, 2, 2, 1, 2, 2, 2, 1, 1, 2, 1, 1, 1, 2, 1, 1, 1, 2, 1, 1, 1, 1, 1, 1, 1, 1, 1, 1, 2]",246.5413360595703,246.5194835425247,0.0,0.02184533327817917,True,120.99140167236328,111170128.20023748,8.893610256018999,1-1-1-1-2-2-1-2-2-2-1-1-2-1-1-1-2-1-1-1-2-1-1-1-1-1-1-1-1-1-1-1,3,5,1237,0
2,32,1,32,1,zero1,False,"['A10', 'A6000', 'A6000', 'A6000', 'A6000', 'A6000', 'A10', 'A10']","[2, 1, 1, 1, 2, 2, 1, 2, 2, 2, 1, 1, 2, 1, 1, 1, 2, 1, 1, 1, 2, 1, 1, 1, 1, 1, 1, 1, 1, 1, 1, 2]",246.5413360595703,246.5194835425247,0.0,0.02184533327817917,True,120.99140167236328,111170128.20023748,8.893610256018999,1-1-1-1-2-2-1-2-2-2-1-1-2-1-1-1-2-1-1-1-2-1-1-1-1-1-1-1-1-1-1-1,3,5,1237,0
1,64,2,16,1,zero1,False,"['A6000', 'A10', 'A10', 'A10', 'A6000', 'A6000', 'A6000', 'A6000']","[4, 3, 2, 2, 2, 1, 2, 2, 3, 3, 3, 3, 3, 3, 3, 3]",309.15692138671875,309.14598550629967,0.0,0.010922666639089584,True,204.19345092773438,139404674.0147781,11.15237392118225,3-3-2-2-2-1-2-2-3-3-3-3-3-3-3-2,3,5,1241,0
1,64,2,16,1,zero0,False,"['A6000', 'A10', 'A10', 'A10', 'A6000', 'A6000', 'A6000', 'A6000']","[4, 3, 2, 2, 2, 1, 2, 2, 3, 3, 3, 3, 3, 3, 3, 3]",309.15692138671875,309.14598550629967,0.0,0.010922666639089584,True,204.19345092773438,139404674.0147781,11.15237392118225,3-3-2-2-2-1-2-2-3-3-3-3-3-3-3-2,3,5,1241,0
1,64,2,16,1,zero1,False,"['A6000', 'A6000', 'A10', 'A10', 'A10', 'A6000', 'A6000', 'A6000']","[4, 3, 3, 3, 2, 2, 2, 1, 2, 2, 3, 3, 3, 3, 3, 3]",309.15692138671875,309.1459855062996,0.0,0.010922666639089584,True,204.19345092773438,139404674.0147781,11.15237392118225,3-3-3-3-2-2-2-1-2-2-3-3-3-3-3-2,3,5,1241,0
1,64,2,16,1,zero0,False,"['A6000', 'A6000', 'A10', 'A10', 'A10', 'A6000', 'A6000', 'A6000']","[4, 3, 3, 3, 2, 2, 2, 1, 2, 2, 3, 3, 3, 3, 3, 3]",309.15692138671875,309.1459855062996,0.0,0.010922666639089584,True,204.19345092773438,139404674.0147781,11.15237392118225,3-3-3-3-2-2-2-1-2-2-3-3-3-3-3-2,3,5,1241,0
1,64,2,16,1,zero1,False,"['A6000', 'A6000', 'A6000', 'A6000', 'A10', 'A10', 'A10', 'A6000']","[4, 3, 3, 3, 3, 3, 3, 3, 2, 2, 2, 1, 2, 2, 3, 3]",309.15692138671875,309.14598550629967,0.0,0.010922666639089584,True,204.19345092773438,139404674.0147781,11.15237392118225,3-3-3-3-3-3-3-3-2-2-2-1-2-2-3-2,3,5,1241,0
1,64,2,16,1,zero0,False,"['A6000', 'A6000', 'A6000', 'A6000', 'A10', 'A10', 'A10', 'A6000']","[4, 3, 3, 3, 3, 3, 3, 3, 2, 2, 2, 1, 2, 2, 3, 3]",309.15692138671875,309.14598550629967,0.0,0.010922666639089584,True,204.19345092773438,139404674.0147781,11.15237392118225,3-3-3-3-3-3-3-3-2-2-2-1-2-2-3-2,3,5,1241,0
1,64,2,16,1,zero1,False,"['A6000', 'A6000', 'A6000', 'A10', 'A10', 'A10', 'A6000', 'A6000']","[4, 3, 3, 3, 3, 3, 2, 2, 2, 1, 2, 2, 3, 3, 3, 3]",309.15692138671875,309.1459855062996,0.0,0.010922666639089584,True,204.19345092773438,139404674.0147781,11.15237392118225,3-3-3-3-3-3-2-2-2-1-2-2-3-3-3-2,3,5,1241,0
1,64,2,16,1,zero0,False,"['A6000', 'A6000', 'A6000', 'A10', 'A10', 'A10', 'A6000', 'A6000']","[4, 3, 3, 3, 3, 3, 2, 2, 2, 1, 2, 2, 3, 3, 3, 3]",309.15692138671875,309.1459855062996,0.0,0.010922666639089584,True,204.19345092773438,139404674.0147781,11.15237392118225,3-3-3-3-3-3-2-2-2-1-2-2-3-3-3-2,3,5,1241,0
1,64,2,16,1,zero0,False,"['A10', 'A10', 'A10', 'A6000', 'A6000', 'A6000', 'A6000', 'A6000']","[2, 2, 2, 2, 2, 2, 3, 3, 3, 3, 3, 3, 3, 3, 3, 3]",309.198974609375,309.1880489686997,0.0,0.010922666639089584,True,69.08173370361328,139423636.60429212,11.153890928343369,1-2-2-2-2-2-3-3-3-3-3-3-3-3-3-2,3,5,1249,0
1,64,2,16,1,zero1,False,"['A10', 'A10', 'A10', 'A6000', 'A6000', 'A6000', 'A6000', 'A6000']","[2, 2, 2, 2, 2, 2, 3, 3, 3, 3, 3, 3, 3, 3, 3, 3]",309.198974609375,309.1880489686997,0.0,0.010922666639089584,True,69.08173370361328,139423636.60429212,11.153890928343369,1-2-2-2-2-2-3-3-3-3-3-3-3-3-3-2,3,5,1249,0
1,64,2,16,1,zero0,False,"['A6000', 'A6000', 'A6000', 'A6000', 'A6000', 'A10', 'A10', 'A10']","[3, 3, 3, 3, 3, 3, 3, 3, 3, 3, 2, 2, 2, 2, 2, 2]",309.8503112792969,309.83938219109973,0.0,0.010922666639089584,True,136.63758850097656,139717336.56655416,11.177386925324333,2-3-3-3-3-3-3-3-3-3-2-2-2-2-2-1,3,5,1251,0
1,64,2,16,1,zero1,False,"['A6000', 'A6000', 'A6000', 'A6000', 'A6000', 'A10', 'A10', 'A10']","[3, 3, 3, 3, 3, 3, 3, 3, 3, 3, 2, 2, 2, 2, 2, 2]",309.8503112792969,309.83938219109973,0.0,0.010922666639089584,True,136.63758850097656,139717336.56655416,11.177386925324333,2-3-3-3-3-3-3-3-3-3-2-2-2-2-2-1,3,5,1251,0
1,64,2,16,1,zero1,False,"['A10', 'A6000', 'A6000', 'A6000', 'A6000', 'A6000', 'A10', 'A10']","[3, 2, 3, 3, 3, 3, 3, 3, 3, 3, 3, 2, 2, 2, 2, 2]",309.8923645019531,309.8814456534997,0.0,0.010922666639089584,True,136.63758850097656,139736299.15606815,11.178903932485452,2-2-3-3-3-3-3-3-3-3-3-2-2-2-2-1,3,5,1253,0
1,64,2,16,1,zero0,False,"['A10', 'A6000', 'A6000', 'A6000', 'A6000', 'A6000', 'A10', 'A10']","[3, 2, 3, 3, 3, 3, 3, 3, 3, 3, 3, 2, 2, 2, 2, 2]",309.8923645019531,309.8814456534997,0.0,0.010922666639089584,True,136.63758850097656,139736299.15606815,11.178903932485452,2-2-3-3-3-3-3-3-3-3-3-2-2-2-2-1,3,5,1253,0
1,64,2,16,1,zero0,False,"['A10', 'A10', 'A6000', 'A6000', 'A6000', 'A6000', 'A6000', 'A10']","[3, 2, 2, 2, 3, 3, 3, 3, 3, 3, 3, 3, 3, 2, 2, 2]",309.8923645019531,309.8814456534997,0.0,0.010922666639089584,True,136.63758850097656,139736299.15606815,11.178903932485452,2-2-2-2-3-3-3-3-3-3-3-3-3-2-2-1,3,5,1253,0
1,64,2,16,1,zero1,False,"['A10', 'A10', 'A6000', 'A6000', 'A6000', 'A6000', 'A6000', 'A10']","[3, 2, 2, 2, 3, 3, 3, 3, 3, 3, 3, 3, 3, 2, 2, 2]",309.8923645019531,309.8814456534997,0.0,0.010922666639089584,True,136.63758850097656,139736299.15606815,11.178903932485452,2-2-2-2-3-3-3-3-3-3-3-3-3-2-2-1,3,5,1253,0
1,64,1,32,1,zero1,False,"['A6000', 'A10', 'A10', 'A10', 'A6000', 'A6000', 'A6000', 'A6000']","[3, 2, 1, 2, 1, 1, 1, 1, 1, 1, 1, 1, 1, 1, 1, 1, 2, 2, 1, 1, 2, 1, 1, 1, 2, 1, 1, 1, 2, 1, 1, 2]",470.7048645019531,470.6830202838997,0.0,0.02184533327817917,True,238.93104553222656,212249681.80797786,16.979974544638228,2-2-1-2-1-1-1-1-1-1-1-1-1-1-1-1-2-2-1-1-2-1-1-1-2-1-1-1-2-1-1-1,3,5,1257,0
1,64,1,32,1,zero0,False,"['A6000', 'A10', 'A10', 'A10', 'A6000', 'A6000', 'A6000', 'A6000']","[3, 2, 1, 2, 1, 1, 1, 1, 1, 1, 1, 1, 1, 1, 1, 1, 2, 2, 1, 1, 2, 1, 1, 1, 2, 1, 1, 1, 2, 1, 1, 2]",470.7048645019531,470.6830202838997,0.0,0.02184533327817917,True,238.93104553222656,212249681.80797786,16.979974544638228,2-2-1-2-1-1-1-1-1-1-1-1-1-1-1-1-2-2-1-1-2-1-1-1-2-1-1-1-2-1-1-1,3,5,1257,0
1,64,1,32,1,zero0,False,"['A6000', 'A6000', 'A6000', 'A6000', 'A10', 'A10', 'A10', 'A6000']","[3, 1, 2, 1, 2, 1, 2, 2, 2, 1, 1, 1, 2, 1, 1, 1, 1, 1, 1, 1, 1, 1, 1, 1, 1, 1, 1, 1, 2, 1, 1, 2]",470.7048645019531,470.6830202838996,0.0,0.02184533327817917,True,238.93104553222656,212249681.80797786,16.979974544638228,2-1-2-1-2-1-2-2-2-1-1-1-2-1-1-1-1-1-1-1-1-1-1-1-1-1-1-1-2-1-1-1,3,5,1257,0
1,64,1,32,1,zero1,False,"['A6000', 'A6000', 'A6000', 'A6000', 'A10', 'A10', 'A10', 'A6000']","[3, 1, 2, 1, 2, 1, 2, 2, 2, 1, 1, 1, 2, 1, 1, 1, 1, 1, 1, 1, 1, 1, 1, 1, 1, 1, 1, 1, 2, 1, 1, 2]",470.7048645019531,470.6830202838996,0.0,0.02184533327817917,True,238.93104553222656,212249681.80797786,16.979974544638228,2-1-2-1-2-1-2-2-2-1-1-1-2-1-1-1-1-1-1-1-1-1-1-1-1-1-1-1-2-1-1-1,3,5,1257,0
1,64,1,32,1,zero0,False,"['A6000', 'A6000', 'A6000', 'A10', 'A10', 'A10', 'A6000', 'A6000']","[3, 1, 2, 1, 2, 1, 2, 2, 2, 1, 1, 1, 1, 1, 1, 1, 1, 1, 1, 1, 1, 1, 1, 1, 2, 1, 1, 1, 2, 1, 1, 2]",470.7048645019531,470.6830202838996,0.0,0.02184533327817917,True,238.93104553222656,212249681.80797786,16.979974544638228,2-1-2-1-2-1-2-2-2-1-1-1-1-1-1-1-1-1-1-1-1-1-1-1-2-1-1-1-2-1-1-1,3,5,1257,0
1,64,1,32,1,zero1,False,"['A6000', 'A6000', 'A6000', 'A10', 'A10', 'A10', 'A6000', 'A6000']","[3, 1, 2, 1, 2, 1, 2, 2, 2, 1, 1, 1, 1, 1, 1, 1, 1, 1, 1, 1, 1, 1, 1, 1, 2, 1, 1, 1, 2, 1, 1, 2]",470.7048645019531,470.6830202838996,0.0,0.02184533327817917,True,238.93104553222656,212249681.80797786,16.979974544638228,2-1-2-1-2-1-2-2-2-1-1-1-1-1-1-1-1-1-1-1-1-1-1-1-2-1-1-1-2-1-1-1,3,5,1257,0
1,64,1,32,1,zero1,False,"['A6000', 'A6000', 'A10', 'A10', 'A10', 'A6000', 'A6000', 'A6000']","[3, 1, 2, 1, 2, 1, 2, 2, 1, 1, 1, 1, 1, 1, 1, 1, 1, 1, 1, 1, 2, 1, 1, 1, 2, 1, 1, 1, 2, 1, 1, 2]",470.7048645019531,470.6830202838997,0.0,0.02184533327817917,True,238.93104553222656,212249681.80797786,16.979974544638228,2-1-2-1-2-1-2-2-1-1-1-1-1-1-1-1-1-1-1-1-2-1-1-1-2-1-1-1-2-1-1-1,3,5,1257,0
1,64,1,32,1,zero0,False,"['A6000', 'A6000', 'A10', 'A10', 'A10', 'A6000', 'A6000', 'A6000']","[3, 1, 2, 1, 2, 1, 2, 2, 1, 1, 1, 1, 1, 1, 1, 1, 1, 1, 1, 1, 2, 1, 1, 1, 2, 1, 1, 1, 2, 1, 1, 2]",470.7048645019531,470.6830202838997,0.0,0.02184533327817917,True,238.93104553222656,212249681.80797786,16.979974544638228,2-1-2-1-2-1-2-2-1-1-1-1-1-1-1-1-1-1-1-1-2-1-1-1-2-1-1-1-2-1-1-1,3,5,1257,0
1,64,1,32,1,zero1,False,"['A10', 'A10', 'A10', 'A6000', 'A6000', 'A6000', 'A6000', 'A6000']","[2, 1, 1, 1, 1, 1, 1, 1, 1, 1, 1, 1, 2, 2, 1, 2, 2, 2, 1, 1, 2, 1, 1, 1, 2, 1, 1, 1, 2, 1, 1, 2]",470.71856689453125,470.6967050198997,0.0,0.02184533327817917,True,120.99140167236328,212255860.47466275,16.98046883797302,1-1-1-1-1-1-1-1-1-1-1-1-2-2-1-2-2-2-1-1-2-1-1-1-2-1-1-1-2-1-1-1,3,5,1265,0
1,64,1,32,1,zero0,False,"['A10', 'A10', 'A10', 'A6000', 'A6000', 'A6000', 'A6000', 'A6000']","[2, 1, 1, 1, 1, 1, 1, 1, 1, 1, 1, 1, 2, 2, 1, 2, 2, 2, 1, 1, 2, 1, 1, 1, 2, 1, 1, 1, 2, 1, 1, 2]",470.71856689453125,470.6967050198997,0.0,0.02184533327817917,True,120.99140167236328,212255860.47466275,16.98046883797302,1-1-1-1-1-1-1-1-1-1-1-1-2-2-1-2-2-2-1-1-2-1-1-1-2-1-1-1-2-1-1-1,3,5,1265,0
1,64,1,32,1,zero1,False,"['A6000', 'A6000', 'A6000', 'A6000', 'A6000', 'A10', 'A10', 'A10']","[3, 1, 2, 1, 2, 1, 2, 2, 2, 1, 1, 1, 2, 1, 1, 1, 2, 1, 1, 1, 1, 1, 1, 1, 1, 1, 1, 1, 1, 1, 1, 2]",472.592529296875,472.5706667734996,0.0,0.02184533327817917,True,238.93104553222656,213100865.38881084,17.04806923110487,2-1-2-1-2-1-2-2-2-1-1-1-2-1-1-1-2-1-1-1-1-1-1-1-1-1-1-1-1-1-1-1,3,5,1267,0
1,64,1,32,1,zero0,False,"['A6000', 'A6000', 'A6000', 'A6000', 'A6000', 'A10', 'A10', 'A10']","[3, 1, 2, 1, 2, 1, 2, 2, 2, 1, 1, 1, 2, 1, 1, 1, 2, 1, 1, 1, 1, 1, 1, 1, 1, 1, 1, 1, 1, 1, 1, 2]",472.592529296875,472.5706667734996,0.0,0.02184533327817917,True,238.93104553222656,213100865.38881084,17.04806923110487,2-1-2-1-2-1-2-2-2-1-1-1-2-1-1-1-2-1-1-1-1-1-1-1-1-1-1-1-1-1-1-1,3,5,1267,0
1,64,1,32,1,zero0,False,"['A10', 'A6000', 'A6000', 'A6000', 'A6000', 'A6000', 'A10', 'A10']","[2, 1, 1, 1, 2, 2, 1, 2, 2, 2, 1, 1, 2, 1, 1, 1, 2, 1, 1, 1, 2, 1, 1, 1, 1, 1, 1, 1, 1, 1, 1, 2]",472.606201171875,472.5843515094996,0.0,0.02184533327817917,True,120.99140167236328,213107030.29454547,17.048562423563638,1-1-1-1-2-2-1-2-2-2-1-1-2-1-1-1-2-1-1-1-2-1-1-1-1-1-1-1-1-1-1-1,3,5,1269,0
1,64,1,32,1,zero1,False,"['A10', 'A6000', 'A6000', 'A6000', 'A6000', 'A6000', 'A10', 'A10']","[2, 1, 1, 1, 2, 2, 1, 2, 2, 2, 1, 1, 2, 1, 1, 1, 2, 1, 1, 1, 2, 1, 1, 1, 1, 1, 1, 1, 1, 1, 1, 2]",472.606201171875,472.5843515094996,0.0,0.02184533327817917,True,120.99140167236328,213107030.29454547,17.048562423563638,1-1-1-1-2-2-1-2-2-2-1-1-2-1-1-1-2-1-1-1-2-1-1-1-1-1-1-1-1-1-1-1,3,5,1269,0
1,64,1,32,1,zero0,False,"['A10', 'A10', 'A6000', 'A6000', 'A6000', 'A6000', 'A6000', 'A10']","[2, 1, 1, 1, 1, 1, 1, 1, 2, 2, 1, 2, 2, 2, 1, 1, 2, 1, 1, 1, 2, 1, 1, 1, 2, 1, 1, 1, 1, 1, 1, 2]",472.606201171875,472.5843515094996,0.0,0.02184533327817917,True,120.99140167236328,213107030.29454547,17.048562423563638,1-1-1-1-1-1-1-1-2-2-1-2-2-2-1-1-2-1-1-1-2-1-1-1-2-1-1-1-1-1-1-1,3,5,1269,0
1,64,1,32,1,zero1,False,"['A10', 'A10', 'A6000', 'A6000', 'A6000', 'A6000', 'A6000', 'A10']","[2, 1, 1, 1, 1, 1, 1, 1, 2, 2, 1, 2, 2, 2, 1, 1, 2, 1, 1, 1, 2, 1, 1, 1, 2, 1, 1, 1, 1, 1, 1, 2]",472.606201171875,472.5843515094996,0.0,0.02184533327817917,True,120.99140167236328,213107030.29454547,17.048562423563638,1-1-1-1-1-1-1-1-2-2-1-2-2-2-1-1-2-1-1-1-2-1-1-1-2-1-1-1-1-1-1-1,3,5,1269,0
